order_id,order_date,region,segment,category,sub_category,quantity,discount,sales,profit
ORD-104388,2023-01-01,Abu Dhabi,Consumer,Technology,Phones,5,0.0,3027.13,484.34
ORD-105038,2023-01-01,Abu Dhabi,Consumer,Furniture,Tables,1,0.2,474.35,75.9
ORD-104501,2023-01-01,Sharjah,SMB,Furniture,Storage,8,0.3,3817.29,381.73
ORD-105288,2023-01-01,Abu Dhabi,SMB,Office Supplies,Storage,8,0.0,499.1,209.62
ORD-100382,2023-01-01,Dubai,SMB,Technology,Phones,2,0.1,1196.19,119.62
ORD-101623,2023-01-01,Dubai,Consumer,Furniture,Storage,6,0.0,3083.61,863.41
ORD-103129,2023-01-01,Sharjah,Consumer,Office Supplies,Binders,1,0.0,40.5,17.01
ORD-103496,2023-01-02,Dubai,SMB,Office Supplies,Pens,2,0.1,62.77,22.6
ORD-103375,2023-01-02,Northern Emirates,Consumer,Furniture,Storage,6,0.1,2427.18,533.98
ORD-103174,2023-01-02,Northern Emirates,SMB,Furniture,Bookcases,2,0.0,651.49,182.42
ORD-103109,2023-01-02,Abu Dhabi,Consumer,Office Supplies,Storage,1,0.15,17.19,5.67
ORD-104444,2023-01-02,Abu Dhabi,Corporate,Technology,Accessories,2,0.0,1374.7,219.95
ORD-103193,2023-01-02,Dubai,Consumer,Furniture,Tables,5,0.1,3577.57,787.07
ORD-102991,2023-01-02,Dubai,Consumer,Furniture,Storage,5,0.0,2138.29,598.72
ORD-102171,2023-01-02,Dubai,Consumer,Office Supplies,Paper,8,0.0,648.02,272.17
ORD-103946,2023-01-02,Abu Dhabi,Corporate,Technology,Phones,6,0.1,4811.25,481.12
ORD-101032,2023-01-02,Abu Dhabi,SMB,Office Supplies,Paper,5,0.1,237.83,85.62
ORD-105193,2023-01-02,Sharjah,Consumer,Office Supplies,Paper,3,0.0,174.34,73.22
ORD-100270,2023-01-03,Sharjah,SMB,Technology,Monitors,1,0.0,722.87,115.66
ORD-101630,2023-01-03,Abu Dhabi,SMB,Technology,Monitors,3,0.0,2037.85,326.06
ORD-104692,2023-01-03,Dubai,Consumer,Technology,Accessories,6,0.15,3808.44,266.59
ORD-101269,2023-01-03,Dubai,Corporate,Office Supplies,Pens,4,0.1,142.07,51.15
ORD-102244,2023-01-03,Abu Dhabi,SMB,Office Supplies,Paper,2,0.0,99.15,41.64
ORD-104599,2023-01-03,Dubai,Consumer,Furniture,Bookcases,5,0.0,2590.35,725.3
ORD-101989,2023-01-03,Dubai,Consumer,Furniture,Bookcases,4,0.0,1514.51,424.06
ORD-102246,2023-01-04,Northern Emirates,Consumer,Technology,Accessories,3,0.0,1011.94,161.91
ORD-103447,2023-01-04,Abu Dhabi,Consumer,Furniture,Bookcases,2,0.0,1079.41,302.23
ORD-105151,2023-01-04,Dubai,Corporate,Office Supplies,Storage,4,0.15,73.67,24.31
ORD-105323,2023-01-04,Sharjah,Consumer,Technology,Laptops,8,0.3,8475.75,-169.51
ORD-100212,2023-01-04,Abu Dhabi,Consumer,Office Supplies,Pens,6,0.2,184.48,55.34
ORD-104944,2023-01-05,Sharjah,Consumer,Office Supplies,Pens,4,0.3,138.16,33.16
ORD-101711,2023-01-05,Sharjah,Corporate,Furniture,Bookcases,3,0.0,775.38,217.11
ORD-100023,2023-01-05,Dubai,SMB,Office Supplies,Pens,4,0.0,212.27,89.15
ORD-101942,2023-01-05,Dubai,Consumer,Office Supplies,Paper,7,0.2,197.2,59.16
ORD-104717,2023-01-05,Abu Dhabi,Consumer,Technology,Monitors,2,0.1,1054.75,105.48
ORD-103698,2023-01-05,Sharjah,Consumer,Furniture,Chairs,2,0.15,1641.46,311.88
ORD-100994,2023-01-05,Abu Dhabi,Corporate,Office Supplies,Paper,4,0.0,198.83,83.51
ORD-103636,2023-01-06,Dubai,Corporate,Furniture,Chairs,3,0.0,935.63,261.98
ORD-103241,2023-01-06,Dubai,Consumer,Office Supplies,Storage,5,0.3,268.85,64.52
ORD-102557,2023-01-06,Abu Dhabi,Corporate,Office Supplies,Storage,3,0.3,51.59,12.38
ORD-100717,2023-01-06,Abu Dhabi,SMB,Office Supplies,Storage,8,0.15,450.81,148.77
ORD-103641,2023-01-06,Abu Dhabi,SMB,Technology,Monitors,2,0.2,1726.48,69.06
ORD-100644,2023-01-06,Dubai,SMB,Office Supplies,Pens,7,0.0,310.63,130.46
ORD-105250,2023-01-06,Dubai,Corporate,Office Supplies,Binders,7,0.1,416.43,149.91
ORD-100543,2023-01-06,Sharjah,SMB,Office Supplies,Paper,1,0.0,41.18,17.3
ORD-103135,2023-01-06,Abu Dhabi,Consumer,Office Supplies,Pens,7,0.0,326.06,136.95
ORD-102245,2023-01-06,Dubai,Consumer,Office Supplies,Paper,1,0.2,28.38,8.51
ORD-103674,2023-01-06,Dubai,Consumer,Technology,Laptops,1,0.0,684.31,109.49
ORD-101927,2023-01-06,Sharjah,Corporate,Technology,Monitors,2,0.0,1174.07,187.85
ORD-104207,2023-01-06,Abu Dhabi,Consumer,Technology,Laptops,3,0.1,1488.4,148.84
ORD-105518,2023-01-06,Sharjah,Consumer,Technology,Monitors,3,0.0,727.89,116.46
ORD-105602,2023-01-06,Dubai,Consumer,Technology,Phones,7,0.0,7024.47,1123.92
ORD-102072,2023-01-06,Dubai,Corporate,Technology,Laptops,3,0.2,2439.67,97.59
ORD-100731,2023-01-07,Sharjah,Consumer,Office Supplies,Binders,1,0.1,34.08,12.27
ORD-102716,2023-01-07,Dubai,SMB,Office Supplies,Binders,3,0.1,105.94,38.14
ORD-102702,2023-01-07,Abu Dhabi,Corporate,Technology,Laptops,7,0.1,7462.85,746.29
ORD-105459,2023-01-08,Abu Dhabi,Consumer,Furniture,Bookcases,3,0.0,1642.74,459.97
ORD-100537,2023-01-08,Northern Emirates,Consumer,Furniture,Bookcases,3,0.15,1640.49,311.69
ORD-101692,2023-01-08,Sharjah,Consumer,Technology,Laptops,3,0.0,1475.6,236.1
ORD-101056,2023-01-08,Dubai,Consumer,Technology,Monitors,8,0.1,6197.45,619.74
ORD-101718,2023-01-08,Abu Dhabi,Consumer,Office Supplies,Pens,4,0.0,91.29,38.34
ORD-105421,2023-01-08,Dubai,Consumer,Technology,Phones,5,0.0,5394.3,863.09
ORD-100646,2023-01-08,Abu Dhabi,Corporate,Technology,Phones,4,0.0,2764.55,442.33
ORD-104166,2023-01-08,Dubai,Consumer,Technology,Phones,8,0.0,5782.1,925.14
ORD-105205,2023-01-09,Dubai,Corporate,Technology,Monitors,5,0.1,3470.11,347.01
ORD-103408,2023-01-09,Dubai,Consumer,Technology,Monitors,1,0.0,470.69,75.31
ORD-102836,2023-01-09,Dubai,Consumer,Technology,Monitors,6,0.15,2694.79,188.64
ORD-103919,2023-01-09,Dubai,Corporate,Furniture,Tables,5,0.2,563.63,90.18
ORD-101576,2023-01-10,Dubai,Consumer,Furniture,Bookcases,6,0.0,2524.2,706.78
ORD-100393,2023-01-10,Northern Emirates,Corporate,Technology,Accessories,8,0.0,4606.4,737.02
ORD-102742,2023-01-10,Northern Emirates,Corporate,Office Supplies,Paper,5,0.0,352.22,147.93
ORD-103237,2023-01-10,Dubai,Corporate,Furniture,Tables,7,0.15,1489.01,282.91
ORD-100523,2023-01-10,Abu Dhabi,Corporate,Furniture,Tables,7,0.15,2224.06,422.57
ORD-101089,2023-01-10,Abu Dhabi,Consumer,Furniture,Tables,3,0.0,1068.75,299.25
ORD-104753,2023-01-10,Abu Dhabi,Consumer,Furniture,Tables,5,0.1,1126.81,247.9
ORD-104118,2023-01-10,Abu Dhabi,SMB,Technology,Laptops,8,0.0,4673.63,747.78
ORD-102220,2023-01-10,Dubai,SMB,Technology,Phones,8,0.15,1830.85,128.16
ORD-104737,2023-01-11,Abu Dhabi,Consumer,Office Supplies,Storage,5,0.0,253.64,106.53
ORD-104458,2023-01-11,Dubai,Consumer,Furniture,Tables,2,0.0,918.65,257.22
ORD-102183,2023-01-11,Dubai,Corporate,Furniture,Bookcases,1,0.0,329.36,92.22
ORD-104936,2023-01-11,Sharjah,Corporate,Technology,Accessories,2,0.0,653.27,104.52
ORD-102808,2023-01-11,Northern Emirates,Consumer,Technology,Monitors,5,0.1,3214.09,321.41
ORD-104399,2023-01-11,Northern Emirates,Consumer,Technology,Monitors,6,0.15,3842.78,268.99
ORD-102871,2023-01-11,Abu Dhabi,Consumer,Technology,Laptops,8,0.2,3904.66,156.19
ORD-102310,2023-01-12,Abu Dhabi,Consumer,Technology,Laptops,7,0.2,3426.36,137.05
ORD-105601,2023-01-12,Dubai,Consumer,Technology,Monitors,3,0.0,2787.24,445.96
ORD-100347,2023-01-12,Dubai,SMB,Furniture,Tables,8,0.0,4786.38,1340.19
ORD-103431,2023-01-12,Dubai,Consumer,Office Supplies,Binders,4,0.1,248.83,89.58
ORD-103998,2023-01-12,Dubai,Corporate,Furniture,Tables,8,0.1,3633.76,799.43
ORD-104203,2023-01-12,Dubai,Consumer,Furniture,Tables,8,0.3,5606.68,560.67
ORD-104408,2023-01-13,Abu Dhabi,Consumer,Office Supplies,Storage,4,0.2,119.07,35.72
ORD-103194,2023-01-13,Sharjah,Consumer,Office Supplies,Pens,4,0.1,118.25,42.57
ORD-102360,2023-01-13,Dubai,Consumer,Technology,Phones,2,0.1,1234.7,123.47
ORD-103723,2023-01-13,Sharjah,Consumer,Furniture,Tables,4,0.2,1905.87,304.94
ORD-101793,2023-01-13,Northern Emirates,Consumer,Furniture,Tables,2,0.0,683.41,191.35
ORD-103982,2023-01-13,Sharjah,Corporate,Office Supplies,Binders,2,0.1,49.87,17.95
ORD-100264,2023-01-13,Sharjah,Consumer,Technology,Laptops,1,0.0,687.91,110.07
ORD-101644,2023-01-13,Abu Dhabi,Corporate,Technology,Laptops,6,0.0,1936.82,309.89
ORD-104912,2023-01-13,Sharjah,Consumer,Technology,Accessories,8,0.1,6342.06,634.21
ORD-103034,2023-01-13,Dubai,Corporate,Office Supplies,Storage,5,0.2,227.79,68.34
ORD-100692,2023-01-13,Abu Dhabi,SMB,Furniture,Tables,1,0.1,663.73,146.02
ORD-101389,2023-01-13,Abu Dhabi,Consumer,Furniture,Storage,7,0.0,2265.23,634.26
ORD-105661,2023-01-13,Northern Emirates,SMB,Furniture,Storage,2,0.0,824.88,230.97
ORD-100390,2023-01-13,Dubai,SMB,Furniture,Storage,4,0.1,1068.63,235.1
ORD-100575,2023-01-13,Dubai,SMB,Furniture,Storage,2,0.0,713.65,199.82
ORD-100854,2023-01-13,Abu Dhabi,Consumer,Furniture,Bookcases,5,0.3,2403.37,240.34
ORD-105931,2023-01-14,Sharjah,Consumer,Furniture,Bookcases,8,0.0,3052.91,854.81
ORD-104086,2023-01-14,Sharjah,Consumer,Technology,Laptops,5,0.2,5382.11,215.28
ORD-105447,2023-01-14,Sharjah,Corporate,Furniture,Storage,5,0.15,1538.31,292.28
ORD-104908,2023-01-14,Dubai,Consumer,Technology,Monitors,4,0.2,1502.2,60.09
ORD-104863,2023-01-14,Sharjah,Corporate,Technology,Monitors,8,0.0,3505.01,560.8
ORD-101755,2023-01-14,Northern Emirates,Corporate,Technology,Phones,8,0.15,5294.98,370.65
ORD-105008,2023-01-14,Sharjah,SMB,Furniture,Tables,3,0.0,1086.9,304.33
ORD-101791,2023-01-15,Sharjah,Consumer,Technology,Accessories,4,0.0,2254.97,360.8
ORD-101782,2023-01-15,Abu Dhabi,Corporate,Technology,Accessories,2,0.1,534.17,53.42
ORD-100929,2023-01-15,Abu Dhabi,Corporate,Furniture,Storage,6,0.0,1775.67,497.19
ORD-105479,2023-01-15,Northern Emirates,Corporate,Technology,Phones,2,0.2,1127.16,45.09
ORD-100121,2023-01-15,Northern Emirates,Corporate,Furniture,Storage,8,0.0,4059.15,1136.56
ORD-105684,2023-01-15,Abu Dhabi,Consumer,Technology,Accessories,8,0.0,4176.85,668.3
ORD-105977,2023-01-15,Abu Dhabi,Corporate,Furniture,Chairs,6,0.3,1148.1,114.81
ORD-104259,2023-01-15,Sharjah,SMB,Office Supplies,Paper,8,0.0,626.09,262.96
ORD-101724,2023-01-15,Dubai,Corporate,Furniture,Bookcases,7,0.0,3063.72,857.84
ORD-104535,2023-01-16,Sharjah,Consumer,Technology,Accessories,5,0.0,4751.09,760.17
ORD-100633,2023-01-16,Sharjah,Consumer,Furniture,Tables,1,0.0,259.18,72.57
ORD-105255,2023-01-16,Abu Dhabi,Corporate,Furniture,Bookcases,5,0.15,3147.28,597.98
ORD-104054,2023-01-16,Sharjah,Consumer,Technology,Accessories,3,0.1,2737.32,273.73
ORD-100805,2023-01-16,Abu Dhabi,SMB,Furniture,Storage,4,0.0,1244.56,348.48
ORD-104799,2023-01-16,Abu Dhabi,Consumer,Technology,Phones,5,0.15,3689.13,258.24
ORD-103280,2023-01-16,Abu Dhabi,SMB,Technology,Phones,7,0.0,5360.81,857.73
ORD-105892,2023-01-16,Abu Dhabi,Corporate,Furniture,Chairs,7,0.15,1787.23,339.57
ORD-105324,2023-01-16,Dubai,SMB,Technology,Phones,8,0.0,6251.4,1000.22
ORD-101731,2023-01-16,Abu Dhabi,Consumer,Office Supplies,Storage,6,0.3,48.0,11.52
ORD-103861,2023-01-17,Dubai,Consumer,Technology,Accessories,8,0.15,5770.21,403.91
ORD-100050,2023-01-17,Sharjah,Corporate,Furniture,Bookcases,6,0.15,3050.18,579.53
ORD-105168,2023-01-17,Dubai,Corporate,Technology,Phones,4,0.3,3288.07,-65.76
ORD-102732,2023-01-17,Abu Dhabi,SMB,Technology,Monitors,1,0.0,381.1,60.98
ORD-104690,2023-01-17,Dubai,SMB,Technology,Phones,7,0.0,4894.07,783.05
ORD-104249,2023-01-17,Abu Dhabi,Consumer,Furniture,Bookcases,4,0.15,1562.8,296.93
ORD-105598,2023-01-17,Abu Dhabi,Corporate,Furniture,Storage,6,0.0,3078.96,862.11
ORD-101666,2023-01-17,Abu Dhabi,SMB,Technology,Monitors,4,0.1,2360.93,236.09
ORD-100408,2023-01-17,Sharjah,Consumer,Furniture,Tables,3,0.1,1454.85,320.07
ORD-101215,2023-01-18,Dubai,SMB,Technology,Phones,3,0.2,1428.63,57.15
ORD-102658,2023-01-18,Abu Dhabi,Consumer,Furniture,Bookcases,8,0.0,3257.9,912.21
ORD-105944,2023-01-18,Sharjah,Consumer,Furniture,Chairs,1,0.0,372.66,104.34
ORD-105721,2023-01-18,Abu Dhabi,Consumer,Technology,Laptops,4,0.0,995.52,159.28
ORD-104362,2023-01-18,Northern Emirates,SMB,Technology,Monitors,4,0.0,1734.39,277.5
ORD-102540,2023-01-18,Dubai,Corporate,Technology,Accessories,2,0.0,1362.24,217.96
ORD-104559,2023-01-18,Abu Dhabi,Corporate,Office Supplies,Paper,7,0.0,433.67,182.14
ORD-101697,2023-01-18,Sharjah,SMB,Furniture,Storage,6,0.3,2220.28,222.03
ORD-104814,2023-01-18,Dubai,SMB,Office Supplies,Binders,3,0.0,115.81,48.64
ORD-102783,2023-01-18,Abu Dhabi,Consumer,Office Supplies,Storage,1,0.1,89.04,32.05
ORD-103315,2023-01-19,Abu Dhabi,SMB,Technology,Laptops,8,0.0,786.13,125.78
ORD-104786,2023-01-19,Dubai,Consumer,Technology,Monitors,2,0.3,1380.98,-27.62
ORD-103221,2023-01-19,Abu Dhabi,Consumer,Office Supplies,Pens,5,0.0,224.79,94.41
ORD-105924,2023-01-19,Abu Dhabi,Consumer,Technology,Accessories,4,0.15,1091.64,76.41
ORD-103965,2023-01-19,Northern Emirates,SMB,Technology,Laptops,6,0.1,3568.54,356.85
ORD-101503,2023-01-19,Abu Dhabi,SMB,Technology,Monitors,7,0.0,4225.78,676.12
ORD-103748,2023-01-19,Dubai,Corporate,Technology,Accessories,2,0.1,1670.3,167.03
ORD-100593,2023-01-19,Sharjah,Consumer,Furniture,Bookcases,4,0.1,1446.6,318.25
ORD-102706,2023-01-19,Abu Dhabi,SMB,Furniture,Storage,4,0.2,2034.21,325.47
ORD-105327,2023-01-19,Sharjah,Consumer,Technology,Accessories,5,0.0,3862.17,617.95
ORD-104752,2023-01-20,Sharjah,SMB,Technology,Laptops,6,0.15,4196.53,293.76
ORD-100389,2023-01-20,Dubai,SMB,Technology,Monitors,5,0.0,3947.62,631.62
ORD-102763,2023-01-20,Dubai,Corporate,Office Supplies,Storage,6,0.2,306.17,91.85
ORD-101078,2023-01-20,Abu Dhabi,Corporate,Furniture,Chairs,7,0.0,3010.6,842.97
ORD-104423,2023-01-21,Dubai,SMB,Technology,Phones,1,0.0,522.89,83.66
ORD-102145,2023-01-21,Dubai,Consumer,Office Supplies,Pens,8,0.0,207.61,87.2
ORD-101875,2023-01-21,Abu Dhabi,Consumer,Furniture,Bookcases,8,0.15,5050.24,959.55
ORD-104256,2023-01-21,Abu Dhabi,Corporate,Technology,Monitors,5,0.1,1650.7,165.07
ORD-105174,2023-01-21,Northern Emirates,Consumer,Technology,Accessories,6,0.0,2574.48,411.92
ORD-104359,2023-01-21,Northern Emirates,Corporate,Office Supplies,Paper,2,0.2,98.62,29.59
ORD-104911,2023-01-21,Sharjah,Corporate,Technology,Laptops,6,0.0,1729.88,276.78
ORD-104463,2023-01-22,Northern Emirates,SMB,Office Supplies,Binders,2,0.1,117.74,42.39
ORD-100836,2023-01-22,Abu Dhabi,Corporate,Furniture,Bookcases,6,0.0,3178.34,889.94
ORD-100999,2023-01-22,Abu Dhabi,Consumer,Technology,Phones,4,0.0,2460.78,393.72
ORD-105076,2023-01-22,Dubai,Corporate,Office Supplies,Binders,7,0.1,299.87,107.95
ORD-100232,2023-01-22,Abu Dhabi,Corporate,Furniture,Tables,6,0.2,1286.17,205.79
ORD-105511,2023-01-22,Sharjah,Corporate,Technology,Phones,4,0.0,2296.91,367.51
ORD-100308,2023-01-22,Dubai,SMB,Technology,Accessories,4,0.2,3101.01,124.04
ORD-101779,2023-01-22,Abu Dhabi,Corporate,Office Supplies,Storage,8,0.1,337.65,121.55
ORD-104567,2023-01-23,Dubai,Consumer,Furniture,Chairs,3,0.15,595.72,113.19
ORD-103012,2023-01-23,Northern Emirates,Consumer,Furniture,Bookcases,6,0.0,3598.05,1007.45
ORD-104229,2023-01-23,Northern Emirates,Corporate,Technology,Accessories,4,0.0,4169.61,667.14
ORD-105727,2023-01-23,Abu Dhabi,Corporate,Furniture,Storage,2,0.0,372.68,104.35
ORD-104614,2023-01-23,Sharjah,Consumer,Office Supplies,Pens,7,0.0,333.51,140.07
ORD-105241,2023-01-24,Dubai,SMB,Technology,Laptops,7,0.0,5979.97,956.8
ORD-105528,2023-01-24,Dubai,Corporate,Technology,Phones,4,0.1,2450.54,245.05
ORD-101441,2023-01-25,Sharjah,SMB,Technology,Phones,8,0.2,5805.6,232.22
ORD-101093,2023-01-25,Dubai,Corporate,Technology,Laptops,4,0.0,1537.02,245.92
ORD-101721,2023-01-25,Abu Dhabi,Consumer,Office Supplies,Paper,3,0.1,141.51,50.94
ORD-105102,2023-01-25,Sharjah,Consumer,Furniture,Bookcases,5,0.0,2245.55,628.75
ORD-104492,2023-01-25,Dubai,Corporate,Furniture,Tables,7,0.15,3264.53,620.26
ORD-103286,2023-01-25,Northern Emirates,SMB,Technology,Monitors,6,0.3,1497.22,-29.94
ORD-103195,2023-01-26,Dubai,Corporate,Office Supplies,Pens,2,0.0,124.64,52.35
ORD-102827,2023-01-26,Northern Emirates,Consumer,Office Supplies,Binders,7,0.2,277.68,83.3
ORD-103293,2023-01-26,Dubai,SMB,Office Supplies,Storage,2,0.1,86.89,31.28
ORD-101145,2023-01-26,Dubai,Consumer,Furniture,Bookcases,6,0.15,3437.88,653.2
ORD-103422,2023-01-26,Abu Dhabi,Corporate,Technology,Laptops,7,0.0,6292.2,1006.75
ORD-105650,2023-01-26,Northern Emirates,Corporate,Technology,Phones,5,0.1,2410.44,241.04
ORD-100706,2023-01-26,Dubai,Consumer,Office Supplies,Pens,1,0.15,40.08,13.23
ORD-102387,2023-01-26,Northern Emirates,Consumer,Office Supplies,Binders,3,0.0,110.92,46.59
ORD-105157,2023-01-26,Dubai,Corporate,Office Supplies,Storage,3,0.0,104.59,43.93
ORD-102522,2023-01-26,Northern Emirates,Corporate,Furniture,Bookcases,6,0.2,3658.41,585.35
ORD-100297,2023-01-26,Abu Dhabi,Corporate,Technology,Monitors,8,0.2,5034.91,201.4
ORD-103808,2023-01-26,Abu Dhabi,Corporate,Technology,Accessories,4,0.2,1948.23,77.93
ORD-102662,2023-01-27,Dubai,Consumer,Office Supplies,Pens,8,0.0,397.63,167.0
ORD-102175,2023-01-27,Sharjah,Corporate,Technology,Phones,3,0.3,2555.51,-51.11
ORD-100401,2023-01-27,Sharjah,Consumer,Furniture,Chairs,4,0.0,1263.33,353.73
ORD-102864,2023-01-27,Abu Dhabi,Consumer,Office Supplies,Paper,5,0.0,76.29,32.04
ORD-102063,2023-01-27,Dubai,SMB,Technology,Phones,2,0.15,1053.9,73.77
ORD-103450,2023-01-27,Northern Emirates,Consumer,Furniture,Tables,1,0.0,418.87,117.28
ORD-105764,2023-01-27,Abu Dhabi,Consumer,Office Supplies,Pens,2,0.2,46.01,13.8
ORD-102418,2023-01-27,Abu Dhabi,Corporate,Office Supplies,Binders,2,0.0,114.47,48.08
ORD-100369,2023-01-27,Dubai,Consumer,Technology,Accessories,3,0.0,2980.78,476.92
ORD-100556,2023-01-28,Dubai,Consumer,Office Supplies,Paper,6,0.1,214.71,77.3
ORD-100293,2023-01-28,Abu Dhabi,SMB,Technology,Accessories,3,0.1,2667.59,266.76
ORD-100255,2023-01-28,Abu Dhabi,Consumer,Furniture,Chairs,2,0.1,852.61,187.57
ORD-100582,2023-01-28,Northern Emirates,Consumer,Technology,Phones,2,0.0,2336.72,373.88
ORD-100413,2023-01-28,Abu Dhabi,SMB,Office Supplies,Binders,4,0.1,134.52,48.43
ORD-103484,2023-01-28,Dubai,Corporate,Furniture,Bookcases,8,0.1,1848.97,406.77
ORD-104266,2023-01-28,Dubai,Consumer,Furniture,Storage,5,0.15,2661.76,505.73
ORD-101917,2023-01-28,Dubai,SMB,Furniture,Storage,3,0.0,1353.56,379.0
ORD-101766,2023-01-28,Dubai,SMB,Furniture,Bookcases,6,0.2,1625.03,260.0
ORD-103891,2023-01-29,Northern Emirates,Consumer,Office Supplies,Storage,3,0.1,97.19,34.99
ORD-103596,2023-01-29,Sharjah,Consumer,Office Supplies,Pens,4,0.1,136.82,49.26
ORD-100618,2023-01-29,Dubai,Consumer,Furniture,Storage,6,0.0,2978.2,833.9
ORD-101740,2023-01-29,Abu Dhabi,Corporate,Furniture,Chairs,6,0.1,3506.44,771.42
ORD-104488,2023-01-29,Abu Dhabi,Corporate,Technology,Laptops,5,0.0,4381.81,701.09
ORD-105549,2023-01-29,Dubai,Consumer,Furniture,Bookcases,4,0.0,2603.17,728.89
ORD-100548,2023-01-29,Dubai,SMB,Technology,Phones,6,0.0,3750.67,600.11
ORD-101912,2023-01-30,Dubai,Consumer,Furniture,Bookcases,1,0.1,251.53,55.34
ORD-104253,2023-01-30,Northern Emirates,Consumer,Office Supplies,Binders,8,0.2,442.32,132.7
ORD-100577,2023-01-30,Sharjah,Corporate,Furniture,Bookcases,8,0.15,5203.52,988.67
ORD-101165,2023-01-30,Abu Dhabi,Corporate,Technology,Laptops,5,0.2,3922.07,156.88
ORD-102081,2023-01-30,Dubai,SMB,Office Supplies,Binders,7,0.15,318.41,105.08
ORD-103634,2023-01-30,Sharjah,Consumer,Office Supplies,Storage,4,0.1,255.82,92.1
ORD-104934,2023-01-30,Dubai,Corporate,Technology,Laptops,7,0.15,2237.39,156.62
ORD-102942,2023-01-30,Dubai,Consumer,Furniture,Tables,7,0.15,2684.25,510.01
ORD-101335,2023-01-30,Dubai,Consumer,Furniture,Chairs,1,0.2,368.93,59.03
ORD-104530,2023-01-30,Dubai,SMB,Furniture,Storage,8,0.15,3831.8,728.04
ORD-102452,2023-01-30,Dubai,Consumer,Technology,Accessories,8,0.0,5621.95,899.51
ORD-100726,2023-01-30,Dubai,Corporate,Furniture,Tables,2,0.0,1025.45,287.13
ORD-104456,2023-01-30,Dubai,SMB,Technology,Monitors,3,0.1,1644.19,164.42
ORD-104079,2023-01-31,Sharjah,Corporate,Office Supplies,Pens,7,0.15,379.07,125.09
ORD-103039,2023-01-31,Dubai,Consumer,Furniture,Storage,6,0.0,2509.66,702.7
ORD-105962,2023-01-31,Abu Dhabi,Consumer,Office Supplies,Paper,5,0.1,138.74,49.95
ORD-100354,2023-01-31,Sharjah,Corporate,Furniture,Bookcases,3,0.3,889.24,88.92
ORD-103944,2023-01-31,Dubai,SMB,Furniture,Chairs,4,0.0,2403.18,672.89
ORD-103092,2023-01-31,Abu Dhabi,Consumer,Furniture,Storage,7,0.0,1974.0,552.72
ORD-102797,2023-01-31,Dubai,Consumer,Technology,Accessories,3,0.3,2002.93,-40.06
ORD-103666,2023-01-31,Sharjah,Corporate,Office Supplies,Storage,6,0.0,200.74,84.31
ORD-100584,2023-02-01,Abu Dhabi,Corporate,Technology,Accessories,7,0.2,6062.56,242.5
ORD-103970,2023-02-01,Dubai,Corporate,Furniture,Bookcases,5,0.0,1221.28,341.96
ORD-104613,2023-02-01,Abu Dhabi,Corporate,Office Supplies,Paper,3,0.0,179.65,75.45
ORD-104451,2023-02-01,Dubai,Consumer,Furniture,Storage,8,0.0,4888.68,1368.83
ORD-101431,2023-02-01,Abu Dhabi,Consumer,Technology,Phones,8,0.0,5389.76,862.36
ORD-100681,2023-02-02,Sharjah,Consumer,Technology,Accessories,8,0.1,4408.78,440.88
ORD-105898,2023-02-02,Dubai,Corporate,Furniture,Chairs,5,0.0,2465.57,690.36
ORD-103220,2023-02-02,Abu Dhabi,Consumer,Office Supplies,Pens,5,0.0,213.3,89.59
ORD-105066,2023-02-02,Dubai,Consumer,Furniture,Tables,6,0.15,1358.57,258.13
ORD-104419,2023-02-02,Sharjah,Corporate,Furniture,Storage,2,0.0,597.65,167.34
ORD-101316,2023-02-02,Northern Emirates,Corporate,Furniture,Tables,5,0.0,2052.31,574.65
ORD-103420,2023-02-02,Sharjah,Consumer,Technology,Phones,6,0.0,3891.64,622.66
ORD-103399,2023-02-03,Dubai,SMB,Office Supplies,Pens,6,0.2,190.61,57.18
ORD-104011,2023-02-03,Abu Dhabi,Consumer,Technology,Phones,6,0.1,3635.98,363.6
ORD-102319,2023-02-03,Dubai,SMB,Technology,Laptops,7,0.1,5626.11,562.61
ORD-105670,2023-02-03,Abu Dhabi,Corporate,Technology,Accessories,5,0.0,3579.4,572.7
ORD-103901,2023-02-03,Dubai,SMB,Office Supplies,Storage,2,0.0,115.87,48.67
ORD-104963,2023-02-03,Abu Dhabi,Corporate,Technology,Laptops,4,0.1,2640.09,264.01
ORD-104644,2023-02-03,Sharjah,Consumer,Office Supplies,Storage,3,0.2,66.63,19.99
ORD-105455,2023-02-03,Dubai,Consumer,Office Supplies,Storage,2,0.3,118.57,28.46
ORD-103681,2023-02-03,Abu Dhabi,Corporate,Office Supplies,Binders,1,0.0,65.28,27.42
ORD-101884,2023-02-04,Sharjah,Corporate,Office Supplies,Paper,8,0.0,368.99,154.98
ORD-105100,2023-02-04,Northern Emirates,Consumer,Technology,Monitors,4,0.1,2781.54,278.15
ORD-102487,2023-02-04,Dubai,Corporate,Furniture,Bookcases,1,0.0,485.43,135.92
ORD-105166,2023-02-04,Abu Dhabi,Corporate,Furniture,Tables,1,0.15,396.4,75.32
ORD-101347,2023-02-04,Northern Emirates,Corporate,Furniture,Storage,8,0.0,2832.43,793.08
ORD-105042,2023-02-04,Dubai,Consumer,Technology,Phones,3,0.0,2661.47,425.84
ORD-104329,2023-02-04,Northern Emirates,SMB,Furniture,Tables,5,0.0,2254.56,631.28
ORD-105196,2023-02-05,Dubai,Consumer,Furniture,Storage,2,0.0,427.86,119.8
ORD-105887,2023-02-05,Sharjah,SMB,Office Supplies,Paper,7,0.3,252.06,60.49
ORD-103234,2023-02-05,Dubai,Consumer,Technology,Phones,8,0.3,5512.49,-110.25
ORD-100097,2023-02-05,Abu Dhabi,Consumer,Office Supplies,Binders,2,0.0,35.71,15.0
ORD-104926,2023-02-05,Sharjah,Consumer,Technology,Monitors,7,0.2,5094.11,203.76
ORD-103316,2023-02-05,Abu Dhabi,Consumer,Furniture,Tables,3,0.1,889.08,195.6
ORD-100225,2023-02-05,Northern Emirates,Consumer,Office Supplies,Binders,2,0.15,70.85,23.38
ORD-103377,2023-02-05,Abu Dhabi,SMB,Furniture,Chairs,4,0.1,1305.12,287.13
ORD-104899,2023-02-05,Sharjah,Corporate,Office Supplies,Binders,2,0.1,74.51,26.82
ORD-103872,2023-02-05,Dubai,Consumer,Technology,Laptops,2,0.0,1333.04,213.29
ORD-103455,2023-02-05,Dubai,Corporate,Technology,Laptops,8,0.3,2470.46,-49.41
ORD-105576,2023-02-05,Dubai,SMB,Technology,Phones,7,0.0,3423.54,547.77
ORD-105941,2023-02-05,Sharjah,Corporate,Furniture,Storage,6,0.2,2050.73,328.12
ORD-104888,2023-02-06,Abu Dhabi,Consumer,Office Supplies,Binders,1,0.15,39.12,12.91
ORD-105901,2023-02-06,Sharjah,Consumer,Technology,Accessories,3,0.1,2979.69,297.97
ORD-105546,2023-02-06,Sharjah,Corporate,Office Supplies,Storage,6,0.0,249.67,104.86
ORD-104074,2023-02-06,Abu Dhabi,Consumer,Furniture,Storage,3,0.0,1840.35,515.3
ORD-101208,2023-02-06,Dubai,Corporate,Technology,Phones,6,0.0,4422.36,707.58
ORD-104251,2023-02-06,Abu Dhabi,SMB,Technology,Laptops,5,0.3,4503.32,-90.07
ORD-101076,2023-02-06,Abu Dhabi,Consumer,Office Supplies,Storage,1,0.1,41.57,14.97
ORD-101307,2023-02-06,Abu Dhabi,Consumer,Office Supplies,Paper,2,0.1,55.0,19.8
ORD-101958,2023-02-06,Dubai,Consumer,Technology,Monitors,2,0.0,224.55,35.93
ORD-101532,2023-02-06,Abu Dhabi,Corporate,Office Supplies,Storage,1,0.2,50.64,15.19
ORD-101447,2023-02-06,Abu Dhabi,Consumer,Furniture,Storage,7,0.1,3228.47,710.26
ORD-101691,2023-02-06,Dubai,Corporate,Furniture,Bookcases,8,0.1,3341.65,735.16
ORD-103932,2023-02-06,Abu Dhabi,Consumer,Technology,Laptops,7,0.1,3633.03,363.3
ORD-101552,2023-02-07,Abu Dhabi,SMB,Office Supplies,Paper,7,0.2,152.98,45.89
ORD-102947,2023-02-07,Northern Emirates,Consumer,Technology,Laptops,2,0.1,1743.52,174.35
ORD-101044,2023-02-07,Abu Dhabi,Consumer,Office Supplies,Binders,8,0.0,344.29,144.6
ORD-100764,2023-02-07,Northern Emirates,Consumer,Furniture,Chairs,6,0.1,2348.62,516.7
ORD-104687,2023-02-07,Abu Dhabi,Consumer,Technology,Monitors,3,0.3,3486.44,-69.73
ORD-104282,2023-02-07,Northern Emirates,Consumer,Office Supplies,Binders,3,0.2,207.2,62.16
ORD-103851,2023-02-07,Dubai,Consumer,Technology,Monitors,8,0.15,7854.64,549.82
ORD-101406,2023-02-07,Abu Dhabi,SMB,Technology,Laptops,5,0.1,6218.45,621.84
ORD-105051,2023-02-07,Abu Dhabi,Consumer,Office Supplies,Storage,3,0.0,128.31,53.89
ORD-102599,2023-02-08,Sharjah,Corporate,Furniture,Bookcases,3,0.0,1682.32,471.05
ORD-105761,2023-02-08,Abu Dhabi,Consumer,Office Supplies,Pens,1,0.2,43.39,13.02
ORD-105112,2023-02-08,Dubai,Corporate,Technology,Monitors,6,0.0,3307.74,529.24
ORD-100653,2023-02-08,Dubai,Consumer,Office Supplies,Pens,8,0.1,255.18,91.86
ORD-103351,2023-02-08,Dubai,SMB,Technology,Monitors,5,0.0,2001.01,320.16
ORD-102600,2023-02-08,Northern Emirates,Consumer,Furniture,Bookcases,2,0.15,1170.82,222.46
ORD-105587,2023-02-08,Dubai,Consumer,Technology,Laptops,4,0.2,3222.86,128.91
ORD-103583,2023-02-08,Northern Emirates,Consumer,Furniture,Chairs,7,0.0,3708.46,1038.37
ORD-100412,2023-02-08,Abu Dhabi,Corporate,Furniture,Storage,1,0.0,555.28,155.48
ORD-103717,2023-02-09,Northern Emirates,Consumer,Furniture,Chairs,2,0.0,611.83,171.31
ORD-105861,2023-02-09,Dubai,Consumer,Office Supplies,Storage,6,0.0,281.51,118.23
ORD-103003,2023-02-09,Abu Dhabi,SMB,Furniture,Tables,1,0.1,564.47,124.18
ORD-102984,2023-02-09,Abu Dhabi,Corporate,Office Supplies,Pens,7,0.0,392.9,165.02
ORD-102207,2023-02-09,Dubai,SMB,Technology,Laptops,2,0.0,2535.12,405.62
ORD-103704,2023-02-09,Abu Dhabi,Consumer,Furniture,Tables,4,0.15,1982.88,376.75
ORD-102523,2023-02-09,Dubai,Corporate,Office Supplies,Storage,1,0.0,69.49,29.19
ORD-104757,2023-02-10,Dubai,Corporate,Furniture,Chairs,7,0.1,4735.44,1041.8
ORD-103645,2023-02-10,Dubai,Corporate,Technology,Laptops,3,0.3,1191.55,-23.83
ORD-104661,2023-02-10,Dubai,Consumer,Technology,Monitors,7,0.1,3613.21,361.32
ORD-100734,2023-02-10,Abu Dhabi,SMB,Office Supplies,Binders,6,0.15,344.87,113.81
ORD-102408,2023-02-10,Northern Emirates,Consumer,Furniture,Tables,8,0.2,4340.94,694.55
ORD-103520,2023-02-10,Abu Dhabi,Consumer,Office Supplies,Pens,4,0.0,239.53,100.6
ORD-101471,2023-02-10,Abu Dhabi,SMB,Office Supplies,Storage,7,0.2,200.07,60.02
ORD-105342,2023-02-10,Dubai,Consumer,Office Supplies,Binders,3,0.0,196.8,82.66
ORD-102401,2023-02-10,Sharjah,Corporate,Furniture,Bookcases,3,0.0,1137.22,318.42
ORD-101654,2023-02-10,Northern Emirates,SMB,Furniture,Bookcases,5,0.3,2890.14,289.01
ORD-102399,2023-02-11,Northern Emirates,Consumer,Office Supplies,Paper,1,0.15,71.7,23.66
ORD-104039,2023-02-11,Sharjah,SMB,Office Supplies,Paper,6,0.0,158.47,66.56
ORD-101530,2023-02-11,Dubai,Corporate,Office Supplies,Pens,3,0.0,99.46,41.77
ORD-102772,2023-02-11,Northern Emirates,SMB,Furniture,Bookcases,3,0.2,576.44,92.23
ORD-105041,2023-02-11,Northern Emirates,Corporate,Technology,Monitors,7,0.0,4963.59,794.17
ORD-105882,2023-02-11,Dubai,Corporate,Furniture,Tables,2,0.1,656.75,144.49
ORD-105110,2023-02-11,Northern Emirates,Consumer,Technology,Monitors,8,0.1,5369.77,536.98
ORD-101649,2023-02-11,Dubai,Corporate,Office Supplies,Pens,1,0.2,58.66,17.6
ORD-100853,2023-02-11,Northern Emirates,Corporate,Office Supplies,Storage,1,0.0,53.72,22.56
ORD-104828,2023-02-11,Dubai,Consumer,Furniture,Storage,5,0.0,746.4,208.99
ORD-100920,2023-02-11,Northern Emirates,Consumer,Technology,Phones,3,0.15,1845.26,129.17
ORD-103208,2023-02-12,Abu Dhabi,Corporate,Furniture,Storage,1,0.2,314.48,50.32
ORD-100608,2023-02-12,Dubai,SMB,Technology,Phones,5,0.0,2449.31,391.89
ORD-101858,2023-02-12,Dubai,Consumer,Office Supplies,Storage,7,0.0,272.95,114.64
ORD-102087,2023-02-12,Northern Emirates,Corporate,Furniture,Tables,7,0.1,4456.59,980.45
ORD-104147,2023-02-12,Sharjah,Consumer,Office Supplies,Binders,3,0.0,156.21,65.61
ORD-101976,2023-02-12,Sharjah,Consumer,Technology,Monitors,3,0.3,1783.59,-35.67
ORD-101803,2023-02-12,Sharjah,SMB,Technology,Accessories,8,0.1,5577.52,557.75
ORD-103398,2023-02-12,Northern Emirates,SMB,Technology,Phones,5,0.0,2530.98,404.96
ORD-104446,2023-02-12,Dubai,Consumer,Office Supplies,Paper,3,0.0,152.71,64.14
ORD-103992,2023-02-12,Dubai,Corporate,Office Supplies,Binders,2,0.0,16.0,6.72
ORD-101183,2023-02-13,Dubai,Consumer,Technology,Phones,4,0.15,2088.3,146.18
ORD-105471,2023-02-13,Dubai,SMB,Technology,Laptops,5,0.0,3637.76,582.04
ORD-103624,2023-02-13,Dubai,Consumer,Furniture,Bookcases,4,0.15,1000.59,190.11
ORD-101807,2023-02-13,Abu Dhabi,Consumer,Furniture,Storage,6,0.0,2057.43,576.08
ORD-102605,2023-02-13,Dubai,Consumer,Technology,Laptops,6,0.0,4159.95,665.59
ORD-100470,2023-02-13,Abu Dhabi,Consumer,Office Supplies,Paper,5,0.1,324.29,116.74
ORD-100030,2023-02-13,Dubai,Corporate,Office Supplies,Paper,7,0.15,242.62,80.06
ORD-102485,2023-02-13,Dubai,Consumer,Office Supplies,Paper,7,0.3,368.73,88.5
ORD-101027,2023-02-13,Northern Emirates,Consumer,Furniture,Storage,3,0.0,717.13,200.8
ORD-105114,2023-02-14,Sharjah,SMB,Furniture,Chairs,4,0.1,2476.82,544.9
ORD-102120,2023-02-14,Abu Dhabi,Corporate,Technology,Laptops,5,0.0,3045.83,487.33
ORD-104651,2023-02-14,Dubai,Consumer,Technology,Phones,3,0.1,2332.4,233.24
ORD-104409,2023-02-14,Dubai,SMB,Office Supplies,Paper,7,0.0,395.45,166.09
ORD-100444,2023-02-14,Sharjah,Consumer,Furniture,Tables,3,0.0,1474.94,412.98
ORD-103895,2023-02-14,Dubai,Corporate,Office Supplies,Storage,3,0.0,143.1,60.1
ORD-103437,2023-02-14,Sharjah,Consumer,Office Supplies,Binders,7,0.0,391.82,164.56
ORD-104630,2023-02-14,Sharjah,Corporate,Office Supplies,Pens,4,0.0,52.49,22.05
ORD-104812,2023-02-15,Abu Dhabi,Consumer,Technology,Monitors,1,0.0,819.05,131.05
ORD-104846,2023-02-15,Abu Dhabi,Consumer,Technology,Monitors,5,0.15,3481.19,243.68
ORD-105141,2023-02-15,Sharjah,Consumer,Furniture,Storage,4,0.0,1895.35,530.7
ORD-102147,2023-02-15,Dubai,Consumer,Furniture,Storage,7,0.0,4333.0,1213.24
ORD-104345,2023-02-15,Dubai,Consumer,Technology,Laptops,1,0.0,501.82,80.29
ORD-100186,2023-02-15,Sharjah,Consumer,Office Supplies,Pens,8,0.1,525.7,189.25
ORD-100983,2023-02-15,Dubai,Consumer,Technology,Laptops,1,0.0,515.75,82.52
ORD-102055,2023-02-15,Dubai,Consumer,Furniture,Tables,1,0.0,372.27,104.24
ORD-101810,2023-02-15,Abu Dhabi,Consumer,Technology,Phones,6,0.3,6521.97,-130.44
ORD-100751,2023-02-15,Dubai,SMB,Technology,Accessories,5,0.0,1093.19,174.91
ORD-105859,2023-02-15,Sharjah,Corporate,Technology,Phones,8,0.1,3360.7,336.07
ORD-103467,2023-02-15,Dubai,Corporate,Furniture,Bookcases,2,0.0,1575.91,441.25
ORD-103779,2023-02-15,Sharjah,SMB,Technology,Accessories,6,0.2,1051.43,42.06
ORD-105621,2023-02-15,Sharjah,Corporate,Office Supplies,Pens,3,0.15,209.93,69.28
ORD-103448,2023-02-15,Abu Dhabi,Consumer,Office Supplies,Paper,8,0.15,265.17,87.51
ORD-104241,2023-02-15,Dubai,Corporate,Technology,Monitors,2,0.1,1862.57,186.26
ORD-101889,2023-02-15,Dubai,SMB,Technology,Monitors,8,0.15,3034.33,212.4
ORD-104519,2023-02-15,Sharjah,Corporate,Technology,Phones,8,0.0,3841.68,614.67
ORD-102815,2023-02-16,Abu Dhabi,Consumer,Furniture,Storage,8,0.0,3934.61,1101.69
ORD-104246,2023-02-16,Dubai,SMB,Furniture,Chairs,6,0.1,1693.62,372.6
ORD-105781,2023-02-16,Dubai,SMB,Technology,Phones,2,0.15,890.88,62.36
ORD-103590,2023-02-16,Dubai,Consumer,Office Supplies,Paper,6,0.0,314.14,131.94
ORD-102361,2023-02-16,Dubai,Consumer,Technology,Phones,8,0.3,6059.24,-121.18
ORD-104648,2023-02-16,Abu Dhabi,Corporate,Furniture,Chairs,4,0.1,1562.79,343.81
ORD-101349,2023-02-16,Sharjah,Consumer,Furniture,Bookcases,3,0.0,298.5,83.58
ORD-104822,2023-02-16,Abu Dhabi,Corporate,Office Supplies,Binders,1,0.0,49.99,21.0
ORD-102092,2023-02-16,Abu Dhabi,Consumer,Furniture,Chairs,2,0.0,1041.78,291.7
ORD-102056,2023-02-17,Sharjah,Corporate,Technology,Laptops,2,0.2,1008.0,40.32
ORD-103545,2023-02-17,Abu Dhabi,Consumer,Office Supplies,Binders,2,0.2,91.99,27.6
ORD-102671,2023-02-17,Abu Dhabi,Consumer,Office Supplies,Pens,2,0.0,94.63,39.74
ORD-101426,2023-02-17,Abu Dhabi,Corporate,Furniture,Bookcases,4,0.0,1783.5,499.38
ORD-100288,2023-02-17,Dubai,Corporate,Office Supplies,Storage,4,0.0,155.6,65.35
ORD-101515,2023-02-17,Dubai,SMB,Technology,Monitors,4,0.2,2170.55,86.82
ORD-101075,2023-02-17,Dubai,Corporate,Office Supplies,Paper,1,0.2,69.04,20.71
ORD-105779,2023-02-18,Dubai,SMB,Furniture,Tables,5,0.2,1685.12,269.62
ORD-104061,2023-02-18,Sharjah,SMB,Office Supplies,Binders,6,0.0,253.08,106.29
ORD-103207,2023-02-18,Dubai,Consumer,Technology,Monitors,6,0.2,6522.3,260.89
ORD-102773,2023-02-18,Abu Dhabi,SMB,Technology,Accessories,1,0.3,995.0,-19.9
ORD-101945,2023-02-18,Dubai,Consumer,Technology,Monitors,1,0.3,479.58,-9.59
ORD-100916,2023-02-18,Dubai,Consumer,Furniture,Storage,3,0.0,1446.0,404.88
ORD-103097,2023-02-18,Northern Emirates,Corporate,Technology,Monitors,2,0.1,1628.75,162.88
ORD-104678,2023-02-18,Dubai,Consumer,Furniture,Storage,5,0.15,1426.7,271.07
ORD-104706,2023-02-18,Dubai,Corporate,Technology,Accessories,7,0.1,4732.52,473.25
ORD-104577,2023-02-18,Abu Dhabi,Corporate,Furniture,Bookcases,8,0.0,2982.31,835.05
ORD-104951,2023-02-19,Dubai,Corporate,Furniture,Storage,2,0.2,499.53,79.92
ORD-101583,2023-02-19,Sharjah,Corporate,Office Supplies,Storage,8,0.0,381.91,160.4
ORD-103684,2023-02-19,Sharjah,Consumer,Technology,Laptops,8,0.0,4869.5,779.12
ORD-103653,2023-02-19,Dubai,Consumer,Furniture,Chairs,5,0.0,2317.02,648.77
ORD-104923,2023-02-19,Dubai,SMB,Office Supplies,Storage,6,0.0,355.12,149.15
ORD-100809,2023-02-19,Abu Dhabi,Consumer,Technology,Accessories,5,0.2,54.89,2.2
ORD-101841,2023-02-19,Sharjah,Consumer,Technology,Monitors,2,0.15,945.13,66.16
ORD-103331,2023-02-19,Abu Dhabi,Corporate,Technology,Laptops,6,0.0,2971.83,475.49
ORD-100322,2023-02-20,Sharjah,Consumer,Furniture,Chairs,2,0.0,803.21,224.9
ORD-103125,2023-02-20,Dubai,Consumer,Furniture,Bookcases,1,0.0,729.86,204.36
ORD-105365,2023-02-20,Sharjah,Consumer,Technology,Monitors,1,0.15,686.94,48.09
ORD-101487,2023-02-20,Abu Dhabi,Corporate,Office Supplies,Storage,8,0.0,522.79,219.57
ORD-103834,2023-02-20,Northern Emirates,Consumer,Technology,Accessories,1,0.0,1059.25,169.48
ORD-102215,2023-02-20,Abu Dhabi,Consumer,Office Supplies,Paper,8,0.15,389.66,128.59
ORD-100811,2023-02-20,Dubai,Consumer,Office Supplies,Paper,7,0.0,414.68,174.17
ORD-105126,2023-02-20,Abu Dhabi,Corporate,Technology,Monitors,3,0.3,733.43,-14.67
ORD-105231,2023-02-20,Dubai,Consumer,Technology,Accessories,3,0.0,2123.99,339.84
ORD-102435,2023-02-21,Dubai,Consumer,Technology,Monitors,5,0.0,3668.54,586.97
ORD-102720,2023-02-21,Abu Dhabi,SMB,Technology,Monitors,5,0.3,3669.31,-73.39
ORD-102565,2023-02-21,Sharjah,Corporate,Office Supplies,Pens,2,0.2,80.44,24.13
ORD-105619,2023-02-21,Dubai,Corporate,Office Supplies,Binders,1,0.0,22.84,9.59
ORD-105195,2023-02-21,Dubai,Consumer,Furniture,Storage,1,0.0,494.43,138.44
ORD-101846,2023-02-21,Sharjah,Corporate,Furniture,Tables,5,0.2,2420.76,387.32
ORD-101781,2023-02-21,Abu Dhabi,Consumer,Technology,Accessories,4,0.3,2355.01,-47.1
ORD-104766,2023-02-21,Abu Dhabi,Consumer,Office Supplies,Paper,3,0.0,176.25,74.02
ORD-101674,2023-02-21,Abu Dhabi,Consumer,Furniture,Storage,2,0.3,1504.15,150.42
ORD-100502,2023-02-21,Dubai,SMB,Office Supplies,Paper,8,0.3,505.96,121.43
ORD-105592,2023-02-21,Abu Dhabi,Consumer,Technology,Monitors,1,0.0,654.84,104.77
ORD-103333,2023-02-22,Abu Dhabi,Corporate,Furniture,Chairs,3,0.15,1513.22,287.51
ORD-102904,2023-02-22,Sharjah,SMB,Furniture,Bookcases,6,0.1,2069.54,455.3
ORD-100404,2023-02-22,Dubai,Consumer,Office Supplies,Paper,6,0.1,288.91,104.01
ORD-104435,2023-02-22,Abu Dhabi,Corporate,Technology,Phones,6,0.15,5178.96,362.53
ORD-102839,2023-02-22,Sharjah,Consumer,Office Supplies,Pens,1,0.2,36.6,10.98
ORD-102068,2023-02-22,Dubai,SMB,Furniture,Storage,3,0.0,646.54,181.03
ORD-100368,2023-02-22,Abu Dhabi,SMB,Technology,Phones,8,0.3,5873.4,-117.47
ORD-103423,2023-02-22,Sharjah,Consumer,Furniture,Tables,2,0.15,929.28,176.56
ORD-100971,2023-02-22,Dubai,Consumer,Furniture,Chairs,7,0.1,2981.42,655.91
ORD-102298,2023-02-22,Northern Emirates,Consumer,Technology,Phones,5,0.15,3324.79,232.74
ORD-101162,2023-02-22,Sharjah,Consumer,Technology,Monitors,6,0.3,939.86,-18.8
ORD-103046,2023-02-22,Dubai,Corporate,Furniture,Tables,3,0.0,1342.43,375.88
ORD-103172,2023-02-23,Sharjah,SMB,Technology,Laptops,5,0.1,2191.84,219.18
ORD-102727,2023-02-23,Dubai,Corporate,Technology,Phones,5,0.1,3618.45,361.84
ORD-103623,2023-02-23,Sharjah,Consumer,Technology,Laptops,4,0.0,2253.45,360.55
ORD-102566,2023-02-23,Dubai,Consumer,Office Supplies,Paper,4,0.0,199.61,83.84
ORD-103603,2023-02-23,Dubai,Consumer,Technology,Accessories,3,0.2,3160.98,126.44
ORD-101451,2023-02-23,Dubai,Consumer,Technology,Laptops,1,0.0,169.06,27.05
ORD-104622,2023-02-23,Northern Emirates,SMB,Technology,Accessories,2,0.0,1407.24,225.16
ORD-105209,2023-02-23,Dubai,Corporate,Furniture,Storage,4,0.15,1280.26,243.25
ORD-105489,2023-02-24,Sharjah,Consumer,Technology,Laptops,4,0.1,2946.99,294.7
ORD-100711,2023-02-24,Northern Emirates,Consumer,Furniture,Chairs,8,0.1,1560.27,343.26
ORD-104279,2023-02-24,Dubai,Corporate,Technology,Accessories,1,0.0,668.05,106.89
ORD-104481,2023-02-24,Dubai,SMB,Furniture,Chairs,3,0.0,1162.38,325.47
ORD-104261,2023-02-24,Northern Emirates,Consumer,Furniture,Storage,4,0.0,2179.95,610.39
ORD-101124,2023-02-24,Sharjah,SMB,Technology,Accessories,7,0.1,4506.03,450.6
ORD-101007,2023-02-24,Abu Dhabi,Corporate,Technology,Monitors,3,0.0,657.87,105.26
ORD-100204,2023-02-25,Abu Dhabi,Consumer,Office Supplies,Storage,7,0.2,447.07,134.12
ORD-103038,2023-02-25,Northern Emirates,Consumer,Technology,Phones,5,0.0,3019.92,483.19
ORD-105600,2023-02-25,Northern Emirates,Consumer,Office Supplies,Storage,8,0.15,434.99,143.55
ORD-102071,2023-02-25,Sharjah,Consumer,Technology,Laptops,3,0.0,2505.53,400.88
ORD-100128,2023-02-25,Dubai,SMB,Office Supplies,Paper,5,0.15,219.84,72.55
ORD-102965,2023-02-25,Sharjah,SMB,Furniture,Tables,7,0.0,3155.85,883.64
ORD-101561,2023-02-26,Abu Dhabi,Consumer,Office Supplies,Paper,1,0.15,48.41,15.98
ORD-105414,2023-02-26,Dubai,Corporate,Furniture,Storage,5,0.0,1768.77,495.26
ORD-103893,2023-02-26,Northern Emirates,Corporate,Technology,Laptops,5,0.3,2925.3,-58.51
ORD-103795,2023-02-26,Northern Emirates,Consumer,Office Supplies,Pens,4,0.3,73.92,17.74
ORD-104175,2023-02-26,Sharjah,SMB,Office Supplies,Binders,6,0.0,165.87,69.67
ORD-103788,2023-02-26,Dubai,Corporate,Furniture,Tables,7,0.15,3084.47,586.05
ORD-104758,2023-02-26,Northern Emirates,Consumer,Technology,Phones,6,0.0,5265.13,842.42
ORD-103095,2023-02-27,Dubai,Corporate,Technology,Monitors,1,0.0,733.21,117.31
ORD-100990,2023-02-27,Northern Emirates,Corporate,Office Supplies,Paper,8,0.0,538.17,226.03
ORD-102241,2023-02-27,Abu Dhabi,Consumer,Technology,Laptops,4,0.1,2419.38,241.94
ORD-100803,2023-02-27,Dubai,Consumer,Office Supplies,Storage,2,0.0,114.22,47.97
ORD-101037,2023-02-27,Sharjah,Corporate,Furniture,Bookcases,4,0.3,882.0,88.2
ORD-103865,2023-02-27,Abu Dhabi,Consumer,Office Supplies,Storage,4,0.1,183.03,65.89
ORD-105495,2023-02-28,Dubai,Consumer,Furniture,Chairs,8,0.0,3526.9,987.53
ORD-100329,2023-02-28,Abu Dhabi,Corporate,Office Supplies,Paper,6,0.2,352.9,105.87
ORD-102969,2023-02-28,Dubai,SMB,Furniture,Tables,8,0.2,3673.16,587.71
ORD-101437,2023-02-28,Sharjah,Corporate,Office Supplies,Pens,1,0.1,31.36,11.29
ORD-105624,2023-02-28,Sharjah,Consumer,Office Supplies,Storage,4,0.1,139.69,50.29
ORD-102189,2023-02-28,Dubai,SMB,Furniture,Bookcases,6,0.15,1187.11,225.55
ORD-100427,2023-02-28,Dubai,SMB,Technology,Laptops,6,0.1,4982.69,498.27
ORD-105519,2023-02-28,Abu Dhabi,Consumer,Office Supplies,Pens,1,0.0,14.18,5.96
ORD-101264,2023-02-28,Dubai,Corporate,Technology,Phones,4,0.2,748.07,29.92
ORD-100785,2023-02-28,Abu Dhabi,Consumer,Office Supplies,Storage,3,0.0,135.09,56.74
ORD-101100,2023-03-01,Dubai,Corporate,Office Supplies,Storage,5,0.0,235.21,98.79
ORD-105888,2023-03-01,Dubai,SMB,Office Supplies,Pens,3,0.1,130.43,46.95
ORD-105989,2023-03-01,Abu Dhabi,Corporate,Technology,Laptops,5,0.0,4123.17,659.71
ORD-102250,2023-03-01,Abu Dhabi,Corporate,Furniture,Chairs,3,0.0,1619.2,453.38
ORD-101184,2023-03-01,Abu Dhabi,SMB,Technology,Monitors,8,0.3,3851.15,-77.02
ORD-100603,2023-03-01,Dubai,Consumer,Office Supplies,Paper,4,0.1,221.4,79.7
ORD-105029,2023-03-01,Dubai,Corporate,Technology,Phones,7,0.15,8096.83,566.78
ORD-104837,2023-03-01,Sharjah,SMB,Office Supplies,Binders,6,0.2,290.38,87.11
ORD-101086,2023-03-01,Dubai,Consumer,Office Supplies,Binders,7,0.1,111.18,40.02
ORD-100034,2023-03-01,Sharjah,Consumer,Technology,Monitors,3,0.0,2787.58,446.01
ORD-100154,2023-03-01,Abu Dhabi,Consumer,Furniture,Tables,8,0.0,4581.59,1282.85
ORD-101288,2023-03-02,Dubai,Corporate,Technology,Accessories,1,0.15,1040.02,72.8
ORD-105309,2023-03-02,Sharjah,Consumer,Office Supplies,Paper,6,0.0,311.25,130.72
ORD-104096,2023-03-02,Northern Emirates,SMB,Furniture,Storage,1,0.1,428.3,94.23
ORD-104348,2023-03-02,Northern Emirates,Consumer,Furniture,Bookcases,6,0.0,2640.67,739.39
ORD-100872,2023-03-02,Dubai,Corporate,Office Supplies,Pens,8,0.1,223.42,80.43
ORD-105236,2023-03-02,Abu Dhabi,Consumer,Office Supplies,Pens,2,0.0,62.0,26.04
ORD-104632,2023-03-02,Abu Dhabi,Corporate,Office Supplies,Storage,4,0.0,239.42,100.56
ORD-102791,2023-03-03,Dubai,Corporate,Office Supplies,Storage,7,0.3,285.52,68.52
ORD-103700,2023-03-03,Northern Emirates,Consumer,Office Supplies,Storage,3,0.0,180.98,76.01
ORD-102960,2023-03-03,Dubai,SMB,Furniture,Chairs,8,0.0,3888.64,1088.82
ORD-104907,2023-03-03,Abu Dhabi,SMB,Office Supplies,Storage,2,0.2,101.21,30.36
ORD-100824,2023-03-03,Abu Dhabi,Corporate,Furniture,Storage,5,0.0,2690.37,753.3
ORD-104508,2023-03-03,Abu Dhabi,Consumer,Furniture,Storage,7,0.1,2305.48,507.21
ORD-102832,2023-03-03,Abu Dhabi,SMB,Office Supplies,Storage,2,0.0,89.72,37.68
ORD-102270,2023-03-03,Dubai,Corporate,Technology,Laptops,6,0.0,4172.0,667.52
ORD-103757,2023-03-03,Sharjah,Corporate,Office Supplies,Paper,1,0.2,38.66,11.6
ORD-102952,2023-03-04,Northern Emirates,Consumer,Office Supplies,Binders,4,0.0,213.85,89.82
ORD-101488,2023-03-04,Dubai,Consumer,Technology,Phones,3,0.15,3022.03,211.54
ORD-103119,2023-03-04,Sharjah,Corporate,Technology,Laptops,4,0.0,5356.39,857.02
ORD-100533,2023-03-04,Abu Dhabi,Consumer,Office Supplies,Binders,6,0.3,345.71,82.97
ORD-105252,2023-03-04,Sharjah,Consumer,Technology,Monitors,5,0.3,4691.37,-93.83
ORD-103819,2023-03-04,Northern Emirates,Consumer,Technology,Laptops,8,0.15,7341.1,513.88
ORD-103523,2023-03-04,Abu Dhabi,Consumer,Office Supplies,Storage,5,0.0,210.28,88.32
ORD-101197,2023-03-04,Abu Dhabi,Consumer,Furniture,Bookcases,5,0.0,2975.59,833.17
ORD-105133,2023-03-04,Sharjah,Consumer,Furniture,Tables,2,0.1,664.12,146.11
ORD-105415,2023-03-05,Northern Emirates,Consumer,Office Supplies,Binders,5,0.15,332.46,109.71
ORD-103780,2023-03-05,Abu Dhabi,Consumer,Office Supplies,Storage,8,0.0,232.61,97.7
ORD-104827,2023-03-05,Abu Dhabi,Corporate,Furniture,Storage,8,0.0,4640.41,1299.31
ORD-105983,2023-03-05,Sharjah,Consumer,Furniture,Chairs,8,0.1,2032.69,447.19
ORD-100113,2023-03-05,Abu Dhabi,Corporate,Office Supplies,Binders,5,0.2,159.4,47.82
ORD-105465,2023-03-05,Dubai,Consumer,Furniture,Bookcases,7,0.2,4570.33,731.25
ORD-101158,2023-03-06,Sharjah,Consumer,Furniture,Bookcases,1,0.3,123.08,12.31
ORD-105674,2023-03-06,Abu Dhabi,Consumer,Furniture,Chairs,2,0.0,1122.09,314.19
ORD-104953,2023-03-06,Dubai,Corporate,Furniture,Tables,1,0.2,396.33,63.41
ORD-103860,2023-03-06,Dubai,Corporate,Technology,Accessories,5,0.0,1736.29,277.81
ORD-102858,2023-03-06,Abu Dhabi,Consumer,Office Supplies,Binders,4,0.0,276.79,116.25
ORD-104998,2023-03-06,Sharjah,Consumer,Technology,Laptops,4,0.0,3644.27,583.08
ORD-101198,2023-03-06,Dubai,Consumer,Furniture,Bookcases,7,0.2,2451.87,392.3
ORD-104864,2023-03-06,Dubai,Consumer,Office Supplies,Storage,8,0.0,247.35,103.89
ORD-103050,2023-03-06,Dubai,Corporate,Furniture,Bookcases,3,0.15,750.89,142.67
ORD-100195,2023-03-06,Dubai,Consumer,Office Supplies,Binders,6,0.15,83.58,27.58
ORD-102421,2023-03-07,Northern Emirates,SMB,Technology,Accessories,4,0.0,2521.01,403.36
ORD-104112,2023-03-07,Dubai,Consumer,Furniture,Storage,6,0.15,2443.63,464.29
ORD-103393,2023-03-07,Abu Dhabi,Consumer,Office Supplies,Pens,1,0.1,28.53,10.27
ORD-104396,2023-03-07,Northern Emirates,Corporate,Furniture,Chairs,3,0.1,913.72,201.02
ORD-100898,2023-03-07,Dubai,Corporate,Furniture,Storage,3,0.0,1151.51,322.42
ORD-101341,2023-03-07,Abu Dhabi,SMB,Furniture,Storage,4,0.15,2131.23,404.93
ORD-102155,2023-03-07,Abu Dhabi,Consumer,Office Supplies,Binders,4,0.1,92.92,33.45
ORD-103871,2023-03-07,Dubai,Consumer,Furniture,Tables,5,0.1,2077.16,456.98
ORD-104833,2023-03-07,Abu Dhabi,Consumer,Office Supplies,Binders,7,0.3,351.77,84.42
ORD-102265,2023-03-07,Abu Dhabi,Corporate,Technology,Laptops,7,0.0,2102.68,336.43
ORD-102959,2023-03-08,Sharjah,Corporate,Furniture,Tables,2,0.3,1281.27,128.13
ORD-105709,2023-03-08,Abu Dhabi,Consumer,Furniture,Storage,6,0.15,1964.66,373.29
ORD-102111,2023-03-08,Abu Dhabi,Consumer,Office Supplies,Binders,5,0.15,226.26,74.67
ORD-100793,2023-03-08,Abu Dhabi,Consumer,Office Supplies,Pens,3,0.15,169.72,56.01
ORD-103843,2023-03-08,Dubai,Consumer,Furniture,Bookcases,2,0.0,665.44,186.32
ORD-101837,2023-03-08,Northern Emirates,Consumer,Technology,Monitors,4,0.1,2982.67,298.27
ORD-105296,2023-03-08,Dubai,Consumer,Office Supplies,Paper,7,0.0,184.3,77.41
ORD-104539,2023-03-08,Dubai,Corporate,Technology,Accessories,5,0.0,3521.16,563.39
ORD-104921,2023-03-09,Dubai,Consumer,Technology,Monitors,4,0.2,2311.46,92.46
ORD-100083,2023-03-09,Sharjah,Consumer,Furniture,Storage,3,0.1,2167.13,476.77
ORD-101388,2023-03-09,Dubai,Consumer,Furniture,Bookcases,4,0.2,1125.95,180.15
ORD-103304,2023-03-09,Abu Dhabi,Corporate,Technology,Monitors,5,0.0,1144.83,183.17
ORD-105723,2023-03-09,Sharjah,Corporate,Office Supplies,Binders,5,0.0,331.96,139.42
ORD-105059,2023-03-09,Sharjah,Consumer,Furniture,Storage,6,0.0,2692.53,753.91
ORD-104875,2023-03-10,Dubai,Corporate,Furniture,Tables,6,0.3,3412.98,341.3
ORD-100199,2023-03-10,Dubai,Corporate,Furniture,Chairs,8,0.15,3757.62,713.95
ORD-104234,2023-03-10,Dubai,Corporate,Technology,Monitors,5,0.0,3846.49,615.44
ORD-101812,2023-03-10,Dubai,Consumer,Furniture,Bookcases,7,0.1,5133.42,1129.35
ORD-103718,2023-03-10,Abu Dhabi,Corporate,Office Supplies,Storage,8,0.1,388.89,140.0
ORD-102326,2023-03-10,Abu Dhabi,Corporate,Office Supplies,Pens,6,0.0,174.81,73.42
ORD-104106,2023-03-10,Abu Dhabi,Corporate,Technology,Phones,2,0.1,1520.92,152.09
ORD-100932,2023-03-10,Sharjah,Consumer,Office Supplies,Pens,3,0.3,85.53,20.53
ORD-104302,2023-03-10,Dubai,SMB,Furniture,Storage,8,0.0,1798.95,503.71
ORD-104280,2023-03-11,Sharjah,Consumer,Technology,Phones,8,0.0,5593.91,895.03
ORD-100287,2023-03-11,Dubai,Corporate,Technology,Monitors,8,0.1,4692.13,469.21
ORD-104318,2023-03-11,Abu Dhabi,Corporate,Office Supplies,Storage,8,0.15,237.22,78.28
ORD-100130,2023-03-11,Dubai,SMB,Technology,Monitors,1,0.0,1146.39,183.42
ORD-101568,2023-03-11,Sharjah,SMB,Office Supplies,Paper,6,0.15,313.66,103.51
ORD-103104,2023-03-11,Dubai,Consumer,Technology,Laptops,1,0.2,882.75,35.31
ORD-102262,2023-03-11,Dubai,SMB,Office Supplies,Storage,1,0.3,58.44,14.03
ORD-104708,2023-03-12,Dubai,Consumer,Furniture,Tables,1,0.15,384.58,73.07
ORD-102857,2023-03-12,Dubai,Consumer,Technology,Laptops,8,0.0,4355.75,696.92
ORD-100830,2023-03-12,Dubai,Corporate,Office Supplies,Storage,2,0.0,108.36,45.51
ORD-101188,2023-03-12,Abu Dhabi,Consumer,Technology,Monitors,1,0.0,803.36,128.54
ORD-101563,2023-03-12,Sharjah,Corporate,Office Supplies,Pens,8,0.1,368.38,132.62
ORD-104967,2023-03-12,Sharjah,Consumer,Office Supplies,Pens,4,0.1,204.01,73.44
ORD-100383,2023-03-12,Dubai,SMB,Technology,Accessories,2,0.15,1514.7,106.03
ORD-104547,2023-03-12,Dubai,Consumer,Furniture,Bookcases,2,0.0,395.11,110.63
ORD-105864,2023-03-12,Northern Emirates,Corporate,Furniture,Chairs,8,0.15,4401.46,836.28
ORD-105284,2023-03-12,Northern Emirates,Consumer,Furniture,Tables,7,0.0,2633.1,737.27
ORD-100104,2023-03-12,Abu Dhabi,Consumer,Office Supplies,Binders,5,0.2,149.64,44.89
ORD-102575,2023-03-12,Dubai,Consumer,Technology,Phones,4,0.3,3600.4,-72.01
ORD-105595,2023-03-13,Sharjah,Consumer,Office Supplies,Paper,2,0.0,117.87,49.51
ORD-103579,2023-03-13,Dubai,SMB,Technology,Monitors,3,0.2,2326.29,93.05
ORD-105797,2023-03-13,Dubai,Consumer,Office Supplies,Pens,7,0.2,239.2,71.76
ORD-104659,2023-03-13,Abu Dhabi,Consumer,Furniture,Tables,4,0.3,2211.21,221.12
ORD-103551,2023-03-13,Dubai,Consumer,Office Supplies,Binders,1,0.1,39.44,14.2
ORD-101433,2023-03-13,Abu Dhabi,Corporate,Office Supplies,Pens,3,0.15,49.07,16.19
ORD-104531,2023-03-13,Sharjah,Corporate,Furniture,Chairs,8,0.2,3274.29,523.89
ORD-101003,2023-03-13,Dubai,SMB,Furniture,Bookcases,2,0.3,1103.07,110.31
ORD-105170,2023-03-13,Sharjah,Consumer,Office Supplies,Binders,7,0.2,241.28,72.38
ORD-101006,2023-03-14,Northern Emirates,SMB,Office Supplies,Paper,3,0.15,111.09,36.66
ORD-101896,2023-03-14,Dubai,Consumer,Furniture,Bookcases,5,0.0,1289.05,360.93
ORD-100942,2023-03-14,Abu Dhabi,SMB,Technology,Phones,2,0.0,767.8,122.85
ORD-105237,2023-03-14,Abu Dhabi,Corporate,Furniture,Storage,7,0.0,3737.43,1046.48
ORD-103522,2023-03-14,Dubai,SMB,Technology,Phones,4,0.0,2227.09,356.33
ORD-105835,2023-03-14,Dubai,Corporate,Technology,Phones,6,0.0,3582.79,573.25
ORD-102473,2023-03-14,Dubai,SMB,Technology,Laptops,6,0.1,3948.46,394.85
ORD-104866,2023-03-14,Abu Dhabi,Consumer,Office Supplies,Pens,8,0.2,298.77,89.63
ORD-102995,2023-03-14,Dubai,SMB,Furniture,Tables,2,0.1,997.17,219.38
ORD-102930,2023-03-14,Northern Emirates,Consumer,Furniture,Chairs,5,0.2,897.8,143.65
ORD-101195,2023-03-15,Dubai,Corporate,Technology,Accessories,3,0.15,3256.46,227.95
ORD-100247,2023-03-15,Northern Emirates,SMB,Technology,Accessories,2,0.0,1555.3,248.85
ORD-101179,2023-03-15,Sharjah,SMB,Office Supplies,Binders,7,0.0,450.68,189.29
ORD-100907,2023-03-15,Dubai,Consumer,Technology,Phones,6,0.0,6229.87,996.78
ORD-100215,2023-03-15,Abu Dhabi,Corporate,Office Supplies,Binders,3,0.1,186.54,67.15
ORD-101544,2023-03-15,Dubai,Corporate,Office Supplies,Storage,4,0.0,281.81,118.36
ORD-101541,2023-03-15,Northern Emirates,Consumer,Technology,Laptops,2,0.0,1110.56,177.69
ORD-104004,2023-03-15,Abu Dhabi,Corporate,Office Supplies,Pens,3,0.0,186.46,78.31
ORD-100531,2023-03-15,Sharjah,Consumer,Furniture,Tables,3,0.1,1343.55,295.58
ORD-102902,2023-03-16,Abu Dhabi,Consumer,Furniture,Tables,2,0.0,751.06,210.3
ORD-105539,2023-03-16,Abu Dhabi,Consumer,Technology,Phones,6,0.1,3536.88,353.69
ORD-103883,2023-03-16,Abu Dhabi,Corporate,Office Supplies,Storage,6,0.15,400.98,132.32
ORD-103602,2023-03-16,Dubai,Consumer,Office Supplies,Pens,8,0.0,297.96,125.14
ORD-102683,2023-03-16,Sharjah,Corporate,Furniture,Tables,1,0.3,432.14,43.21
ORD-103811,2023-03-16,Dubai,Consumer,Technology,Laptops,7,0.2,4544.8,181.79
ORD-104626,2023-03-16,Sharjah,Consumer,Furniture,Chairs,8,0.15,2274.07,432.07
ORD-102558,2023-03-16,Abu Dhabi,Corporate,Technology,Accessories,4,0.0,4643.52,742.96
ORD-100074,2023-03-16,Northern Emirates,Consumer,Office Supplies,Binders,6,0.2,136.64,40.99
ORD-101626,2023-03-17,Dubai,SMB,Furniture,Chairs,7,0.0,2890.39,809.31
ORD-102819,2023-03-17,Abu Dhabi,Corporate,Office Supplies,Binders,7,0.2,281.43,84.43
ORD-100060,2023-03-17,Sharjah,Corporate,Technology,Phones,5,0.1,2011.94,201.19
ORD-100208,2023-03-17,Abu Dhabi,Corporate,Furniture,Storage,2,0.2,227.11,36.34
ORD-101655,2023-03-17,Abu Dhabi,Corporate,Office Supplies,Paper,5,0.15,159.23,52.55
ORD-101386,2023-03-17,Abu Dhabi,Corporate,Furniture,Storage,2,0.3,563.16,56.32
ORD-101101,2023-03-17,Sharjah,Corporate,Office Supplies,Binders,7,0.0,434.43,182.46
ORD-101159,2023-03-18,Abu Dhabi,Consumer,Technology,Phones,7,0.3,3694.62,-73.89
ORD-105874,2023-03-18,Abu Dhabi,Consumer,Office Supplies,Storage,5,0.0,158.89,66.73
ORD-105242,2023-03-18,Dubai,Consumer,Furniture,Tables,4,0.0,1565.81,438.43
ORD-103252,2023-03-18,Dubai,SMB,Office Supplies,Storage,1,0.1,16.43,5.91
ORD-102277,2023-03-18,Dubai,Corporate,Technology,Accessories,7,0.0,2270.5,363.28
ORD-105763,2023-03-18,Sharjah,Corporate,Technology,Laptops,5,0.0,3095.57,495.29
ORD-102454,2023-03-18,Dubai,Consumer,Furniture,Tables,8,0.0,3079.45,862.25
ORD-104732,2023-03-18,Northern Emirates,Consumer,Furniture,Storage,2,0.0,1066.6,298.65
ORD-101346,2023-03-18,Dubai,Corporate,Technology,Phones,3,0.0,2894.23,463.08
ORD-103161,2023-03-19,Abu Dhabi,Consumer,Furniture,Bookcases,8,0.0,1929.76,540.33
ORD-100493,2023-03-19,Dubai,Corporate,Office Supplies,Binders,4,0.0,101.66,42.7
ORD-105573,2023-03-19,Northern Emirates,SMB,Technology,Laptops,5,0.0,3575.24,572.04
ORD-101448,2023-03-19,Dubai,SMB,Technology,Accessories,5,0.15,3987.03,279.09
ORD-104589,2023-03-20,Sharjah,Consumer,Office Supplies,Binders,8,0.0,335.56,140.94
ORD-105699,2023-03-20,Dubai,SMB,Office Supplies,Paper,5,0.0,244.86,102.84
ORD-105553,2023-03-20,Abu Dhabi,Consumer,Office Supplies,Storage,8,0.15,310.15,102.35
ORD-104617,2023-03-20,Abu Dhabi,Consumer,Office Supplies,Pens,1,0.3,28.32,6.8
ORD-105868,2023-03-20,Abu Dhabi,Consumer,Technology,Accessories,7,0.1,4409.69,440.97
ORD-102730,2023-03-20,Dubai,Corporate,Technology,Phones,7,0.0,4887.48,782.0
ORD-102133,2023-03-21,Sharjah,Consumer,Technology,Monitors,6,0.15,4614.84,323.04
ORD-101457,2023-03-21,Sharjah,SMB,Technology,Monitors,2,0.0,1460.67,233.71
ORD-104339,2023-03-21,Abu Dhabi,Consumer,Office Supplies,Binders,1,0.0,52.31,21.97
ORD-105757,2023-03-21,Dubai,Consumer,Office Supplies,Binders,3,0.15,110.22,36.37
ORD-104832,2023-03-21,Dubai,Consumer,Furniture,Tables,7,0.3,2696.26,269.63
ORD-105605,2023-03-22,Northern Emirates,Consumer,Furniture,Storage,4,0.1,2495.99,549.12
ORD-100012,2023-03-22,Abu Dhabi,Consumer,Technology,Laptops,8,0.0,5944.69,951.15
ORD-100701,2023-03-22,Dubai,Consumer,Technology,Phones,4,0.0,1627.38,260.38
ORD-102471,2023-03-22,Dubai,Corporate,Office Supplies,Binders,3,0.2,160.18,48.05
ORD-104763,2023-03-22,Abu Dhabi,Consumer,Office Supplies,Paper,8,0.2,328.36,98.51
ORD-102091,2023-03-22,Abu Dhabi,Consumer,Technology,Monitors,8,0.0,3930.69,628.91
ORD-104755,2023-03-22,Sharjah,Consumer,Office Supplies,Binders,1,0.2,62.93,18.88
ORD-105185,2023-03-22,Dubai,Consumer,Office Supplies,Binders,8,0.2,405.5,121.65
ORD-100027,2023-03-22,Sharjah,Consumer,Office Supplies,Pens,7,0.1,270.82,97.5
ORD-104504,2023-03-23,Sharjah,Corporate,Office Supplies,Pens,1,0.0,62.36,26.19
ORD-102584,2023-03-23,Sharjah,Corporate,Furniture,Bookcases,5,0.0,2011.44,563.2
ORD-103761,2023-03-23,Dubai,SMB,Technology,Accessories,5,0.0,3989.54,638.33
ORD-105446,2023-03-23,Dubai,Corporate,Furniture,Bookcases,7,0.1,4223.23,929.11
ORD-100693,2023-03-23,Abu Dhabi,Corporate,Technology,Laptops,8,0.0,4604.09,736.65
ORD-103065,2023-03-23,Abu Dhabi,Corporate,Office Supplies,Pens,1,0.1,30.23,10.88
ORD-102761,2023-03-23,Abu Dhabi,SMB,Office Supplies,Pens,3,0.0,158.38,66.52
ORD-101643,2023-03-23,Sharjah,Corporate,Furniture,Chairs,3,0.0,1222.24,342.23
ORD-103089,2023-03-24,Sharjah,Corporate,Office Supplies,Binders,8,0.0,181.83,76.37
ORD-100238,2023-03-24,Abu Dhabi,SMB,Technology,Accessories,7,0.2,4441.29,177.65
ORD-104596,2023-03-24,Abu Dhabi,Corporate,Office Supplies,Binders,7,0.3,630.8,151.39
ORD-100129,2023-03-25,Dubai,Consumer,Furniture,Bookcases,5,0.0,1528.65,428.02
ORD-103969,2023-03-25,Dubai,Corporate,Furniture,Storage,3,0.0,2264.69,634.11
ORD-101045,2023-03-25,Abu Dhabi,Corporate,Office Supplies,Binders,7,0.0,479.75,201.5
ORD-104538,2023-03-25,Sharjah,Corporate,Office Supplies,Storage,7,0.0,466.56,195.96
ORD-101543,2023-03-25,Sharjah,SMB,Furniture,Bookcases,7,0.3,3815.62,381.56
ORD-103244,2023-03-25,Dubai,SMB,Furniture,Chairs,1,0.0,522.38,146.27
ORD-103232,2023-03-26,Abu Dhabi,Corporate,Furniture,Storage,4,0.0,964.75,270.13
ORD-101924,2023-03-26,Abu Dhabi,Corporate,Furniture,Storage,3,0.0,643.81,180.27
ORD-103115,2023-03-26,Sharjah,Consumer,Office Supplies,Paper,4,0.0,136.1,57.16
ORD-104095,2023-03-26,Dubai,Consumer,Technology,Monitors,2,0.1,1150.1,115.01
ORD-104856,2023-03-26,Dubai,Corporate,Office Supplies,Binders,6,0.1,407.59,146.73
ORD-105663,2023-03-26,Northern Emirates,Consumer,Office Supplies,Pens,1,0.1,52.7,18.97
ORD-102105,2023-03-26,Dubai,SMB,Technology,Accessories,1,0.0,766.48,122.64
ORD-104960,2023-03-26,Abu Dhabi,Corporate,Office Supplies,Paper,3,0.15,131.92,43.53
ORD-102630,2023-03-27,Dubai,Consumer,Technology,Phones,7,0.3,1290.32,-25.81
ORD-104693,2023-03-27,Dubai,Consumer,Technology,Phones,1,0.0,385.23,61.64
ORD-100430,2023-03-27,Dubai,Consumer,Office Supplies,Paper,2,0.2,117.25,35.17
ORD-103369,2023-03-27,Dubai,Consumer,Technology,Accessories,4,0.0,802.52,128.4
ORD-102106,2023-03-27,Sharjah,Consumer,Office Supplies,Paper,8,0.15,377.45,124.56
ORD-101972,2023-03-27,Dubai,Corporate,Technology,Monitors,5,0.1,4225.49,422.55
ORD-105073,2023-03-27,Abu Dhabi,Consumer,Furniture,Tables,7,0.0,2506.19,701.73
ORD-102581,2023-03-27,Dubai,Corporate,Furniture,Chairs,7,0.0,2747.91,769.41
ORD-105217,2023-03-27,Dubai,Consumer,Office Supplies,Paper,8,0.2,385.46,115.64
ORD-102614,2023-03-27,Dubai,Corporate,Furniture,Bookcases,5,0.15,686.15,130.37
ORD-103858,2023-03-27,Abu Dhabi,SMB,Technology,Laptops,4,0.1,3117.4,311.74
ORD-100117,2023-03-28,Sharjah,Consumer,Technology,Monitors,2,0.0,1114.67,178.35
ORD-102423,2023-03-28,Dubai,Consumer,Office Supplies,Paper,8,0.15,536.43,177.02
ORD-105870,2023-03-28,Northern Emirates,Consumer,Office Supplies,Pens,2,0.0,106.41,44.69
ORD-105220,2023-03-28,Dubai,Consumer,Technology,Laptops,4,0.1,1767.6,176.76
ORD-102905,2023-03-28,Dubai,Consumer,Technology,Phones,4,0.2,2516.89,100.68
ORD-102116,2023-03-28,Abu Dhabi,Consumer,Furniture,Storage,1,0.1,285.31,62.77
ORD-103875,2023-03-28,Abu Dhabi,Corporate,Technology,Phones,2,0.15,2195.5,153.68
ORD-105787,2023-03-28,Dubai,SMB,Furniture,Tables,7,0.0,4671.66,1308.06
ORD-100019,2023-03-28,Dubai,SMB,Technology,Laptops,5,0.0,3732.91,597.27
ORD-103789,2023-03-28,Dubai,Corporate,Furniture,Storage,1,0.3,331.14,33.11
ORD-105857,2023-03-28,Abu Dhabi,SMB,Technology,Accessories,7,0.2,4119.28,164.77
ORD-104503,2023-03-28,Sharjah,Corporate,Technology,Laptops,1,0.1,597.57,59.76
ORD-103353,2023-03-28,Dubai,Corporate,Technology,Accessories,8,0.15,5981.02,418.67
ORD-105086,2023-03-28,Sharjah,SMB,Office Supplies,Storage,2,0.15,85.64,28.26
ORD-100578,2023-03-28,Northern Emirates,SMB,Office Supplies,Pens,2,0.1,101.62,36.58
ORD-100949,2023-03-29,Northern Emirates,Consumer,Furniture,Chairs,2,0.3,839.32,83.93
ORD-100449,2023-03-29,Dubai,Corporate,Office Supplies,Paper,7,0.0,319.99,134.4
ORD-100741,2023-03-29,Sharjah,Consumer,Office Supplies,Paper,3,0.0,136.71,57.42
ORD-103586,2023-03-29,Abu Dhabi,Consumer,Technology,Phones,3,0.1,996.06,99.61
ORD-100044,2023-03-29,Sharjah,Consumer,Office Supplies,Storage,2,0.1,96.09,34.59
ORD-101063,2023-03-29,Northern Emirates,Consumer,Furniture,Tables,5,0.0,1573.49,440.58
ORD-100521,2023-03-29,Sharjah,SMB,Furniture,Storage,4,0.1,986.05,216.93
ORD-104882,2023-03-30,Northern Emirates,Consumer,Technology,Phones,7,0.0,3250.75,520.12
ORD-101440,2023-03-30,Dubai,Consumer,Furniture,Storage,2,0.2,982.75,157.24
ORD-104937,2023-03-31,Dubai,Corporate,Furniture,Bookcases,5,0.0,947.48,265.29
ORD-104621,2023-03-31,Northern Emirates,SMB,Furniture,Bookcases,4,0.1,2030.86,446.79
ORD-104517,2023-03-31,Abu Dhabi,Consumer,Office Supplies,Pens,6,0.0,227.04,95.36
ORD-104950,2023-03-31,Dubai,Consumer,Technology,Monitors,6,0.1,3664.46,366.45
ORD-102694,2023-04-01,Abu Dhabi,Consumer,Office Supplies,Binders,2,0.2,36.78,11.03
ORD-103183,2023-04-01,Abu Dhabi,SMB,Technology,Monitors,2,0.0,992.8,158.85
ORD-103490,2023-04-01,Northern Emirates,Consumer,Office Supplies,Paper,2,0.0,136.94,57.51
ORD-102095,2023-04-01,Abu Dhabi,Consumer,Technology,Phones,2,0.2,1415.53,56.62
ORD-101079,2023-04-01,Dubai,Corporate,Furniture,Tables,4,0.2,2460.64,393.7
ORD-103410,2023-04-01,Sharjah,SMB,Office Supplies,Storage,5,0.0,246.08,103.35
ORD-101146,2023-04-02,Dubai,Corporate,Office Supplies,Pens,7,0.0,282.9,118.82
ORD-100897,2023-04-02,Sharjah,SMB,Office Supplies,Pens,5,0.0,315.12,132.35
ORD-104461,2023-04-02,Dubai,Consumer,Technology,Monitors,1,0.0,581.13,92.98
ORD-102512,2023-04-02,Abu Dhabi,Consumer,Technology,Monitors,1,0.0,622.04,99.53
ORD-103912,2023-04-02,Northern Emirates,Consumer,Technology,Laptops,4,0.2,3963.86,158.55
ORD-102476,2023-04-02,Sharjah,Consumer,Furniture,Storage,7,0.2,1777.48,284.4
ORD-102292,2023-04-02,Abu Dhabi,SMB,Furniture,Bookcases,2,0.0,808.69,226.43
ORD-100358,2023-04-02,Dubai,Consumer,Technology,Phones,7,0.3,3795.67,-75.91
ORD-100617,2023-04-02,Abu Dhabi,Consumer,Technology,Monitors,6,0.2,5057.65,202.31
ORD-101653,2023-04-02,Northern Emirates,Consumer,Technology,Laptops,8,0.1,5546.4,554.64
ORD-103500,2023-04-03,Abu Dhabi,Corporate,Office Supplies,Pens,7,0.0,273.5,114.87
ORD-103006,2023-04-03,Abu Dhabi,Corporate,Technology,Laptops,5,0.1,4728.23,472.82
ORD-100180,2023-04-03,Northern Emirates,SMB,Office Supplies,Binders,4,0.0,229.69,96.47
ORD-105503,2023-04-03,Abu Dhabi,SMB,Furniture,Storage,3,0.2,746.07,119.37
ORD-103250,2023-04-03,Northern Emirates,Corporate,Furniture,Bookcases,4,0.2,1205.86,192.94
ORD-104401,2023-04-03,Dubai,Consumer,Office Supplies,Paper,7,0.15,351.26,115.92
ORD-103143,2023-04-03,Northern Emirates,Corporate,Technology,Accessories,8,0.1,5116.29,511.63
ORD-105297,2023-04-03,Dubai,Corporate,Furniture,Bookcases,8,0.0,3192.15,893.8
ORD-101303,2023-04-03,Northern Emirates,Corporate,Technology,Laptops,4,0.0,2096.66,335.47
ORD-105080,2023-04-03,Sharjah,Corporate,Office Supplies,Paper,5,0.1,229.27,82.54
ORD-104762,2023-04-03,Dubai,Consumer,Furniture,Tables,1,0.15,643.29,122.23
ORD-100462,2023-04-03,Dubai,Corporate,Office Supplies,Paper,4,0.3,174.47,41.87
ORD-104213,2023-04-03,Abu Dhabi,Corporate,Furniture,Storage,2,0.0,511.9,143.33
ORD-101908,2023-04-03,Northern Emirates,Consumer,Furniture,Bookcases,6,0.0,2795.83,782.83
ORD-105221,2023-04-03,Dubai,Consumer,Furniture,Storage,8,0.0,1290.27,361.28
ORD-102415,2023-04-03,Sharjah,Corporate,Furniture,Storage,3,0.1,1246.39,274.21
ORD-104994,2023-04-04,Sharjah,Consumer,Office Supplies,Storage,5,0.0,224.86,94.44
ORD-100298,2023-04-04,Dubai,SMB,Technology,Monitors,8,0.0,3610.77,577.72
ORD-100676,2023-04-04,Dubai,Consumer,Technology,Monitors,7,0.0,5766.96,922.71
ORD-103105,2023-04-04,Abu Dhabi,Corporate,Furniture,Chairs,8,0.2,3954.94,632.79
ORD-100436,2023-04-04,Abu Dhabi,Consumer,Office Supplies,Binders,8,0.0,149.22,62.67
ORD-100670,2023-04-04,Dubai,Consumer,Furniture,Storage,6,0.2,1524.12,243.86
ORD-100016,2023-04-04,Abu Dhabi,Corporate,Technology,Phones,6,0.15,3221.2,225.48
ORD-100455,2023-04-04,Sharjah,Corporate,Office Supplies,Pens,5,0.0,246.58,103.56
ORD-105649,2023-04-05,Dubai,Corporate,Furniture,Chairs,8,0.0,5533.81,1549.47
ORD-103098,2023-04-05,Abu Dhabi,Consumer,Technology,Laptops,2,0.0,1353.27,216.52
ORD-103556,2023-04-05,Dubai,Consumer,Office Supplies,Paper,8,0.2,458.64,137.59
ORD-105766,2023-04-05,Sharjah,Corporate,Technology,Phones,3,0.2,2618.82,104.75
ORD-103887,2023-04-06,Abu Dhabi,Corporate,Technology,Monitors,2,0.1,1084.81,108.48
ORD-105563,2023-04-06,Northern Emirates,Corporate,Technology,Accessories,1,0.0,483.91,77.43
ORD-100145,2023-04-06,Dubai,Consumer,Technology,Laptops,1,0.2,481.37,19.25
ORD-104558,2023-04-06,Abu Dhabi,Consumer,Technology,Phones,8,0.0,5183.86,829.42
ORD-102909,2023-04-06,Sharjah,Corporate,Technology,Phones,8,0.0,5013.8,802.21
ORD-100922,2023-04-07,Sharjah,Consumer,Furniture,Tables,7,0.1,950.21,209.05
ORD-104574,2023-04-07,Sharjah,Consumer,Furniture,Storage,7,0.0,3780.74,1058.61
ORD-100667,2023-04-07,Dubai,SMB,Furniture,Bookcases,7,0.0,3594.18,1006.37
ORD-102130,2023-04-07,Abu Dhabi,Consumer,Technology,Phones,2,0.0,576.62,92.26
ORD-104046,2023-04-07,Abu Dhabi,Corporate,Technology,Laptops,2,0.3,900.98,-18.02
ORD-103828,2023-04-07,Sharjah,Consumer,Furniture,Tables,8,0.2,4456.95,713.11
ORD-102535,2023-04-07,Abu Dhabi,Consumer,Office Supplies,Binders,3,0.15,156.64,51.69
ORD-102929,2023-04-07,Sharjah,Consumer,Technology,Accessories,2,0.0,923.47,147.76
ORD-100615,2023-04-07,Dubai,Consumer,Furniture,Storage,4,0.0,1998.16,559.48
ORD-103730,2023-04-08,Abu Dhabi,SMB,Furniture,Chairs,3,0.3,986.73,98.67
ORD-103307,2023-04-08,Sharjah,SMB,Furniture,Tables,6,0.0,3713.08,1039.66
ORD-104554,2023-04-08,Sharjah,Consumer,Technology,Monitors,5,0.15,4929.54,345.07
ORD-102301,2023-04-08,Dubai,Consumer,Furniture,Storage,1,0.0,324.74,90.93
ORD-104834,2023-04-09,Dubai,SMB,Office Supplies,Pens,8,0.1,421.46,151.73
ORD-104448,2023-04-09,Abu Dhabi,Consumer,Furniture,Bookcases,3,0.0,965.74,270.41
ORD-102994,2023-04-09,Abu Dhabi,Consumer,Furniture,Bookcases,7,0.0,1967.43,550.88
ORD-101923,2023-04-09,Dubai,Consumer,Office Supplies,Paper,5,0.0,123.74,51.97
ORD-104553,2023-04-09,Sharjah,Consumer,Technology,Accessories,7,0.15,3056.84,213.98
ORD-104209,2023-04-09,Dubai,Corporate,Office Supplies,Pens,1,0.15,17.59,5.8
ORD-103599,2023-04-09,Dubai,Corporate,Office Supplies,Storage,5,0.3,99.89,23.97
ORD-105331,2023-04-09,Abu Dhabi,SMB,Office Supplies,Pens,2,0.3,59.22,14.21
ORD-105476,2023-04-09,Abu Dhabi,SMB,Technology,Accessories,2,0.0,768.76,123.0
ORD-104391,2023-04-09,Abu Dhabi,Corporate,Furniture,Tables,3,0.15,905.65,172.07
ORD-105926,2023-04-10,Sharjah,Corporate,Technology,Accessories,1,0.0,552.6,88.42
ORD-105125,2023-04-10,Dubai,Corporate,Office Supplies,Paper,3,0.1,125.96,45.35
ORD-100445,2023-04-10,Abu Dhabi,SMB,Office Supplies,Binders,6,0.0,141.56,59.46
ORD-105403,2023-04-10,Sharjah,Corporate,Technology,Accessories,3,0.0,2175.68,348.11
ORD-103325,2023-04-10,Sharjah,SMB,Technology,Laptops,7,0.2,5898.74,235.95
ORD-105120,2023-04-10,Sharjah,Consumer,Furniture,Tables,7,0.0,1732.22,485.02
ORD-103575,2023-04-10,Northern Emirates,SMB,Technology,Accessories,6,0.0,5234.79,837.57
ORD-104947,2023-04-10,Northern Emirates,Consumer,Office Supplies,Pens,1,0.0,46.29,19.44
ORD-104825,2023-04-11,Abu Dhabi,Consumer,Furniture,Storage,7,0.0,3328.51,931.98
ORD-104008,2023-04-11,Abu Dhabi,Consumer,Furniture,Storage,5,0.0,2818.04,789.05
ORD-105129,2023-04-11,Abu Dhabi,Corporate,Office Supplies,Paper,3,0.0,93.76,39.38
ORD-104220,2023-04-11,Sharjah,Consumer,Furniture,Storage,4,0.0,1720.29,481.68
ORD-103867,2023-04-11,Sharjah,Consumer,Office Supplies,Storage,5,0.0,335.02,140.71
ORD-100281,2023-04-11,Abu Dhabi,Corporate,Technology,Phones,6,0.1,2565.17,256.52
ORD-103601,2023-04-11,Sharjah,Corporate,Furniture,Storage,1,0.0,407.23,114.02
ORD-101881,2023-04-11,Northern Emirates,Consumer,Furniture,Storage,2,0.0,1006.02,281.69
ORD-101274,2023-04-11,Dubai,Consumer,Office Supplies,Paper,7,0.0,543.04,228.08
ORD-102653,2023-04-11,Dubai,Corporate,Office Supplies,Paper,6,0.1,305.69,110.05
ORD-104635,2023-04-11,Dubai,SMB,Furniture,Storage,3,0.3,1952.39,195.24
ORD-105281,2023-04-11,Sharjah,Consumer,Office Supplies,Pens,3,0.3,89.46,21.47
ORD-104441,2023-04-12,Sharjah,Consumer,Office Supplies,Binders,3,0.0,134.14,56.34
ORD-104615,2023-04-12,Abu Dhabi,Consumer,Technology,Phones,1,0.15,653.5,45.74
ORD-103854,2023-04-12,Dubai,Consumer,Technology,Monitors,2,0.0,982.48,157.2
ORD-103559,2023-04-12,Sharjah,Consumer,Technology,Phones,4,0.0,2271.48,363.44
ORD-100767,2023-04-12,Sharjah,Consumer,Office Supplies,Binders,3,0.2,131.38,39.41
ORD-101438,2023-04-12,Abu Dhabi,Corporate,Furniture,Storage,2,0.0,629.03,176.13
ORD-103961,2023-04-12,Sharjah,Consumer,Furniture,Bookcases,5,0.0,1524.34,426.82
ORD-100773,2023-04-12,Dubai,Corporate,Office Supplies,Pens,4,0.0,117.64,49.41
ORD-103026,2023-04-12,Sharjah,Consumer,Office Supplies,Paper,8,0.0,381.6,160.27
ORD-104986,2023-04-13,Northern Emirates,Corporate,Furniture,Chairs,1,0.2,509.9,81.58
ORD-100573,2023-04-13,Abu Dhabi,SMB,Furniture,Chairs,6,0.1,756.11,166.34
ORD-103108,2023-04-13,Abu Dhabi,Consumer,Technology,Phones,3,0.2,2037.0,81.48
ORD-102186,2023-04-13,Sharjah,SMB,Furniture,Bookcases,1,0.0,721.73,202.08
ORD-103842,2023-04-13,Northern Emirates,Consumer,Technology,Accessories,5,0.0,2316.53,370.64
ORD-104197,2023-04-13,Dubai,Consumer,Technology,Phones,5,0.0,3228.82,516.61
ORD-103649,2023-04-14,Dubai,Corporate,Furniture,Tables,3,0.1,1815.73,399.46
ORD-104645,2023-04-14,Dubai,Corporate,Technology,Phones,7,0.15,2998.79,209.92
ORD-100036,2023-04-14,Northern Emirates,Corporate,Office Supplies,Paper,7,0.0,133.18,55.94
ORD-100175,2023-04-14,Northern Emirates,Corporate,Office Supplies,Pens,5,0.15,143.65,47.4
ORD-103091,2023-04-14,Dubai,Consumer,Technology,Phones,7,0.0,6272.42,1003.59
ORD-105084,2023-04-14,Dubai,Corporate,Office Supplies,Storage,5,0.15,131.89,43.52
ORD-105771,2023-04-14,Dubai,Consumer,Technology,Phones,3,0.2,2476.64,99.07
ORD-103953,2023-04-15,Sharjah,SMB,Furniture,Tables,7,0.0,1482.66,415.14
ORD-101998,2023-04-15,Dubai,SMB,Technology,Accessories,2,0.15,1218.52,85.3
ORD-100599,2023-04-15,Dubai,Corporate,Furniture,Chairs,5,0.1,4242.46,933.34
ORD-101571,2023-04-15,Northern Emirates,Consumer,Furniture,Chairs,4,0.0,2085.02,583.81
ORD-103546,2023-04-15,Dubai,SMB,Furniture,Storage,4,0.1,1704.92,375.08
ORD-102708,2023-04-15,Sharjah,SMB,Furniture,Tables,3,0.15,639.45,121.5
ORD-102295,2023-04-15,Sharjah,Consumer,Furniture,Storage,1,0.1,424.86,93.47
ORD-102328,2023-04-15,Sharjah,Corporate,Furniture,Chairs,6,0.0,2185.98,612.07
ORD-102986,2023-04-15,Abu Dhabi,Corporate,Furniture,Tables,6,0.3,2352.52,235.25
ORD-101354,2023-04-16,Dubai,Consumer,Technology,Accessories,3,0.3,1240.11,-24.8
ORD-100563,2023-04-16,Northern Emirates,Consumer,Technology,Monitors,5,0.0,1372.5,219.6
ORD-101687,2023-04-16,Sharjah,Consumer,Technology,Laptops,2,0.2,1555.28,62.21
ORD-101461,2023-04-16,Abu Dhabi,Corporate,Furniture,Bookcases,6,0.0,4372.92,1224.42
ORD-102184,2023-04-16,Northern Emirates,Corporate,Office Supplies,Storage,4,0.0,177.65,74.61
ORD-103344,2023-04-16,Dubai,Corporate,Technology,Phones,7,0.2,3996.29,159.85
ORD-103584,2023-04-16,Abu Dhabi,Corporate,Technology,Phones,1,0.1,93.99,9.4
ORD-101218,2023-04-16,Dubai,Corporate,Technology,Monitors,7,0.0,4385.06,701.61
ORD-105500,2023-04-17,Dubai,SMB,Furniture,Storage,8,0.1,2578.26,567.22
ORD-102958,2023-04-17,Dubai,SMB,Office Supplies,Storage,1,0.2,34.35,10.3
ORD-100639,2023-04-17,Dubai,Consumer,Technology,Accessories,6,0.0,4026.79,644.29
ORD-103922,2023-04-17,Abu Dhabi,Corporate,Furniture,Storage,3,0.15,435.01,82.65
ORD-104477,2023-04-17,Dubai,Consumer,Furniture,Storage,8,0.0,1834.73,513.72
ORD-104354,2023-04-17,Northern Emirates,Corporate,Technology,Monitors,8,0.3,6739.74,-134.79
ORD-100137,2023-04-17,Dubai,Consumer,Furniture,Storage,4,0.0,1366.58,382.64
ORD-102996,2023-04-17,Northern Emirates,Consumer,Furniture,Storage,2,0.0,789.78,221.14
ORD-101040,2023-04-18,Dubai,Consumer,Furniture,Tables,3,0.0,1137.82,318.59
ORD-102692,2023-04-18,Dubai,Corporate,Technology,Phones,2,0.1,1675.32,167.53
ORD-101265,2023-04-18,Dubai,Corporate,Office Supplies,Paper,5,0.1,93.47,33.65
ORD-101944,2023-04-18,Dubai,Consumer,Technology,Phones,7,0.15,4302.61,301.18
ORD-101819,2023-04-18,Dubai,Corporate,Furniture,Chairs,3,0.0,1241.03,347.49
ORD-102898,2023-04-18,Sharjah,SMB,Office Supplies,Binders,7,0.0,146.96,61.72
ORD-104002,2023-04-18,Dubai,SMB,Office Supplies,Pens,2,0.0,104.62,43.94
ORD-101728,2023-04-19,Sharjah,Corporate,Office Supplies,Storage,1,0.3,70.14,16.83
ORD-104309,2023-04-19,Sharjah,Consumer,Office Supplies,Pens,7,0.1,269.74,97.11
ORD-105594,2023-04-19,Northern Emirates,Consumer,Office Supplies,Binders,4,0.0,221.68,93.11
ORD-105176,2023-04-19,Sharjah,Consumer,Furniture,Tables,6,0.15,1534.91,291.63
ORD-104500,2023-04-19,Abu Dhabi,SMB,Office Supplies,Binders,1,0.2,52.13,15.64
ORD-103359,2023-04-19,Abu Dhabi,Consumer,Office Supplies,Paper,8,0.0,228.87,96.13
ORD-104524,2023-04-19,Dubai,Corporate,Technology,Accessories,6,0.0,4223.06,675.69
ORD-102838,2023-04-19,Northern Emirates,SMB,Office Supplies,Pens,7,0.2,530.91,159.27
ORD-104775,2023-04-19,Abu Dhabi,Corporate,Technology,Monitors,2,0.0,1249.58,199.93
ORD-103662,2023-04-19,Abu Dhabi,Corporate,Technology,Laptops,4,0.2,1390.84,55.63
ORD-105289,2023-04-19,Dubai,SMB,Technology,Accessories,3,0.1,2479.02,247.9
ORD-104304,2023-04-19,Dubai,Consumer,Technology,Laptops,7,0.0,4860.4,777.66
ORD-103812,2023-04-20,Sharjah,Consumer,Office Supplies,Paper,4,0.0,152.67,64.12
ORD-101219,2023-04-20,Dubai,Consumer,Furniture,Chairs,4,0.0,2482.24,695.03
ORD-104284,2023-04-20,Sharjah,Consumer,Office Supplies,Binders,3,0.0,92.4,38.81
ORD-103830,2023-04-20,Abu Dhabi,Consumer,Office Supplies,Pens,2,0.0,88.45,37.15
ORD-101876,2023-04-20,Abu Dhabi,Corporate,Furniture,Chairs,7,0.3,3042.82,304.28
ORD-100046,2023-04-20,Dubai,Corporate,Furniture,Storage,7,0.3,2672.74,267.27
ORD-101757,2023-04-20,Abu Dhabi,Consumer,Technology,Phones,1,0.0,521.11,83.38
ORD-101695,2023-04-21,Abu Dhabi,SMB,Technology,Accessories,1,0.0,1028.38,164.54
ORD-101038,2023-04-21,Northern Emirates,Corporate,Office Supplies,Paper,6,0.0,296.31,124.45
ORD-100080,2023-04-21,Sharjah,Consumer,Technology,Accessories,6,0.15,3260.09,228.21
ORD-101473,2023-04-21,Dubai,Corporate,Furniture,Tables,7,0.3,5127.99,512.8
ORD-104605,2023-04-22,Dubai,Consumer,Office Supplies,Pens,2,0.3,38.32,9.2
ORD-101621,2023-04-22,Northern Emirates,SMB,Furniture,Bookcases,7,0.0,2643.46,740.17
ORD-104211,2023-04-22,Sharjah,Corporate,Office Supplies,Pens,7,0.0,445.23,187.0
ORD-105109,2023-04-22,Dubai,Consumer,Furniture,Bookcases,3,0.3,985.62,98.56
ORD-104513,2023-04-22,Sharjah,SMB,Technology,Monitors,8,0.0,3477.4,556.38
ORD-100567,2023-04-23,Dubai,SMB,Technology,Accessories,2,0.1,1388.38,138.84
ORD-105258,2023-04-23,Sharjah,Consumer,Technology,Accessories,4,0.0,2208.45,353.35
ORD-104405,2023-04-23,Sharjah,Corporate,Furniture,Tables,1,0.3,509.36,50.94
ORD-105389,2023-04-23,Abu Dhabi,Consumer,Office Supplies,Storage,1,0.15,24.58,8.11
ORD-102113,2023-04-23,Sharjah,Corporate,Furniture,Tables,5,0.1,2555.31,562.17
ORD-105016,2023-04-23,Sharjah,Corporate,Technology,Monitors,5,0.1,3661.06,366.11
ORD-104055,2023-04-24,Sharjah,Consumer,Office Supplies,Pens,1,0.0,29.39,12.34
ORD-105121,2023-04-24,Abu Dhabi,Consumer,Furniture,Tables,8,0.1,3272.39,719.93
ORD-103664,2023-04-24,Sharjah,Corporate,Technology,Phones,2,0.3,846.55,-16.93
ORD-101539,2023-04-24,Sharjah,Consumer,Furniture,Storage,5,0.0,1104.06,309.14
ORD-101762,2023-04-24,Sharjah,Consumer,Technology,Monitors,5,0.3,1236.91,-24.74
ORD-103691,2023-04-25,Abu Dhabi,Consumer,Furniture,Tables,7,0.15,2918.2,554.46
ORD-105111,2023-04-25,Abu Dhabi,Consumer,Office Supplies,Paper,2,0.3,113.23,27.18
ORD-103805,2023-04-25,Sharjah,SMB,Office Supplies,Binders,8,0.0,419.86,176.34
ORD-104841,2023-04-25,Dubai,Consumer,Technology,Phones,5,0.3,2725.54,-54.51
ORD-100123,2023-04-25,Northern Emirates,SMB,Technology,Accessories,7,0.0,3663.46,586.15
ORD-102823,2023-04-25,Dubai,Consumer,Furniture,Tables,5,0.0,2243.81,628.27
ORD-100529,2023-04-25,Abu Dhabi,SMB,Office Supplies,Paper,1,0.0,13.79,5.79
ORD-105134,2023-04-26,Dubai,SMB,Technology,Monitors,7,0.15,6296.88,440.78
ORD-105210,2023-04-26,Abu Dhabi,Consumer,Furniture,Tables,3,0.0,945.4,264.71
ORD-105828,2023-04-26,Abu Dhabi,Corporate,Office Supplies,Binders,8,0.2,324.99,97.5
ORD-104081,2023-04-26,Abu Dhabi,Consumer,Furniture,Tables,4,0.0,965.48,270.33
ORD-102582,2023-04-26,Abu Dhabi,Consumer,Technology,Monitors,2,0.0,1433.55,229.37
ORD-100229,2023-04-26,Dubai,SMB,Furniture,Tables,1,0.3,417.4,41.74
ORD-103308,2023-04-26,Northern Emirates,Corporate,Technology,Accessories,5,0.2,3520.22,140.81
ORD-102961,2023-04-27,Dubai,Consumer,Office Supplies,Binders,2,0.3,79.12,18.99
ORD-102931,2023-04-27,Dubai,Corporate,Furniture,Chairs,8,0.0,1821.97,510.15
ORD-105844,2023-04-27,Sharjah,SMB,Technology,Phones,4,0.0,3436.86,549.9
ORD-103028,2023-04-27,Abu Dhabi,Corporate,Technology,Accessories,2,0.0,1495.38,239.26
ORD-104941,2023-04-27,Dubai,SMB,Furniture,Storage,6,0.3,2668.7,266.87
ORD-100745,2023-04-28,Sharjah,SMB,Office Supplies,Binders,8,0.1,448.57,161.49
ORD-102655,2023-04-28,Dubai,Corporate,Office Supplies,Storage,7,0.15,237.31,78.31
ORD-105890,2023-04-28,Sharjah,Corporate,Office Supplies,Binders,8,0.1,402.44,144.88
ORD-100759,2023-04-28,Sharjah,SMB,Furniture,Chairs,4,0.15,1426.44,271.02
ORD-104412,2023-04-28,Abu Dhabi,Consumer,Technology,Accessories,5,0.15,3940.44,275.83
ORD-104612,2023-04-28,Northern Emirates,Consumer,Technology,Monitors,6,0.0,2603.4,416.54
ORD-103444,2023-04-28,Sharjah,Consumer,Technology,Phones,4,0.1,3966.71,396.67
ORD-105402,2023-04-28,Sharjah,Consumer,Technology,Accessories,7,0.0,5340.57,854.49
ORD-104390,2023-04-28,Dubai,Consumer,Technology,Laptops,1,0.1,624.47,62.45
ORD-101401,2023-04-29,Sharjah,Corporate,Office Supplies,Pens,4,0.1,219.87,79.15
ORD-101416,2023-04-29,Northern Emirates,Consumer,Office Supplies,Paper,1,0.2,43.17,12.95
ORD-105355,2023-04-29,Sharjah,Consumer,Furniture,Chairs,2,0.0,896.51,251.02
ORD-103560,2023-04-29,Sharjah,Consumer,Furniture,Tables,4,0.0,1881.26,526.75
ORD-100780,2023-04-29,Dubai,SMB,Furniture,Tables,6,0.0,3175.67,889.19
ORD-104289,2023-04-30,Sharjah,SMB,Technology,Phones,6,0.0,3082.34,493.17
ORD-102729,2023-04-30,Sharjah,Consumer,Technology,Accessories,2,0.0,1897.98,303.68
ORD-105676,2023-04-30,Dubai,Consumer,Furniture,Chairs,1,0.1,289.72,63.74
ORD-102195,2023-04-30,Northern Emirates,SMB,Technology,Monitors,1,0.15,218.86,15.32
ORD-102686,2023-04-30,Sharjah,SMB,Technology,Accessories,8,0.0,8454.62,1352.74
ORD-103141,2023-04-30,Abu Dhabi,Corporate,Furniture,Chairs,3,0.15,1954.43,371.34
ORD-102067,2023-04-30,Abu Dhabi,Corporate,Furniture,Bookcases,2,0.1,820.35,180.48
ORD-100782,2023-04-30,Northern Emirates,Consumer,Office Supplies,Storage,5,0.15,399.93,131.98
ORD-104182,2023-04-30,Dubai,Consumer,Technology,Phones,1,0.1,659.9,65.99
ORD-100738,2023-04-30,Dubai,Consumer,Office Supplies,Storage,1,0.0,53.44,22.44
ORD-100972,2023-04-30,Dubai,Corporate,Technology,Monitors,4,0.0,2056.69,329.07
ORD-105418,2023-05-01,Dubai,Corporate,Office Supplies,Binders,2,0.0,123.81,52.0
ORD-102576,2023-05-01,Dubai,Consumer,Office Supplies,Paper,4,0.0,95.95,40.3
ORD-104699,2023-05-01,Dubai,Consumer,Technology,Laptops,2,0.3,1624.79,-32.5
ORD-104842,2023-05-01,Abu Dhabi,SMB,Furniture,Tables,4,0.0,2010.29,562.88
ORD-103724,2023-05-01,Dubai,Consumer,Furniture,Chairs,1,0.0,456.36,127.78
ORD-104958,2023-05-01,Dubai,Consumer,Technology,Phones,5,0.1,3762.52,376.25
ORD-102755,2023-05-02,Dubai,Consumer,Technology,Phones,4,0.0,1795.86,287.34
ORD-102008,2023-05-02,Dubai,Consumer,Technology,Laptops,5,0.2,2571.74,102.87
ORD-105569,2023-05-02,Sharjah,Consumer,Technology,Phones,2,0.0,684.74,109.56
ORD-103032,2023-05-02,Sharjah,Corporate,Furniture,Tables,5,0.0,2535.38,709.91
ORD-103612,2023-05-02,Dubai,SMB,Technology,Monitors,3,0.3,2295.92,-45.92
ORD-104090,2023-05-02,Sharjah,Corporate,Technology,Monitors,1,0.15,646.29,45.24
ORD-104297,2023-05-02,Dubai,SMB,Technology,Laptops,5,0.0,3306.03,528.96
ORD-101000,2023-05-02,Dubai,Corporate,Furniture,Tables,4,0.1,1509.16,332.02
ORD-104552,2023-05-02,Sharjah,Consumer,Furniture,Chairs,7,0.1,4341.07,955.04
ORD-105224,2023-05-02,Dubai,Consumer,Technology,Monitors,4,0.3,5293.78,-105.88
ORD-100120,2023-05-02,Abu Dhabi,SMB,Office Supplies,Paper,3,0.1,55.92,20.13
ORD-103835,2023-05-02,Abu Dhabi,Corporate,Office Supplies,Storage,1,0.1,32.89,11.84
ORD-100236,2023-05-02,Abu Dhabi,Consumer,Furniture,Tables,2,0.1,717.66,157.89
ORD-102829,2023-05-02,Abu Dhabi,Corporate,Office Supplies,Paper,2,0.0,24.91,10.46
ORD-100136,2023-05-02,Abu Dhabi,Consumer,Furniture,Bookcases,8,0.0,3500.0,980.0
ORD-101748,2023-05-02,Northern Emirates,SMB,Office Supplies,Binders,5,0.0,210.24,88.3
ORD-102841,2023-05-02,Sharjah,Consumer,Furniture,Tables,1,0.0,358.95,100.51
ORD-102066,2023-05-02,Sharjah,Consumer,Technology,Laptops,1,0.0,668.2,106.91
ORD-105203,2023-05-03,Northern Emirates,Consumer,Technology,Laptops,8,0.0,5381.75,861.08
ORD-101598,2023-05-03,Dubai,Corporate,Furniture,Storage,4,0.15,1776.38,337.51
ORD-100111,2023-05-03,Dubai,Consumer,Technology,Phones,2,0.1,2067.5,206.75
ORD-103461,2023-05-03,Abu Dhabi,Consumer,Office Supplies,Storage,2,0.0,96.82,40.66
ORD-104694,2023-05-04,Dubai,Corporate,Technology,Accessories,2,0.3,997.56,-19.95
ORD-104242,2023-05-04,Northern Emirates,Consumer,Office Supplies,Binders,8,0.1,272.34,98.04
ORD-102788,2023-05-04,Abu Dhabi,Consumer,Office Supplies,Paper,5,0.0,217.7,91.43
ORD-104269,2023-05-04,Abu Dhabi,Consumer,Office Supplies,Paper,8,0.0,362.7,152.33
ORD-105831,2023-05-04,Dubai,SMB,Furniture,Bookcases,5,0.1,1369.98,301.4
ORD-100077,2023-05-04,Sharjah,Consumer,Office Supplies,Binders,2,0.15,84.51,27.89
ORD-100748,2023-05-04,Sharjah,Corporate,Technology,Accessories,4,0.0,2655.37,424.86
ORD-100852,2023-05-04,Sharjah,SMB,Furniture,Chairs,6,0.0,1433.49,401.38
ORD-105204,2023-05-05,Abu Dhabi,SMB,Office Supplies,Storage,4,0.0,164.63,69.14
ORD-105206,2023-05-05,Dubai,Consumer,Furniture,Tables,1,0.15,430.3,81.76
ORD-105378,2023-05-05,Sharjah,Consumer,Technology,Accessories,8,0.0,2062.49,330.0
ORD-104569,2023-05-05,Abu Dhabi,SMB,Office Supplies,Binders,4,0.1,177.96,64.07
ORD-100450,2023-05-05,Dubai,SMB,Technology,Phones,3,0.0,2297.51,367.6
ORD-100492,2023-05-05,Sharjah,Corporate,Furniture,Bookcases,3,0.1,2157.58,474.67
ORD-100721,2023-05-05,Sharjah,Consumer,Technology,Monitors,8,0.0,4254.31,680.69
ORD-101996,2023-05-05,Abu Dhabi,Corporate,Furniture,Storage,1,0.0,305.08,85.42
ORD-105480,2023-05-05,Northern Emirates,Corporate,Technology,Accessories,7,0.0,5240.47,838.48
ORD-103979,2023-05-05,Dubai,SMB,Furniture,Chairs,4,0.0,2391.88,669.73
ORD-103209,2023-05-06,Sharjah,SMB,Office Supplies,Paper,7,0.3,304.46,73.07
ORD-102982,2023-05-06,Abu Dhabi,Consumer,Office Supplies,Pens,8,0.0,244.54,102.71
ORD-102554,2023-05-06,Abu Dhabi,Consumer,Furniture,Tables,3,0.0,1249.76,349.93
ORD-100303,2023-05-06,Abu Dhabi,Consumer,Technology,Phones,4,0.0,2154.63,344.74
ORD-100997,2023-05-06,Abu Dhabi,SMB,Technology,Monitors,3,0.15,2008.03,140.56
ORD-100476,2023-05-06,Dubai,Consumer,Office Supplies,Storage,7,0.0,89.09,37.42
ORD-103647,2023-05-07,Northern Emirates,Consumer,Technology,Laptops,7,0.2,3508.09,140.32
ORD-100559,2023-05-07,Dubai,Consumer,Office Supplies,Paper,5,0.1,205.79,74.08
ORD-101394,2023-05-07,Dubai,Consumer,Furniture,Tables,5,0.2,3348.08,535.69
ORD-100702,2023-05-07,Sharjah,Corporate,Office Supplies,Storage,7,0.0,284.27,119.39
ORD-102049,2023-05-07,Sharjah,SMB,Office Supplies,Storage,7,0.0,393.6,165.31
ORD-101351,2023-05-07,Abu Dhabi,Corporate,Office Supplies,Storage,1,0.1,56.39,20.3
ORD-102802,2023-05-07,Dubai,SMB,Office Supplies,Paper,7,0.1,440.16,158.46
ORD-100889,2023-05-07,Dubai,Consumer,Office Supplies,Storage,5,0.15,165.47,54.61
ORD-104181,2023-05-07,Sharjah,Corporate,Furniture,Bookcases,4,0.0,461.02,129.09
ORD-104729,2023-05-07,Dubai,Consumer,Office Supplies,Binders,2,0.2,21.95,6.58
ORD-104214,2023-05-07,Northern Emirates,Consumer,Technology,Accessories,8,0.0,4912.15,785.94
ORD-102503,2023-05-08,Dubai,SMB,Office Supplies,Pens,6,0.1,423.81,152.57
ORD-104845,2023-05-08,Sharjah,Consumer,Office Supplies,Paper,4,0.15,117.74,38.85
ORD-104803,2023-05-08,Abu Dhabi,Consumer,Furniture,Tables,8,0.0,3145.62,880.77
ORD-104974,2023-05-08,Dubai,Consumer,Technology,Laptops,7,0.1,3689.81,368.98
ORD-102336,2023-05-08,Sharjah,Consumer,Technology,Phones,7,0.0,3681.86,589.1
ORD-105808,2023-05-08,Abu Dhabi,Consumer,Furniture,Tables,4,0.0,1256.61,351.85
ORD-105776,2023-05-08,Abu Dhabi,SMB,Office Supplies,Pens,3,0.3,139.82,33.56
ORD-100485,2023-05-08,Dubai,Consumer,Furniture,Bookcases,6,0.0,4049.26,1133.79
ORD-101149,2023-05-08,Dubai,SMB,Furniture,Bookcases,7,0.0,677.78,189.78
ORD-104903,2023-05-08,Northern Emirates,Consumer,Office Supplies,Storage,2,0.3,97.1,23.3
ORD-102469,2023-05-08,Dubai,Consumer,Technology,Phones,5,0.3,3443.51,-68.87
ORD-104655,2023-05-08,Sharjah,Consumer,Technology,Phones,5,0.0,5352.34,856.37
ORD-103696,2023-05-09,Northern Emirates,Consumer,Technology,Monitors,6,0.0,3753.36,600.54
ORD-101560,2023-05-09,Dubai,SMB,Office Supplies,Binders,5,0.2,331.14,99.34
ORD-101818,2023-05-10,Dubai,SMB,Office Supplies,Binders,6,0.0,272.3,114.37
ORD-104254,2023-05-10,Northern Emirates,SMB,Technology,Monitors,1,0.0,602.13,96.34
ORD-102290,2023-05-10,Sharjah,Consumer,Furniture,Bookcases,7,0.15,4416.3,839.1
ORD-102373,2023-05-10,Dubai,SMB,Technology,Monitors,6,0.15,4545.0,318.15
ORD-103239,2023-05-10,Northern Emirates,Corporate,Furniture,Tables,2,0.0,775.83,217.23
ORD-102391,2023-05-10,Sharjah,Consumer,Furniture,Storage,2,0.1,643.64,141.6
ORD-104470,2023-05-10,Northern Emirates,Consumer,Furniture,Chairs,5,0.0,2065.4,578.31
ORD-103852,2023-05-10,Sharjah,Corporate,Furniture,Chairs,2,0.2,553.79,88.61
ORD-103845,2023-05-11,Dubai,Corporate,Office Supplies,Binders,2,0.2,92.54,27.76
ORD-102344,2023-05-11,Dubai,Consumer,Office Supplies,Binders,6,0.0,234.17,98.35
ORD-104385,2023-05-11,Dubai,Consumer,Furniture,Chairs,2,0.1,1325.37,291.58
ORD-104314,2023-05-11,Abu Dhabi,Corporate,Technology,Laptops,2,0.0,2157.64,345.22
ORD-101036,2023-05-11,Abu Dhabi,Consumer,Office Supplies,Paper,2,0.0,78.37,32.92
ORD-105837,2023-05-11,Abu Dhabi,SMB,Furniture,Storage,4,0.1,2369.36,521.26
ORD-104425,2023-05-12,Abu Dhabi,Consumer,Office Supplies,Storage,5,0.15,155.59,51.34
ORD-101667,2023-05-12,Abu Dhabi,Consumer,Furniture,Bookcases,4,0.1,1141.12,251.05
ORD-102061,2023-05-12,Dubai,Consumer,Office Supplies,Pens,1,0.0,22.76,9.56
ORD-105416,2023-05-12,Dubai,Corporate,Technology,Monitors,1,0.0,993.09,158.89
ORD-105664,2023-05-12,Dubai,SMB,Technology,Phones,2,0.0,1725.73,276.12
ORD-101060,2023-05-12,Northern Emirates,Consumer,Office Supplies,Binders,2,0.0,78.86,33.12
ORD-105593,2023-05-12,Dubai,Corporate,Office Supplies,Paper,7,0.1,440.76,158.67
ORD-100714,2023-05-12,Dubai,Consumer,Office Supplies,Storage,8,0.15,321.88,106.22
ORD-101062,2023-05-13,Dubai,Consumer,Furniture,Bookcases,5,0.15,2296.07,436.25
ORD-105214,2023-05-13,Dubai,Corporate,Technology,Accessories,8,0.1,5367.04,536.7
ORD-100328,2023-05-13,Sharjah,Consumer,Technology,Phones,5,0.0,3413.28,546.12
ORD-105299,2023-05-13,Dubai,SMB,Furniture,Tables,4,0.15,1408.75,267.66
ORD-102715,2023-05-13,Abu Dhabi,Consumer,Technology,Phones,7,0.2,3502.3,140.09
ORD-100899,2023-05-13,Abu Dhabi,SMB,Technology,Laptops,5,0.1,2411.96,241.2
ORD-100109,2023-05-13,Sharjah,Consumer,Office Supplies,Paper,1,0.0,34.36,14.43
ORD-101298,2023-05-13,Dubai,SMB,Furniture,Chairs,6,0.15,1508.97,286.7
ORD-105883,2023-05-13,Dubai,Consumer,Furniture,Storage,4,0.15,1498.21,284.66
ORD-101436,2023-05-13,Abu Dhabi,Consumer,Furniture,Storage,2,0.0,673.61,188.61
ORD-105604,2023-05-13,Abu Dhabi,SMB,Office Supplies,Pens,2,0.15,102.41,33.8
ORD-100302,2023-05-13,Abu Dhabi,Corporate,Technology,Monitors,1,0.1,612.96,61.3
ORD-102269,2023-05-14,Sharjah,SMB,Furniture,Tables,8,0.1,3991.87,878.21
ORD-101744,2023-05-14,Dubai,SMB,Office Supplies,Paper,3,0.0,104.96,44.08
ORD-102988,2023-05-14,Dubai,Corporate,Technology,Monitors,7,0.1,5607.64,560.76
ORD-101108,2023-05-14,Dubai,Consumer,Furniture,Storage,2,0.0,903.59,253.01
ORD-100197,2023-05-14,Dubai,Consumer,Furniture,Tables,7,0.0,1123.86,314.68
ORD-104087,2023-05-14,Dubai,Corporate,Furniture,Chairs,8,0.0,3360.49,940.94
ORD-102543,2023-05-14,Northern Emirates,Corporate,Furniture,Tables,2,0.0,576.05,161.29
ORD-104669,2023-05-14,Sharjah,Consumer,Technology,Monitors,3,0.0,1024.02,163.84
ORD-102978,2023-05-14,Dubai,Corporate,Technology,Monitors,5,0.0,3210.04,513.61
ORD-100421,2023-05-14,Dubai,Consumer,Technology,Monitors,1,0.0,467.87,74.86
ORD-100820,2023-05-14,Dubai,Consumer,Furniture,Storage,2,0.3,915.53,91.55
ORD-102597,2023-05-14,Dubai,Consumer,Technology,Accessories,2,0.1,1544.23,154.42
ORD-104344,2023-05-14,Sharjah,Consumer,Technology,Monitors,2,0.0,1553.57,248.57
ORD-100626,2023-05-14,Dubai,Consumer,Technology,Accessories,1,0.0,858.87,137.42
ORD-105341,2023-05-14,Sharjah,Consumer,Office Supplies,Storage,7,0.0,456.8,191.86
ORD-104905,2023-05-15,Dubai,Consumer,Technology,Laptops,4,0.15,2026.26,141.84
ORD-100094,2023-05-15,Sharjah,Consumer,Technology,Accessories,4,0.0,2441.57,390.65
ORD-103514,2023-05-15,Abu Dhabi,Corporate,Furniture,Storage,4,0.2,2074.35,331.9
ORD-101486,2023-05-15,Dubai,Corporate,Furniture,Chairs,1,0.15,488.09,92.74
ORD-104457,2023-05-15,Abu Dhabi,Consumer,Technology,Accessories,8,0.1,4159.02,415.9
ORD-105793,2023-05-15,Dubai,Consumer,Technology,Accessories,1,0.0,511.91,81.91
ORD-100301,2023-05-15,Dubai,Corporate,Furniture,Chairs,1,0.2,453.37,72.54
ORD-102830,2023-05-15,Dubai,Consumer,Office Supplies,Pens,7,0.15,212.21,70.03
ORD-103036,2023-05-16,Sharjah,SMB,Technology,Laptops,6,0.1,2957.7,295.77
ORD-100755,2023-05-16,Abu Dhabi,Corporate,Furniture,Bookcases,4,0.1,1725.36,379.58
ORD-105914,2023-05-16,Dubai,Corporate,Technology,Accessories,1,0.1,825.08,82.51
ORD-105838,2023-05-16,Abu Dhabi,Consumer,Furniture,Chairs,5,0.0,1242.56,347.92
ORD-100817,2023-05-16,Sharjah,Consumer,Office Supplies,Paper,5,0.15,285.32,94.16
ORD-104817,2023-05-16,Dubai,Consumer,Furniture,Bookcases,2,0.0,745.68,208.79
ORD-105310,2023-05-16,Dubai,Consumer,Office Supplies,Binders,6,0.2,313.95,94.18
ORD-104486,2023-05-16,Dubai,Corporate,Technology,Laptops,6,0.15,1873.63,131.15
ORD-102069,2023-05-16,Abu Dhabi,SMB,Technology,Laptops,4,0.1,971.91,97.19
ORD-102502,2023-05-16,Dubai,SMB,Technology,Monitors,5,0.0,3313.68,530.19
ORD-104785,2023-05-17,Abu Dhabi,SMB,Furniture,Tables,5,0.0,2989.62,837.09
ORD-100068,2023-05-17,Sharjah,Corporate,Technology,Monitors,1,0.0,716.7,114.67
ORD-103509,2023-05-17,Abu Dhabi,SMB,Office Supplies,Pens,7,0.1,296.75,106.83
ORD-104910,2023-05-17,Dubai,Corporate,Technology,Accessories,8,0.3,7542.62,-150.85
ORD-105144,2023-05-17,Dubai,SMB,Office Supplies,Paper,1,0.0,40.35,16.95
ORD-100209,2023-05-17,Abu Dhabi,Corporate,Technology,Monitors,8,0.2,5596.39,223.86
ORD-100858,2023-05-17,Sharjah,SMB,Technology,Monitors,3,0.0,1830.46,292.87
ORD-103052,2023-05-17,Abu Dhabi,Consumer,Technology,Monitors,5,0.0,6202.71,992.43
ORD-105885,2023-05-17,Abu Dhabi,Consumer,Office Supplies,Storage,1,0.0,65.04,27.32
ORD-103358,2023-05-17,Abu Dhabi,Consumer,Furniture,Bookcases,8,0.0,3564.86,998.16
ORD-105968,2023-05-18,Dubai,SMB,Office Supplies,Pens,4,0.1,234.28,84.34
ORD-104748,2023-05-18,Sharjah,SMB,Technology,Monitors,2,0.0,1681.77,269.08
ORD-100800,2023-05-18,Dubai,Corporate,Furniture,Tables,7,0.1,3635.31,799.77
ORD-104683,2023-05-18,Dubai,Consumer,Technology,Laptops,5,0.15,3318.34,232.28
ORD-102687,2023-05-18,Dubai,Corporate,Technology,Accessories,4,0.1,711.6,71.16
ORD-104115,2023-05-18,Dubai,Consumer,Technology,Monitors,8,0.0,4737.35,757.98
ORD-104231,2023-05-18,Dubai,Consumer,Technology,Monitors,7,0.1,4296.99,429.7
ORD-104062,2023-05-18,Abu Dhabi,Consumer,Furniture,Chairs,3,0.1,1620.21,356.45
ORD-101867,2023-05-18,Dubai,SMB,Office Supplies,Pens,2,0.0,100.25,42.1
ORD-102375,2023-05-18,Sharjah,SMB,Furniture,Tables,4,0.0,1767.36,494.86
ORD-104426,2023-05-18,Dubai,Consumer,Office Supplies,Binders,5,0.2,311.34,93.4
ORD-100505,2023-05-18,Dubai,Corporate,Furniture,Storage,4,0.0,1387.74,388.57
ORD-101862,2023-05-18,Abu Dhabi,Corporate,Office Supplies,Binders,5,0.0,267.13,112.19
ORD-102621,2023-05-18,Dubai,Consumer,Furniture,Chairs,2,0.1,817.12,179.77
ORD-103648,2023-05-18,Dubai,Corporate,Furniture,Chairs,3,0.0,1181.64,330.86
ORD-103650,2023-05-18,Northern Emirates,SMB,Office Supplies,Paper,7,0.2,405.88,121.76
ORD-105904,2023-05-19,Northern Emirates,Corporate,Technology,Phones,6,0.0,2436.03,389.76
ORD-100938,2023-05-19,Dubai,Consumer,Technology,Phones,2,0.15,1316.69,92.17
ORD-105461,2023-05-19,Dubai,Consumer,Technology,Monitors,7,0.0,6955.65,1112.9
ORD-105128,2023-05-19,Sharjah,Consumer,Technology,Accessories,4,0.3,3353.76,-67.08
ORD-100467,2023-05-19,Northern Emirates,Consumer,Technology,Monitors,6,0.1,3595.52,359.55
ORD-103345,2023-05-19,Dubai,Consumer,Office Supplies,Storage,8,0.1,307.41,110.67
ORD-103475,2023-05-19,Northern Emirates,Corporate,Office Supplies,Storage,5,0.15,258.39,85.27
ORD-104985,2023-05-19,Abu Dhabi,Corporate,Office Supplies,Binders,6,0.0,408.58,171.6
ORD-105184,2023-05-19,Abu Dhabi,Consumer,Furniture,Bookcases,3,0.0,497.02,139.17
ORD-102434,2023-05-19,Abu Dhabi,SMB,Furniture,Bookcases,5,0.0,2848.37,797.54
ORD-100280,2023-05-19,Abu Dhabi,Consumer,Office Supplies,Storage,2,0.1,68.88,24.8
ORD-100590,2023-05-19,Abu Dhabi,SMB,Office Supplies,Storage,5,0.2,135.24,40.57
ORD-102837,2023-05-19,Abu Dhabi,Consumer,Office Supplies,Pens,5,0.1,181.7,65.41
ORD-102564,2023-05-19,Dubai,Consumer,Furniture,Chairs,1,0.0,293.08,82.06
ORD-103677,2023-05-20,Sharjah,SMB,Technology,Phones,7,0.0,4517.93,722.87
ORD-104358,2023-05-20,Abu Dhabi,Consumer,Technology,Monitors,4,0.0,4284.06,685.45
ORD-103776,2023-05-20,Dubai,Consumer,Furniture,Tables,2,0.0,1197.35,335.26
ORD-101239,2023-05-20,Abu Dhabi,Consumer,Furniture,Storage,2,0.2,1138.73,182.2
ORD-103412,2023-05-20,Dubai,SMB,Technology,Monitors,2,0.0,1603.23,256.52
ORD-100089,2023-05-20,Abu Dhabi,SMB,Furniture,Chairs,4,0.0,1358.19,380.29
ORD-102551,2023-05-20,Northern Emirates,Consumer,Technology,Phones,5,0.1,3870.5,387.05
ORD-104202,2023-05-20,Dubai,Consumer,Office Supplies,Storage,2,0.1,89.74,32.31
ORD-105544,2023-05-21,Northern Emirates,Consumer,Technology,Phones,2,0.0,1171.32,187.41
ORD-103850,2023-05-21,Abu Dhabi,Corporate,Office Supplies,Storage,2,0.0,50.85,21.36
ORD-103043,2023-05-21,Dubai,Consumer,Furniture,Chairs,2,0.0,708.35,198.34
ORD-104820,2023-05-21,Sharjah,Consumer,Office Supplies,Binders,8,0.1,166.28,59.86
ORD-105458,2023-05-21,Dubai,Consumer,Furniture,Tables,8,0.0,2565.14,718.24
ORD-100777,2023-05-21,Abu Dhabi,Corporate,Furniture,Bookcases,6,0.0,4429.96,1240.39
ORD-104865,2023-05-21,Dubai,Corporate,Furniture,Bookcases,7,0.15,3859.15,733.24
ORD-103367,2023-05-21,Abu Dhabi,Corporate,Office Supplies,Storage,7,0.0,154.06,64.71
ORD-105945,2023-05-22,Abu Dhabi,Consumer,Furniture,Tables,6,0.0,1165.25,326.27
ORD-101743,2023-05-22,Dubai,SMB,Technology,Accessories,5,0.15,3385.45,236.98
ORD-101266,2023-05-22,Abu Dhabi,Consumer,Office Supplies,Paper,6,0.3,438.71,105.29
ORD-100570,2023-05-22,Dubai,Corporate,Furniture,Chairs,5,0.1,1329.43,292.47
ORD-104679,2023-05-22,Sharjah,Consumer,Furniture,Storage,5,0.15,1820.61,345.92
ORD-104020,2023-05-22,Sharjah,Corporate,Office Supplies,Binders,2,0.0,123.04,51.68
ORD-104168,2023-05-22,Dubai,SMB,Office Supplies,Binders,8,0.0,371.84,156.17
ORD-102329,2023-05-23,Dubai,Consumer,Furniture,Tables,2,0.2,885.44,141.67
ORD-101175,2023-05-23,Dubai,Consumer,Office Supplies,Binders,7,0.15,405.5,133.82
ORD-100827,2023-05-23,Dubai,SMB,Office Supplies,Pens,5,0.0,202.77,85.16
ORD-103063,2023-05-23,Abu Dhabi,SMB,Furniture,Chairs,5,0.15,2190.52,416.2
ORD-103025,2023-05-23,Dubai,SMB,Office Supplies,Pens,6,0.1,195.12,70.24
ORD-100375,2023-05-23,Dubai,Consumer,Furniture,Tables,6,0.0,1286.64,360.26
ORD-102818,2023-05-23,Abu Dhabi,SMB,Furniture,Storage,3,0.0,1789.48,501.05
ORD-100843,2023-05-23,Dubai,Corporate,Furniture,Bookcases,4,0.15,2085.39,396.22
ORD-105262,2023-05-23,Abu Dhabi,Consumer,Furniture,Bookcases,1,0.2,395.2,63.23
ORD-103544,2023-05-23,Sharjah,Corporate,Furniture,Chairs,4,0.15,673.98,128.06
ORD-105068,2023-05-23,Dubai,SMB,Technology,Monitors,7,0.3,4625.73,-92.51
ORD-100274,2023-05-24,Sharjah,SMB,Office Supplies,Pens,5,0.0,266.78,112.05
ORD-100960,2023-05-24,Dubai,Consumer,Office Supplies,Paper,4,0.1,284.49,102.42
ORD-105954,2023-05-24,Abu Dhabi,Consumer,Technology,Phones,4,0.1,3388.4,338.84
ORD-102979,2023-05-24,Abu Dhabi,SMB,Office Supplies,Binders,7,0.1,266.99,96.12
ORD-101311,2023-05-24,Sharjah,Consumer,Technology,Accessories,5,0.1,4173.3,417.33
ORD-104158,2023-05-24,Dubai,Corporate,Technology,Phones,4,0.2,1755.48,70.22
ORD-101087,2023-05-25,Sharjah,Corporate,Office Supplies,Storage,7,0.0,244.78,102.81
ORD-102784,2023-05-25,Abu Dhabi,Consumer,Office Supplies,Pens,3,0.2,171.78,51.53
ORD-105935,2023-05-25,Dubai,Corporate,Technology,Phones,1,0.0,716.39,114.62
ORD-105852,2023-05-25,Sharjah,SMB,Furniture,Chairs,7,0.0,1845.86,516.84
ORD-105504,2023-05-25,Dubai,Corporate,Technology,Laptops,5,0.1,3625.17,362.52
ORD-100082,2023-05-25,Northern Emirates,Corporate,Office Supplies,Binders,2,0.1,47.15,16.97
ORD-102901,2023-05-26,Dubai,Consumer,Office Supplies,Binders,5,0.15,284.09,93.75
ORD-101635,2023-05-26,Dubai,Corporate,Technology,Laptops,7,0.1,3518.3,351.83
ORD-105568,2023-05-26,Sharjah,Consumer,Technology,Accessories,3,0.0,1405.32,224.85
ORD-102637,2023-05-26,Abu Dhabi,SMB,Technology,Phones,6,0.0,4645.36,743.26
ORD-103415,2023-05-27,Abu Dhabi,Consumer,Technology,Accessories,4,0.0,1336.05,213.77
ORD-103829,2023-05-27,Dubai,Corporate,Furniture,Storage,3,0.1,1528.6,336.29
ORD-103487,2023-05-27,Northern Emirates,Consumer,Technology,Phones,1,0.2,801.99,32.08
ORD-102406,2023-05-27,Northern Emirates,Corporate,Technology,Laptops,4,0.3,1708.71,-34.17
ORD-102443,2023-05-27,Abu Dhabi,Corporate,Office Supplies,Paper,5,0.0,274.49,115.29
ORD-103168,2023-05-27,Dubai,Consumer,Technology,Phones,6,0.0,3856.05,616.97
ORD-102185,2023-05-27,Northern Emirates,Consumer,Furniture,Tables,5,0.2,3201.77,512.28
ORD-105784,2023-05-27,Abu Dhabi,Consumer,Technology,Laptops,3,0.1,2172.85,217.28
ORD-103376,2023-05-27,Abu Dhabi,Consumer,Technology,Phones,3,0.2,1626.96,65.08
ORD-104237,2023-05-27,Dubai,Consumer,Technology,Accessories,6,0.0,2312.56,370.01
ORD-105091,2023-05-28,Dubai,Consumer,Technology,Monitors,3,0.0,2239.37,358.3
ORD-102981,2023-05-28,Dubai,Consumer,Technology,Accessories,8,0.3,7166.76,-143.34
ORD-103756,2023-05-28,Abu Dhabi,Consumer,Technology,Monitors,1,0.0,831.64,133.06
ORD-105750,2023-05-28,Dubai,Corporate,Technology,Accessories,6,0.1,4841.51,484.15
ORD-100683,2023-05-28,Sharjah,SMB,Furniture,Bookcases,5,0.0,3003.73,841.04
ORD-100881,2023-05-28,Dubai,SMB,Furniture,Storage,8,0.0,3202.07,896.58
ORD-103178,2023-05-28,Abu Dhabi,Consumer,Office Supplies,Paper,4,0.1,208.37,75.01
ORD-100359,2023-05-28,Dubai,SMB,Office Supplies,Pens,3,0.0,24.0,10.08
ORD-105027,2023-05-28,Abu Dhabi,Corporate,Office Supplies,Binders,3,0.0,130.9,54.98
ORD-100719,2023-05-29,Sharjah,SMB,Office Supplies,Storage,6,0.15,89.7,29.6
ORD-102717,2023-05-29,Sharjah,SMB,Furniture,Bookcases,8,0.0,4013.35,1123.74
ORD-104878,2023-05-29,Abu Dhabi,Consumer,Office Supplies,Binders,8,0.15,374.77,123.67
ORD-103569,2023-05-29,Abu Dhabi,Consumer,Technology,Laptops,2,0.0,667.24,106.76
ORD-105298,2023-05-29,Sharjah,Corporate,Technology,Accessories,6,0.0,2280.96,364.95
ORD-105816,2023-05-29,Sharjah,Consumer,Technology,Accessories,8,0.2,7363.4,294.54
ORD-104155,2023-05-30,Abu Dhabi,Consumer,Furniture,Chairs,7,0.1,2517.09,553.76
ORD-101690,2023-05-30,Sharjah,Corporate,Technology,Accessories,1,0.0,705.17,112.83
ORD-105272,2023-05-30,Sharjah,Consumer,Technology,Accessories,7,0.15,4995.67,349.7
ORD-102255,2023-05-30,Abu Dhabi,SMB,Furniture,Chairs,1,0.0,356.27,99.76
ORD-104212,2023-05-30,Abu Dhabi,Consumer,Furniture,Chairs,1,0.3,591.56,59.16
ORD-104169,2023-05-30,Dubai,Corporate,Technology,Phones,5,0.0,1873.76,299.8
ORD-105248,2023-05-30,Dubai,Consumer,Office Supplies,Storage,6,0.0,347.77,146.06
ORD-105097,2023-05-30,Sharjah,Consumer,Technology,Phones,1,0.0,753.31,120.53
ORD-102650,2023-05-30,Abu Dhabi,Consumer,Furniture,Bookcases,5,0.0,2057.34,576.06
ORD-100187,2023-05-31,Dubai,Consumer,Office Supplies,Storage,3,0.2,122.36,36.71
ORD-101012,2023-05-31,Dubai,Corporate,Office Supplies,Paper,3,0.0,191.37,80.38
ORD-101545,2023-05-31,Dubai,Corporate,Office Supplies,Pens,8,0.0,391.71,164.52
ORD-100459,2023-05-31,Abu Dhabi,SMB,Furniture,Tables,7,0.0,3270.31,915.69
ORD-100539,2023-05-31,Abu Dhabi,Consumer,Furniture,Tables,8,0.2,6553.78,1048.6
ORD-105482,2023-05-31,Dubai,Consumer,Furniture,Chairs,2,0.15,970.8,184.45
ORD-101458,2023-05-31,Dubai,Consumer,Technology,Accessories,6,0.1,2050.21,205.02
ORD-100503,2023-05-31,Sharjah,Consumer,Furniture,Storage,3,0.0,777.72,217.76
ORD-100201,2023-05-31,Abu Dhabi,Consumer,Office Supplies,Binders,6,0.1,336.43,121.11
ORD-103502,2023-06-01,Dubai,Consumer,Technology,Laptops,2,0.0,699.08,111.85
ORD-102305,2023-06-01,Abu Dhabi,SMB,Furniture,Tables,6,0.15,976.31,185.5
ORD-104920,2023-06-01,Sharjah,SMB,Technology,Accessories,2,0.1,1234.75,123.48
ORD-105014,2023-06-01,Dubai,Consumer,Office Supplies,Binders,8,0.0,389.55,163.61
ORD-105964,2023-06-01,Northern Emirates,Corporate,Technology,Accessories,4,0.15,1573.3,110.13
ORD-105044,2023-06-01,Sharjah,Consumer,Technology,Monitors,2,0.1,295.85,29.59
ORD-104935,2023-06-01,Dubai,Consumer,Office Supplies,Pens,8,0.2,282.89,84.87
ORD-102268,2023-06-01,Dubai,Corporate,Technology,Phones,4,0.0,3883.85,621.42
ORD-105919,2023-06-01,Northern Emirates,Corporate,Office Supplies,Pens,5,0.0,237.46,99.73
ORD-101933,2023-06-01,Abu Dhabi,Corporate,Technology,Monitors,7,0.1,3045.51,304.55
ORD-104885,2023-06-02,Sharjah,Consumer,Office Supplies,Paper,1,0.0,56.55,23.75
ORD-102037,2023-06-02,Sharjah,Corporate,Technology,Accessories,7,0.1,5042.32,504.23
ORD-105216,2023-06-02,Dubai,SMB,Office Supplies,Pens,7,0.1,343.32,123.6
ORD-103594,2023-06-02,Northern Emirates,Consumer,Furniture,Chairs,6,0.0,2478.46,693.97
ORD-101785,2023-06-02,Sharjah,Consumer,Furniture,Bookcases,6,0.3,2939.03,293.9
ORD-102016,2023-06-02,Dubai,Corporate,Technology,Phones,5,0.1,3202.17,320.22
ORD-102017,2023-06-02,Abu Dhabi,SMB,Furniture,Storage,3,0.15,1414.96,268.84
ORD-102460,2023-06-02,Abu Dhabi,Consumer,Office Supplies,Binders,8,0.1,379.56,136.64
ORD-103595,2023-06-02,Abu Dhabi,Corporate,Office Supplies,Paper,1,0.1,66.23,23.84
ORD-103151,2023-06-02,Abu Dhabi,Consumer,Furniture,Storage,5,0.15,1984.73,377.1
ORD-104129,2023-06-02,Dubai,Consumer,Furniture,Tables,6,0.1,3031.27,666.88
ORD-104873,2023-06-02,Abu Dhabi,Consumer,Technology,Accessories,1,0.3,609.31,-12.19
ORD-102414,2023-06-02,Northern Emirates,Consumer,Technology,Accessories,1,0.2,447.04,17.88
ORD-104361,2023-06-03,Northern Emirates,Corporate,Technology,Accessories,8,0.0,5660.52,905.68
ORD-103746,2023-06-03,Dubai,Corporate,Furniture,Chairs,8,0.1,4203.83,924.84
ORD-105387,2023-06-03,Sharjah,Consumer,Furniture,Storage,6,0.1,2830.07,622.62
ORD-103996,2023-06-03,Sharjah,Consumer,Technology,Phones,2,0.0,1440.09,230.41
ORD-101300,2023-06-03,Northern Emirates,Corporate,Furniture,Chairs,3,0.2,635.15,101.62
ORD-100725,2023-06-03,Abu Dhabi,Consumer,Furniture,Storage,1,0.2,366.15,58.58
ORD-105275,2023-06-04,Northern Emirates,Consumer,Technology,Monitors,6,0.0,3549.37,567.9
ORD-102231,2023-06-04,Dubai,Consumer,Office Supplies,Storage,7,0.3,276.11,66.27
ORD-103923,2023-06-04,Abu Dhabi,Consumer,Office Supplies,Binders,1,0.2,16.58,4.97
ORD-101121,2023-06-04,Dubai,Consumer,Office Supplies,Storage,7,0.15,244.15,80.57
ORD-100081,2023-06-04,Dubai,Corporate,Office Supplies,Binders,4,0.0,32.0,13.44
ORD-103235,2023-06-04,Northern Emirates,SMB,Technology,Laptops,3,0.1,2357.66,235.77
ORD-100680,2023-06-04,Abu Dhabi,Consumer,Furniture,Tables,3,0.0,1654.5,463.26
ORD-105616,2023-06-04,Abu Dhabi,SMB,Furniture,Bookcases,3,0.1,1111.53,244.54
ORD-103357,2023-06-04,Dubai,Consumer,Technology,Accessories,7,0.0,7259.9,1161.58
ORD-102346,2023-06-04,Abu Dhabi,SMB,Office Supplies,Paper,7,0.15,385.37,127.17
ORD-105347,2023-06-04,Dubai,Corporate,Technology,Phones,5,0.15,3255.5,227.89
ORD-104636,2023-06-04,Northern Emirates,Consumer,Office Supplies,Binders,6,0.0,286.49,120.33
ORD-105836,2023-06-04,Dubai,Consumer,Furniture,Storage,6,0.0,917.97,257.03
ORD-102394,2023-06-05,Sharjah,SMB,Furniture,Tables,5,0.0,2591.25,725.55
ORD-103360,2023-06-05,Sharjah,Corporate,Office Supplies,Pens,5,0.0,240.28,100.92
ORD-103959,2023-06-05,Dubai,Consumer,Technology,Phones,8,0.15,5054.16,353.79
ORD-102058,2023-06-05,Northern Emirates,Consumer,Furniture,Tables,3,0.0,1393.68,390.23
ORD-100500,2023-06-05,Dubai,Consumer,Furniture,Bookcases,8,0.1,2948.17,648.6
ORD-101363,2023-06-05,Dubai,SMB,Office Supplies,Paper,2,0.1,134.06,48.26
ORD-100431,2023-06-05,Sharjah,Consumer,Furniture,Chairs,6,0.0,2580.79,722.62
ORD-101090,2023-06-05,Abu Dhabi,Corporate,Office Supplies,Pens,5,0.1,138.82,49.98
ORD-105406,2023-06-05,Abu Dhabi,SMB,Furniture,Chairs,5,0.3,2023.54,202.35
ORD-103515,2023-06-06,Dubai,Corporate,Office Supplies,Paper,5,0.0,248.45,104.35
ORD-102392,2023-06-06,Abu Dhabi,Corporate,Furniture,Bookcases,3,0.1,1260.54,277.32
ORD-103727,2023-06-06,Abu Dhabi,Corporate,Office Supplies,Storage,2,0.15,72.22,23.83
ORD-102442,2023-06-06,Abu Dhabi,SMB,Furniture,Bookcases,3,0.0,1678.98,470.11
ORD-105407,2023-06-06,Dubai,Consumer,Technology,Monitors,1,0.0,415.59,66.49
ORD-103721,2023-06-06,Abu Dhabi,SMB,Office Supplies,Pens,2,0.15,65.92,21.75
ORD-105356,2023-06-06,Northern Emirates,Consumer,Office Supplies,Pens,8,0.1,325.6,117.22
ORD-104273,2023-06-07,Dubai,SMB,Technology,Monitors,3,0.1,1683.52,168.35
ORD-103343,2023-06-07,Dubai,Corporate,Furniture,Storage,8,0.15,3768.51,716.02
ORD-100980,2023-06-07,Dubai,Corporate,Furniture,Bookcases,7,0.0,1811.03,507.09
ORD-103020,2023-06-07,Sharjah,Consumer,Furniture,Bookcases,1,0.1,291.44,64.12
ORD-101465,2023-06-07,Dubai,Corporate,Office Supplies,Storage,6,0.0,489.85,205.74
ORD-100779,2023-06-07,Dubai,Consumer,Furniture,Bookcases,5,0.0,1592.27,445.84
ORD-105577,2023-06-08,Abu Dhabi,Corporate,Furniture,Tables,6,0.1,2439.38,536.66
ORD-103096,2023-06-08,Sharjah,Consumer,Technology,Monitors,6,0.0,5071.12,811.38
ORD-104672,2023-06-08,Abu Dhabi,Corporate,Furniture,Bookcases,1,0.1,275.97,60.71
ORD-104739,2023-06-08,Dubai,Consumer,Furniture,Tables,3,0.0,919.83,257.55
ORD-102801,2023-06-09,Abu Dhabi,Corporate,Furniture,Chairs,7,0.1,2821.61,620.75
ORD-103538,2023-06-09,Sharjah,Consumer,Furniture,Tables,5,0.0,2195.65,614.78
ORD-102900,2023-06-09,Dubai,Corporate,Technology,Phones,7,0.2,5473.44,218.94
ORD-102676,2023-06-09,Abu Dhabi,Consumer,Technology,Phones,7,0.3,3780.8,-75.62
ORD-103327,2023-06-09,Dubai,Consumer,Furniture,Chairs,8,0.15,3580.11,680.22
ORD-104189,2023-06-09,Northern Emirates,Consumer,Technology,Phones,4,0.0,634.21,101.47
ORD-104037,2023-06-09,Abu Dhabi,Consumer,Technology,Phones,8,0.0,5243.06,838.89
ORD-104759,2023-06-09,Sharjah,Consumer,Technology,Phones,4,0.0,1843.37,294.94
ORD-100230,2023-06-09,Dubai,Consumer,Furniture,Tables,6,0.2,2989.69,478.35
ORD-105424,2023-06-09,Sharjah,Consumer,Technology,Phones,7,0.0,5253.75,840.6
ORD-100386,2023-06-10,Dubai,Corporate,Technology,Monitors,3,0.1,1826.56,182.66
ORD-102227,2023-06-10,Dubai,SMB,Technology,Phones,7,0.0,3344.47,535.12
ORD-104140,2023-06-10,Northern Emirates,Corporate,Technology,Monitors,4,0.2,2872.32,114.89
ORD-102899,2023-06-10,Abu Dhabi,Consumer,Technology,Accessories,6,0.0,4377.67,700.43
ORD-103478,2023-06-10,Dubai,Consumer,Office Supplies,Pens,6,0.0,322.41,135.41
ORD-105685,2023-06-10,Abu Dhabi,SMB,Technology,Phones,1,0.0,837.67,134.03
ORD-103310,2023-06-10,Abu Dhabi,SMB,Furniture,Storage,6,0.1,2382.63,524.18
ORD-105916,2023-06-10,Abu Dhabi,Consumer,Furniture,Chairs,8,0.0,5106.1,1429.71
ORD-100784,2023-06-10,Abu Dhabi,Corporate,Furniture,Bookcases,1,0.15,484.46,92.05
ORD-100047,2023-06-10,Dubai,Corporate,Furniture,Storage,1,0.0,529.82,148.35
ORD-101470,2023-06-10,Sharjah,Corporate,Furniture,Tables,7,0.15,4334.1,823.48
ORD-104715,2023-06-10,Northern Emirates,Consumer,Office Supplies,Paper,1,0.3,43.66,10.48
ORD-101450,2023-06-11,Sharjah,Corporate,Furniture,Bookcases,2,0.1,44.85,9.87
ORD-101777,2023-06-11,Dubai,Consumer,Furniture,Chairs,4,0.3,1524.0,152.4
ORD-100069,2023-06-11,Northern Emirates,Consumer,Furniture,Chairs,2,0.0,479.05,134.13
ORD-105688,2023-06-11,Northern Emirates,Corporate,Technology,Monitors,7,0.0,2147.05,343.53
ORD-102366,2023-06-11,Abu Dhabi,Consumer,Technology,Monitors,5,0.0,4421.62,707.46
ORD-101325,2023-06-11,Northern Emirates,Corporate,Furniture,Chairs,3,0.1,1499.39,329.87
ORD-101069,2023-06-11,Dubai,Consumer,Furniture,Bookcases,7,0.0,3276.89,917.53
ORD-102279,2023-06-11,Northern Emirates,Corporate,Technology,Accessories,6,0.0,3076.26,492.2
ORD-100758,2023-06-11,Abu Dhabi,Consumer,Technology,Monitors,6,0.0,3940.23,630.44
ORD-100915,2023-06-11,Sharjah,Consumer,Furniture,Tables,3,0.0,664.69,186.11
ORD-103655,2023-06-11,Sharjah,Consumer,Technology,Laptops,2,0.15,1697.3,118.81
ORD-101281,2023-06-11,Dubai,Corporate,Furniture,Storage,1,0.3,242.57,24.26
ORD-101009,2023-06-11,Sharjah,Consumer,Technology,Monitors,5,0.0,3032.04,485.13
ORD-103670,2023-06-11,Dubai,Corporate,Technology,Phones,1,0.15,914.1,63.99
ORD-100795,2023-06-12,Abu Dhabi,Corporate,Furniture,Bookcases,5,0.0,1154.07,323.14
ORD-104598,2023-06-12,Abu Dhabi,Consumer,Furniture,Tables,4,0.1,1657.1,364.56
ORD-101055,2023-06-12,Sharjah,Consumer,Office Supplies,Storage,4,0.0,289.98,121.79
ORD-101464,2023-06-12,Sharjah,SMB,Office Supplies,Pens,8,0.2,309.0,92.7
ORD-101337,2023-06-13,Dubai,SMB,Furniture,Tables,7,0.0,3109.3,870.6
ORD-102860,2023-06-13,Abu Dhabi,Consumer,Technology,Laptops,8,0.1,8437.47,843.75
ORD-105660,2023-06-13,Abu Dhabi,Consumer,Technology,Accessories,3,0.0,2069.59,331.13
ORD-104512,2023-06-13,Northern Emirates,Consumer,Office Supplies,Binders,7,0.0,356.24,149.62
ORD-103563,2023-06-13,Northern Emirates,Consumer,Furniture,Tables,2,0.0,684.32,191.61
ORD-105948,2023-06-13,Sharjah,Consumer,Technology,Phones,2,0.1,1622.41,162.24
ORD-101018,2023-06-13,Dubai,SMB,Office Supplies,Storage,7,0.0,446.38,187.48
ORD-103948,2023-06-13,Dubai,Consumer,Furniture,Chairs,6,0.2,828.35,132.54
ORD-103138,2023-06-13,Sharjah,Corporate,Technology,Monitors,5,0.0,3140.92,502.55
ORD-102710,2023-06-13,Northern Emirates,Consumer,Office Supplies,Paper,1,0.2,66.8,20.04
ORD-100825,2023-06-13,Dubai,Consumer,Furniture,Bookcases,2,0.1,646.63,142.26
ORD-101880,2023-06-13,Dubai,Corporate,Furniture,Tables,5,0.15,1993.75,378.81
ORD-105884,2023-06-14,Sharjah,SMB,Furniture,Tables,2,0.0,939.11,262.95
ORD-104695,2023-06-14,Northern Emirates,Corporate,Furniture,Storage,8,0.15,6126.22,1163.98
ORD-105171,2023-06-14,Sharjah,Consumer,Office Supplies,Storage,6,0.0,284.26,119.39
ORD-101971,2023-06-14,Dubai,Consumer,Furniture,Bookcases,2,0.0,37.47,10.49
ORD-101377,2023-06-14,Abu Dhabi,SMB,Technology,Monitors,1,0.1,611.35,61.14
ORD-104725,2023-06-14,Dubai,Consumer,Technology,Laptops,1,0.0,942.98,150.88
ORD-105369,2023-06-14,Abu Dhabi,SMB,Technology,Laptops,2,0.1,1688.15,168.82
ORD-104894,2023-06-14,Dubai,SMB,Office Supplies,Pens,5,0.0,237.4,99.71
ORD-103950,2023-06-14,Dubai,Consumer,Technology,Phones,3,0.15,2066.77,144.67
ORD-102158,2023-06-15,Sharjah,Consumer,Office Supplies,Paper,6,0.0,94.94,39.87
ORD-103534,2023-06-15,Dubai,Corporate,Furniture,Chairs,8,0.1,2495.24,548.95
ORD-104771,2023-06-15,Abu Dhabi,Corporate,Office Supplies,Paper,1,0.0,24.14,10.14
ORD-102041,2023-06-15,Dubai,Consumer,Office Supplies,Pens,5,0.1,348.37,125.41
ORD-104043,2023-06-15,Sharjah,Consumer,Office Supplies,Storage,4,0.2,134.25,40.28
ORD-104331,2023-06-15,Sharjah,Corporate,Technology,Monitors,3,0.15,1865.97,130.62
ORD-102103,2023-06-15,Dubai,Consumer,Technology,Phones,1,0.1,601.75,60.18
ORD-101708,2023-06-15,Abu Dhabi,Consumer,Furniture,Bookcases,5,0.0,2513.39,703.75
ORD-100422,2023-06-16,Dubai,Corporate,Office Supplies,Storage,6,0.0,310.41,130.37
ORD-103233,2023-06-16,Abu Dhabi,Corporate,Furniture,Bookcases,5,0.3,1700.03,170.0
ORD-101008,2023-06-16,Abu Dhabi,Consumer,Furniture,Bookcases,8,0.0,4548.88,1273.69
ORD-105472,2023-06-16,Dubai,Consumer,Office Supplies,Storage,3,0.0,132.89,55.81
ORD-105848,2023-06-16,Dubai,Consumer,Office Supplies,Paper,5,0.1,286.87,103.27
ORD-101387,2023-06-16,Abu Dhabi,Corporate,Technology,Phones,3,0.15,1054.8,73.84
ORD-101019,2023-06-16,Dubai,SMB,Technology,Laptops,1,0.0,918.75,147.0
ORD-101010,2023-06-16,Sharjah,Consumer,Furniture,Chairs,2,0.3,775.81,77.58
ORD-104006,2023-06-16,Dubai,SMB,Furniture,Bookcases,7,0.1,3068.69,675.11
ORD-105812,2023-06-16,Sharjah,SMB,Furniture,Tables,7,0.2,3186.41,509.83
ORD-105799,2023-06-17,Abu Dhabi,Consumer,Technology,Accessories,1,0.3,743.83,-14.88
ORD-102382,2023-06-17,Sharjah,Consumer,Technology,Monitors,8,0.1,7746.4,774.64
ORD-105189,2023-06-17,Northern Emirates,SMB,Office Supplies,Paper,7,0.2,242.35,72.7
ORD-100792,2023-06-17,Dubai,SMB,Office Supplies,Pens,5,0.0,215.65,90.57
ORD-103954,2023-06-17,Sharjah,Corporate,Office Supplies,Storage,3,0.1,160.54,57.79
ORD-103642,2023-06-17,Abu Dhabi,Corporate,Furniture,Chairs,6,0.0,3149.68,881.91
ORD-101267,2023-06-17,Northern Emirates,Corporate,Office Supplies,Storage,5,0.0,227.98,95.75
ORD-102337,2023-06-18,Sharjah,Consumer,Furniture,Tables,7,0.0,3312.81,927.59
ORD-104221,2023-06-18,Abu Dhabi,Corporate,Furniture,Storage,5,0.0,951.18,266.33
ORD-101677,2023-06-18,Dubai,Consumer,Technology,Monitors,2,0.0,877.35,140.38
ORD-105326,2023-06-18,Northern Emirates,SMB,Technology,Phones,6,0.1,2415.22,241.52
ORD-105707,2023-06-18,Dubai,Consumer,Furniture,Chairs,5,0.0,2859.68,800.71
ORD-101562,2023-06-19,Abu Dhabi,SMB,Technology,Accessories,8,0.2,4926.61,197.06
ORD-100203,2023-06-19,Dubai,Corporate,Furniture,Tables,8,0.1,824.46,181.38
ORD-104597,2023-06-19,Sharjah,Consumer,Office Supplies,Pens,1,0.0,21.37,8.98
ORD-102924,2023-06-19,Abu Dhabi,SMB,Office Supplies,Pens,6,0.15,166.77,55.03
ORD-100266,2023-06-19,Abu Dhabi,Corporate,Technology,Accessories,3,0.2,2549.24,101.97
ORD-102611,2023-06-19,Sharjah,SMB,Technology,Phones,3,0.1,2670.6,267.06
ORD-101126,2023-06-19,Sharjah,Consumer,Office Supplies,Storage,8,0.0,379.73,159.49
ORD-104416,2023-06-19,Abu Dhabi,SMB,Office Supplies,Storage,4,0.0,129.88,54.55
ORD-102010,2023-06-19,Abu Dhabi,Consumer,Technology,Accessories,1,0.1,627.34,62.73
ORD-103227,2023-06-19,Dubai,SMB,Furniture,Tables,2,0.2,693.65,110.98
ORD-102248,2023-06-20,Dubai,Corporate,Office Supplies,Paper,1,0.0,45.06,18.93
ORD-103176,2023-06-20,Dubai,SMB,Furniture,Chairs,2,0.1,578.38,127.24
ORD-101429,2023-06-20,Sharjah,Consumer,Office Supplies,Storage,8,0.0,466.11,195.77
ORD-105851,2023-06-20,Sharjah,Corporate,Furniture,Storage,5,0.15,1341.15,254.82
ORD-100982,2023-06-20,Northern Emirates,SMB,Technology,Accessories,2,0.0,1658.41,265.35
ORD-104607,2023-06-20,Dubai,Consumer,Technology,Laptops,2,0.0,662.31,105.97
ORD-102803,2023-06-21,Northern Emirates,SMB,Technology,Monitors,7,0.1,4216.17,421.62
ORD-105535,2023-06-21,Abu Dhabi,Corporate,Furniture,Tables,6,0.0,3844.94,1076.58
ORD-101705,2023-06-21,Abu Dhabi,Corporate,Technology,Monitors,8,0.3,6527.69,-130.55
ORD-104482,2023-06-21,Dubai,Consumer,Furniture,Storage,1,0.1,8.0,1.76
ORD-101338,2023-06-21,Dubai,SMB,Furniture,Storage,2,0.0,1134.32,317.61
ORD-102384,2023-06-22,Dubai,Consumer,Office Supplies,Binders,1,0.3,66.39,15.93
ORD-105132,2023-06-22,Sharjah,Consumer,Technology,Accessories,5,0.2,3182.21,127.29
ORD-100987,2023-06-22,Abu Dhabi,Consumer,Technology,Accessories,4,0.0,1437.59,230.01
ORD-105906,2023-06-23,Sharjah,Consumer,Technology,Phones,3,0.0,1899.72,303.96
ORD-105254,2023-06-23,Northern Emirates,Consumer,Technology,Monitors,2,0.0,945.68,151.31
ORD-102304,2023-06-23,Abu Dhabi,SMB,Technology,Accessories,3,0.15,2765.48,193.58
ORD-102726,2023-06-23,Dubai,Corporate,Technology,Accessories,2,0.3,1214.29,-24.29
ORD-102317,2023-06-23,Sharjah,SMB,Technology,Accessories,2,0.15,1632.08,114.25
ORD-101878,2023-06-23,Dubai,Consumer,Office Supplies,Paper,7,0.2,372.11,111.63
ORD-104805,2023-06-23,Sharjah,Corporate,Technology,Monitors,5,0.0,1846.28,295.4
ORD-105282,2023-06-23,Dubai,Consumer,Technology,Phones,6,0.0,5836.31,933.81
ORD-101284,2023-06-23,Sharjah,SMB,Furniture,Bookcases,6,0.0,1051.3,294.36
ORD-101512,2023-06-23,Abu Dhabi,Consumer,Office Supplies,Pens,8,0.0,349.94,146.97
ORD-100135,2023-06-23,Dubai,Corporate,Technology,Monitors,6,0.0,4308.53,689.36
ORD-102811,2023-06-24,Northern Emirates,Corporate,Technology,Laptops,7,0.0,5699.0,911.84
ORD-101966,2023-06-24,Abu Dhabi,Corporate,Office Supplies,Paper,5,0.0,260.73,109.51
ORD-104406,2023-06-24,Northern Emirates,Consumer,Office Supplies,Binders,7,0.15,395.83,130.62
ORD-103743,2023-06-24,Dubai,Consumer,Technology,Phones,2,0.0,1059.33,169.49
ORD-100735,2023-06-24,Abu Dhabi,Consumer,Furniture,Storage,3,0.0,803.77,225.06
ORD-102556,2023-06-24,Abu Dhabi,SMB,Technology,Laptops,4,0.1,1711.01,171.1
ORD-105626,2023-06-24,Northern Emirates,Corporate,Furniture,Chairs,6,0.0,1745.64,488.78
ORD-103973,2023-06-25,Abu Dhabi,Consumer,Office Supplies,Binders,3,0.3,160.95,38.63
ORD-103218,2023-06-25,Dubai,Consumer,Technology,Accessories,5,0.1,4036.12,403.61
ORD-101898,2023-06-25,Dubai,SMB,Office Supplies,Storage,8,0.0,558.13,234.41
ORD-101632,2023-06-25,Sharjah,Consumer,Technology,Accessories,2,0.15,1431.01,100.17
ORD-103201,2023-06-25,Dubai,Consumer,Office Supplies,Storage,8,0.3,514.07,123.38
ORD-100850,2023-06-25,Dubai,Consumer,Technology,Laptops,2,0.15,1497.92,104.85
ORD-100099,2023-06-25,Abu Dhabi,SMB,Furniture,Chairs,3,0.15,1180.59,224.31
ORD-104117,2023-06-25,Sharjah,SMB,Technology,Accessories,2,0.15,848.2,59.37
ORD-101116,2023-06-25,Sharjah,Corporate,Furniture,Tables,3,0.0,1926.19,539.33
ORD-105940,2023-06-25,Dubai,Consumer,Technology,Monitors,4,0.0,1685.51,269.68
ORD-105527,2023-06-25,Dubai,Consumer,Furniture,Chairs,8,0.15,2440.92,463.77
ORD-101900,2023-06-26,Abu Dhabi,SMB,Technology,Monitors,7,0.0,5102.4,816.38
ORD-104591,2023-06-26,Sharjah,Consumer,Technology,Phones,5,0.3,1169.45,-23.39
ORD-103443,2023-06-26,Dubai,Consumer,Office Supplies,Paper,2,0.15,53.58,17.68
ORD-104195,2023-06-26,Abu Dhabi,Corporate,Furniture,Bookcases,6,0.0,1195.88,334.85
ORD-102193,2023-06-27,Abu Dhabi,Consumer,Technology,Accessories,1,0.0,781.89,125.1
ORD-103980,2023-06-27,Dubai,Corporate,Technology,Monitors,3,0.2,3048.3,121.93
ORD-100424,2023-06-27,Sharjah,SMB,Furniture,Storage,3,0.0,805.99,225.68
ORD-105438,2023-06-27,Sharjah,Corporate,Office Supplies,Pens,1,0.3,68.66,16.48
ORD-104731,2023-06-27,Dubai,SMB,Office Supplies,Pens,5,0.2,254.87,76.46
ORD-104902,2023-06-27,Sharjah,Corporate,Technology,Phones,2,0.0,1125.73,180.12
ORD-105871,2023-06-27,Dubai,Consumer,Furniture,Storage,1,0.0,407.29,114.04
ORD-100167,2023-06-27,Abu Dhabi,SMB,Furniture,Chairs,1,0.0,331.43,92.8
ORD-105769,2023-06-27,Dubai,Consumer,Furniture,Chairs,4,0.2,2444.74,391.16
ORD-103441,2023-06-28,Abu Dhabi,Consumer,Technology,Laptops,3,0.0,1704.28,272.68
ORD-103229,2023-06-28,Abu Dhabi,SMB,Office Supplies,Storage,4,0.0,155.86,65.46
ORD-105490,2023-06-28,Abu Dhabi,Consumer,Technology,Phones,8,0.15,6549.91,458.49
ORD-100388,2023-06-28,Sharjah,Consumer,Furniture,Bookcases,3,0.1,817.05,179.75
ORD-105552,2023-06-29,Dubai,SMB,Office Supplies,Pens,1,0.0,48.5,20.37
ORD-103686,2023-06-29,Dubai,Consumer,Furniture,Bookcases,4,0.15,1289.3,244.97
ORD-105673,2023-06-29,Sharjah,Consumer,Furniture,Storage,2,0.1,1041.32,229.09
ORD-101066,2023-06-29,Dubai,Consumer,Technology,Monitors,4,0.0,1332.7,213.23
ORD-104459,2023-06-29,Sharjah,Consumer,Furniture,Chairs,5,0.0,1919.03,537.33
ORD-102724,2023-06-29,Dubai,SMB,Office Supplies,Storage,6,0.0,340.48,143.0
ORD-105798,2023-06-29,Dubai,Corporate,Office Supplies,Binders,8,0.0,241.09,101.26
ORD-105865,2023-06-30,Abu Dhabi,Consumer,Technology,Phones,7,0.0,3668.69,586.99
ORD-102932,2023-06-30,Sharjah,Consumer,Technology,Phones,5,0.0,3275.02,524.0
ORD-104450,2023-06-30,Abu Dhabi,Corporate,Technology,Accessories,7,0.2,4895.51,195.82
ORD-101797,2023-06-30,Sharjah,SMB,Furniture,Bookcases,6,0.0,3261.96,913.35
ORD-103342,2023-06-30,Abu Dhabi,Consumer,Technology,Accessories,1,0.0,927.35,148.38
ORD-101211,2023-06-30,Abu Dhabi,Consumer,Technology,Phones,5,0.0,4457.21,713.15
ORD-103543,2023-06-30,Northern Emirates,Consumer,Furniture,Chairs,5,0.0,3001.21,840.34
ORD-101323,2023-06-30,Dubai,SMB,Office Supplies,Pens,7,0.3,303.95,72.95
ORD-104697,2023-06-30,Northern Emirates,Corporate,Office Supplies,Binders,8,0.1,634.35,228.37
ORD-103019,2023-06-30,Dubai,SMB,Office Supplies,Paper,2,0.0,110.4,46.37
ORD-100394,2023-06-30,Abu Dhabi,Corporate,Technology,Accessories,4,0.15,2623.6,183.65
ORD-105179,2023-07-01,Sharjah,Consumer,Furniture,Bookcases,8,0.2,1781.27,285.0
ORD-102029,2023-07-01,Abu Dhabi,Consumer,Technology,Accessories,8,0.0,4101.93,656.31
ORD-103750,2023-07-01,Abu Dhabi,Consumer,Technology,Accessories,7,0.0,3953.63,632.58
ORD-102437,2023-07-01,Abu Dhabi,Consumer,Technology,Monitors,4,0.2,2046.11,81.84
ORD-101929,2023-07-01,Dubai,SMB,Office Supplies,Storage,6,0.15,299.28,98.76
ORD-103017,2023-07-01,Dubai,Corporate,Office Supplies,Storage,7,0.3,313.15,75.16
ORD-102450,2023-07-01,Abu Dhabi,Corporate,Furniture,Chairs,2,0.2,1180.3,188.85
ORD-102230,2023-07-02,Dubai,SMB,Technology,Monitors,8,0.0,7352.03,1176.32
ORD-102151,2023-07-02,Dubai,Corporate,Office Supplies,Paper,6,0.2,313.42,94.03
ORD-103581,2023-07-02,Dubai,Corporate,Furniture,Bookcases,6,0.0,3517.68,984.95
ORD-105631,2023-07-02,Abu Dhabi,Consumer,Office Supplies,Binders,8,0.2,427.24,128.17
ORD-103683,2023-07-02,Abu Dhabi,Consumer,Furniture,Chairs,8,0.2,3477.92,556.47
ORD-101434,2023-07-02,Dubai,Consumer,Office Supplies,Storage,8,0.0,364.25,152.98
ORD-103600,2023-07-02,Northern Emirates,Corporate,Technology,Laptops,4,0.3,2679.42,-53.59
ORD-100057,2023-07-02,Sharjah,Consumer,Furniture,Bookcases,1,0.0,486.34,136.18
ORD-103985,2023-07-02,Dubai,SMB,Office Supplies,Binders,8,0.1,279.04,100.45
ORD-105030,2023-07-02,Sharjah,SMB,Technology,Monitors,4,0.15,1730.07,121.1
ORD-101419,2023-07-03,Dubai,Consumer,Furniture,Bookcases,6,0.1,2809.75,618.15
ORD-101535,2023-07-03,Sharjah,Consumer,Furniture,Storage,4,0.0,1886.76,528.29
ORD-100572,2023-07-03,Dubai,Consumer,Technology,Accessories,7,0.15,3267.45,228.72
ORD-103687,2023-07-03,Sharjah,Consumer,Office Supplies,Paper,3,0.1,158.77,57.16
ORD-100261,2023-07-03,Dubai,Consumer,Office Supplies,Paper,1,0.0,37.14,15.6
ORD-101361,2023-07-03,Abu Dhabi,Corporate,Furniture,Storage,7,0.0,3810.93,1067.06
ORD-105371,2023-07-03,Abu Dhabi,Corporate,Technology,Phones,4,0.2,2724.47,108.98
ORD-103392,2023-07-03,Dubai,Corporate,Furniture,Storage,1,0.3,424.77,42.48
ORD-102004,2023-07-03,Northern Emirates,Consumer,Technology,Laptops,1,0.0,573.45,91.75
ORD-101366,2023-07-04,Dubai,Corporate,Office Supplies,Paper,7,0.0,56.0,23.52
ORD-102966,2023-07-04,Northern Emirates,Consumer,Technology,Accessories,1,0.2,605.23,24.21
ORD-101849,2023-07-04,Dubai,Consumer,Furniture,Tables,6,0.0,1910.91,535.05
ORD-105653,2023-07-04,Dubai,Consumer,Technology,Accessories,2,0.0,1246.87,199.5
ORD-102592,2023-07-04,Northern Emirates,Corporate,Office Supplies,Storage,4,0.0,87.79,36.87
ORD-100434,2023-07-04,Sharjah,Consumer,Technology,Phones,6,0.1,6306.23,630.62
ORD-103734,2023-07-04,Abu Dhabi,Corporate,Technology,Phones,4,0.0,2363.64,378.18
ORD-104721,2023-07-04,Abu Dhabi,Consumer,Furniture,Storage,2,0.0,375.42,105.12
ORD-104521,2023-07-04,Sharjah,Corporate,Technology,Laptops,1,0.0,554.39,88.7
ORD-104562,2023-07-04,Northern Emirates,SMB,Technology,Laptops,4,0.0,2042.56,326.81
ORD-102226,2023-07-04,Abu Dhabi,SMB,Technology,Accessories,6,0.0,1874.72,299.96
ORD-104653,2023-07-04,Dubai,Consumer,Furniture,Chairs,7,0.15,3143.18,597.2
ORD-102134,2023-07-04,Dubai,SMB,Furniture,Chairs,2,0.1,1120.34,246.47
ORD-101572,2023-07-05,Sharjah,Consumer,Office Supplies,Binders,6,0.0,392.15,164.7
ORD-104351,2023-07-05,Sharjah,Consumer,Technology,Phones,7,0.0,5971.37,955.42
ORD-102463,2023-07-05,Abu Dhabi,SMB,Technology,Monitors,2,0.0,826.61,132.26
ORD-104042,2023-07-05,Sharjah,Consumer,Technology,Accessories,6,0.0,3762.7,602.03
ORD-105354,2023-07-05,Abu Dhabi,SMB,Technology,Accessories,4,0.3,1518.75,-30.37
ORD-100925,2023-07-05,Abu Dhabi,Corporate,Office Supplies,Storage,8,0.0,366.48,153.92
ORD-104247,2023-07-05,Dubai,Consumer,Office Supplies,Paper,6,0.3,267.7,64.25
ORD-102104,2023-07-05,Dubai,Corporate,Technology,Accessories,8,0.1,5794.03,579.4
ORD-100600,2023-07-05,Dubai,SMB,Furniture,Bookcases,7,0.3,1110.13,111.01
ORD-102025,2023-07-06,Dubai,Consumer,Technology,Accessories,8,0.1,6110.71,611.07
ORD-103885,2023-07-06,Sharjah,Consumer,Technology,Laptops,3,0.0,1247.51,199.6
ORD-105101,2023-07-06,Abu Dhabi,SMB,Office Supplies,Pens,2,0.15,47.24,15.59
ORD-103995,2023-07-06,Sharjah,Consumer,Furniture,Bookcases,4,0.3,2134.74,213.47
ORD-105899,2023-07-06,Sharjah,Consumer,Office Supplies,Storage,8,0.0,200.43,84.18
ORD-102367,2023-07-06,Dubai,Consumer,Technology,Laptops,5,0.1,1814.74,181.47
ORD-101646,2023-07-06,Sharjah,Corporate,Office Supplies,Binders,4,0.0,238.0,99.96
ORD-101507,2023-07-06,Abu Dhabi,Corporate,Furniture,Chairs,7,0.1,3187.32,701.21
ORD-101822,2023-07-06,Sharjah,SMB,Office Supplies,Pens,7,0.2,272.9,81.87
ORD-104534,2023-07-06,Dubai,Corporate,Technology,Monitors,1,0.15,1007.78,70.54
ORD-101578,2023-07-07,Dubai,Consumer,Technology,Monitors,7,0.2,3437.03,137.48
ORD-101332,2023-07-07,Northern Emirates,SMB,Furniture,Tables,6,0.1,1716.75,377.69
ORD-104793,2023-07-07,Sharjah,SMB,Technology,Phones,6,0.1,4493.69,449.37
ORD-102035,2023-07-07,Dubai,Corporate,Furniture,Tables,4,0.0,1353.3,378.92
ORD-102688,2023-07-07,Abu Dhabi,Corporate,Furniture,Chairs,5,0.0,2006.06,561.7
ORD-104760,2023-07-07,Abu Dhabi,Corporate,Furniture,Tables,3,0.1,1267.66,278.89
ORD-101187,2023-07-07,Dubai,Corporate,Office Supplies,Pens,4,0.0,266.9,112.1
ORD-105512,2023-07-07,Dubai,Consumer,Office Supplies,Paper,1,0.2,22.92,6.88
ORD-101859,2023-07-07,Sharjah,Consumer,Furniture,Bookcases,7,0.15,3726.74,708.08
ORD-104198,2023-07-07,Dubai,Consumer,Technology,Accessories,4,0.0,3705.85,592.94
ORD-102076,2023-07-07,Abu Dhabi,Corporate,Technology,Accessories,2,0.1,1249.47,124.95
ORD-103679,2023-07-07,Abu Dhabi,SMB,Office Supplies,Binders,1,0.1,76.77,27.64
ORD-102891,2023-07-07,Dubai,Corporate,Technology,Accessories,3,0.1,1161.91,116.19
ORD-102987,2023-07-08,Dubai,Consumer,Technology,Accessories,5,0.15,1564.19,109.49
ORD-103939,2023-07-08,Sharjah,Consumer,Technology,Monitors,4,0.0,3306.5,529.04
ORD-100158,2023-07-08,Abu Dhabi,Consumer,Furniture,Bookcases,6,0.0,2085.75,584.01
ORD-104085,2023-07-08,Northern Emirates,Consumer,Technology,Phones,2,0.15,1992.87,139.5
ORD-102138,2023-07-08,Abu Dhabi,Consumer,Office Supplies,Paper,8,0.15,263.39,86.92
ORD-104445,2023-07-08,Dubai,Consumer,Furniture,Tables,3,0.0,1295.29,362.68
ORD-105815,2023-07-08,Sharjah,Corporate,Office Supplies,Paper,3,0.2,127.1,38.13
ORD-101973,2023-07-08,Dubai,SMB,Technology,Laptops,1,0.0,307.92,49.27
ORD-103690,2023-07-08,Abu Dhabi,Corporate,Technology,Accessories,4,0.2,3416.98,136.68
ORD-102917,2023-07-08,Sharjah,Consumer,Office Supplies,Binders,3,0.1,103.98,37.43
ORD-102560,2023-07-08,Abu Dhabi,Corporate,Furniture,Tables,3,0.15,1067.04,202.74
ORD-102508,2023-07-08,Abu Dhabi,Consumer,Furniture,Tables,4,0.0,1670.99,467.88
ORD-100112,2023-07-08,Abu Dhabi,Corporate,Technology,Phones,1,0.0,601.79,96.29
ORD-105089,2023-07-08,Dubai,Consumer,Furniture,Tables,6,0.2,4017.79,642.85
ORD-100662,2023-07-09,Dubai,Corporate,Furniture,Tables,5,0.0,1675.39,469.11
ORD-100961,2023-07-09,Northern Emirates,Consumer,Technology,Accessories,2,0.1,587.39,58.74
ORD-104987,2023-07-09,Abu Dhabi,SMB,Office Supplies,Binders,8,0.2,522.24,156.67
ORD-100970,2023-07-09,Dubai,SMB,Office Supplies,Binders,2,0.0,45.86,19.26
ORD-101975,2023-07-09,Dubai,Consumer,Office Supplies,Binders,1,0.2,68.9,20.67
ORD-101210,2023-07-09,Abu Dhabi,SMB,Technology,Monitors,2,0.0,811.44,129.83
ORD-100319,2023-07-09,Dubai,SMB,Furniture,Bookcases,5,0.3,1680.16,168.02
ORD-105054,2023-07-09,Abu Dhabi,Consumer,Furniture,Chairs,8,0.2,4191.88,670.7
ORD-100043,2023-07-09,Northern Emirates,Corporate,Technology,Laptops,3,0.0,1247.42,199.59
ORD-101282,2023-07-10,Northern Emirates,Corporate,Office Supplies,Pens,8,0.15,286.38,94.51
ORD-102852,2023-07-10,Dubai,Corporate,Office Supplies,Binders,7,0.0,396.4,166.49
ORD-100096,2023-07-10,Abu Dhabi,Corporate,Furniture,Bookcases,3,0.2,1126.66,180.27
ORD-101524,2023-07-10,Dubai,Consumer,Furniture,Tables,6,0.2,3611.56,577.85
ORD-102588,2023-07-10,Abu Dhabi,Consumer,Technology,Accessories,8,0.3,6684.51,-133.69
ORD-101673,2023-07-10,Sharjah,Consumer,Furniture,Tables,8,0.2,4067.52,650.8
ORD-100699,2023-07-10,Dubai,Consumer,Office Supplies,Storage,4,0.0,194.87,81.85
ORD-103547,2023-07-10,Sharjah,SMB,Office Supplies,Paper,5,0.1,249.51,89.82
ORD-101228,2023-07-10,Northern Emirates,Corporate,Furniture,Chairs,6,0.0,1193.22,334.1
ORD-101890,2023-07-10,Dubai,Consumer,Office Supplies,Storage,8,0.0,363.27,152.57
ORD-103665,2023-07-11,Northern Emirates,Consumer,Furniture,Chairs,2,0.2,544.04,87.05
ORD-102553,2023-07-11,Northern Emirates,Consumer,Technology,Phones,5,0.0,3491.76,558.68
ORD-101106,2023-07-11,Dubai,SMB,Office Supplies,Binders,1,0.0,37.19,15.62
ORD-103057,2023-07-11,Dubai,Consumer,Technology,Laptops,3,0.3,1837.05,-36.74
ORD-100504,2023-07-11,Sharjah,Corporate,Technology,Laptops,4,0.0,1849.59,295.93
ORD-100143,2023-07-11,Abu Dhabi,SMB,Office Supplies,Storage,8,0.1,365.52,131.59
ORD-105409,2023-07-12,Sharjah,Consumer,Technology,Phones,4,0.3,3055.32,-61.11
ORD-101306,2023-07-12,Dubai,Corporate,Furniture,Storage,4,0.0,1784.15,499.56
ORD-103573,2023-07-12,Abu Dhabi,SMB,Technology,Laptops,2,0.2,1080.54,43.22
ORD-101700,2023-07-12,Dubai,SMB,Office Supplies,Binders,1,0.15,24.09,7.95
ORD-103246,2023-07-12,Sharjah,Corporate,Office Supplies,Binders,6,0.15,116.55,38.46
ORD-102586,2023-07-12,Abu Dhabi,Consumer,Furniture,Tables,4,0.1,1369.72,301.34
ORD-100138,2023-07-12,Northern Emirates,Consumer,Technology,Accessories,7,0.3,4987.27,-99.75
ORD-103633,2023-07-12,Dubai,SMB,Office Supplies,Binders,6,0.1,247.26,89.01
ORD-102647,2023-07-13,Dubai,Corporate,Furniture,Chairs,3,0.0,1430.66,400.58
ORD-105560,2023-07-13,Abu Dhabi,Consumer,Technology,Laptops,6,0.1,981.7,98.17
ORD-103510,2023-07-13,Abu Dhabi,SMB,Office Supplies,Pens,1,0.3,51.42,12.34
ORD-100409,2023-07-13,Dubai,SMB,Technology,Monitors,5,0.0,4021.54,643.45
ORD-100107,2023-07-13,Dubai,SMB,Furniture,Tables,5,0.15,1643.13,312.19
ORD-100405,2023-07-14,Dubai,Corporate,Technology,Monitors,1,0.3,468.61,-9.37
ORD-102751,2023-07-14,Dubai,Consumer,Furniture,Storage,7,0.2,1833.85,293.42
ORD-101589,2023-07-14,Abu Dhabi,Consumer,Office Supplies,Paper,2,0.15,84.81,27.99
ORD-100353,2023-07-14,Abu Dhabi,Corporate,Furniture,Chairs,2,0.0,977.2,273.62
ORD-103966,2023-07-14,Dubai,Corporate,Technology,Monitors,7,0.0,2615.07,418.41
ORD-101277,2023-07-14,Abu Dhabi,Consumer,Technology,Monitors,3,0.0,2211.12,353.78
ORD-103273,2023-07-14,Dubai,Corporate,Office Supplies,Pens,8,0.15,333.61,110.09
ORD-103671,2023-07-14,Abu Dhabi,Consumer,Furniture,Storage,3,0.15,1613.66,306.6
ORD-103463,2023-07-14,Abu Dhabi,Corporate,Technology,Monitors,4,0.1,2358.41,235.84
ORD-102532,2023-07-14,Abu Dhabi,Corporate,Technology,Accessories,6,0.3,1754.47,-35.09
ORD-105745,2023-07-15,Abu Dhabi,Consumer,Furniture,Storage,5,0.15,2064.36,392.23
ORD-100885,2023-07-15,Dubai,Consumer,Furniture,Bookcases,4,0.2,1564.76,250.36
ORD-105682,2023-07-15,Dubai,SMB,Technology,Monitors,2,0.15,568.71,39.81
ORD-100697,2023-07-15,Abu Dhabi,Consumer,Technology,Accessories,5,0.0,3463.6,554.18
ORD-102520,2023-07-15,Sharjah,Corporate,Furniture,Tables,6,0.0,1122.94,314.42
ORD-101148,2023-07-15,Dubai,Consumer,Furniture,Storage,5,0.0,2392.43,669.88
ORD-104012,2023-07-15,Dubai,SMB,Office Supplies,Binders,5,0.3,119.38,28.65
ORD-104144,2023-07-15,Sharjah,SMB,Technology,Accessories,4,0.3,2884.59,-57.69
ORD-100937,2023-07-15,Sharjah,Consumer,Technology,Laptops,5,0.1,1791.73,179.17
ORD-103978,2023-07-15,Abu Dhabi,Corporate,Technology,Laptops,6,0.0,4426.89,708.3
ORD-102218,2023-07-15,Dubai,SMB,Furniture,Tables,4,0.2,1725.1,276.02
ORD-103786,2023-07-15,Dubai,Consumer,Office Supplies,Pens,8,0.2,291.32,87.4
ORD-105675,2023-07-15,Abu Dhabi,SMB,Technology,Phones,2,0.0,1618.84,259.01
ORD-100509,2023-07-15,Northern Emirates,Consumer,Technology,Monitors,7,0.3,5214.29,-104.29
ORD-101642,2023-07-15,Abu Dhabi,Corporate,Office Supplies,Pens,4,0.15,172.79,57.02
ORD-104449,2023-07-15,Abu Dhabi,SMB,Furniture,Bookcases,1,0.0,779.59,218.29
ORD-100131,2023-07-15,Dubai,Corporate,Furniture,Storage,2,0.0,1136.73,318.28
ORD-104788,2023-07-16,Abu Dhabi,Corporate,Technology,Accessories,1,0.3,881.45,-17.63
ORD-105393,2023-07-16,Northern Emirates,Corporate,Furniture,Chairs,2,0.3,607.96,60.8
ORD-102179,2023-07-16,Abu Dhabi,Consumer,Office Supplies,Paper,3,0.2,186.14,55.84
ORD-105311,2023-07-16,Abu Dhabi,Corporate,Technology,Phones,4,0.1,2715.86,271.59
ORD-105399,2023-07-16,Dubai,Corporate,Technology,Accessories,8,0.0,8079.1,1292.66
ORD-101910,2023-07-16,Dubai,Consumer,Furniture,Bookcases,4,0.0,2130.55,596.55
ORD-104420,2023-07-16,Dubai,Corporate,Office Supplies,Binders,3,0.0,120.23,50.5
ORD-104585,2023-07-17,Dubai,Consumer,Office Supplies,Pens,5,0.0,265.25,111.4
ORD-104288,2023-07-17,Dubai,Consumer,Furniture,Tables,6,0.0,5121.68,1434.07
ORD-101595,2023-07-17,Dubai,Corporate,Technology,Phones,7,0.15,5141.27,359.89
ORD-101620,2023-07-17,Sharjah,SMB,Technology,Monitors,3,0.1,2520.18,252.02
ORD-100248,2023-07-17,Dubai,Corporate,Furniture,Chairs,5,0.3,1504.84,150.48
ORD-103803,2023-07-17,Abu Dhabi,Corporate,Technology,Monitors,1,0.15,285.18,19.96
ORD-102410,2023-07-17,Abu Dhabi,Corporate,Office Supplies,Pens,4,0.15,155.26,51.24
ORD-100888,2023-07-17,Dubai,Corporate,Office Supplies,Storage,2,0.3,105.86,25.41
ORD-100891,2023-07-17,Dubai,SMB,Furniture,Bookcases,1,0.15,143.34,27.23
ORD-105107,2023-07-17,Dubai,Consumer,Office Supplies,Pens,5,0.15,148.34,48.95
ORD-102845,2023-07-17,Abu Dhabi,Corporate,Furniture,Storage,6,0.2,1692.2,270.75
ORD-102096,2023-07-17,Dubai,SMB,Office Supplies,Pens,8,0.0,309.14,129.84
ORD-102997,2023-07-17,Northern Emirates,SMB,Furniture,Storage,1,0.1,123.48,27.17
ORD-105854,2023-07-18,Dubai,Corporate,Furniture,Bookcases,8,0.0,2939.21,822.98
ORD-104299,2023-07-18,Abu Dhabi,SMB,Office Supplies,Paper,1,0.1,51.46,18.53
ORD-105427,2023-07-18,Abu Dhabi,Consumer,Technology,Phones,7,0.1,2820.39,282.04
ORD-100554,2023-07-18,Dubai,Consumer,Technology,Accessories,5,0.0,3884.84,621.57
ORD-100613,2023-07-18,Abu Dhabi,Consumer,Furniture,Storage,2,0.0,1078.2,301.9
ORD-102492,2023-07-18,Sharjah,Corporate,Technology,Accessories,4,0.3,3105.28,-62.11
ORD-103058,2023-07-18,Northern Emirates,SMB,Furniture,Tables,3,0.0,1103.35,308.94
ORD-100606,2023-07-18,Northern Emirates,Corporate,Technology,Laptops,2,0.2,1508.34,60.33
ORD-105588,2023-07-18,Sharjah,Consumer,Office Supplies,Storage,7,0.0,432.98,181.85
ORD-103249,2023-07-18,Dubai,Consumer,Furniture,Storage,8,0.15,3175.37,603.32
ORD-105318,2023-07-18,Abu Dhabi,SMB,Furniture,Chairs,4,0.1,1083.57,238.39
ORD-101675,2023-07-19,Dubai,SMB,Office Supplies,Binders,2,0.3,65.75,15.78
ORD-102285,2023-07-19,Dubai,Consumer,Technology,Accessories,7,0.15,4393.92,307.57
ORD-104546,2023-07-19,Dubai,Consumer,Technology,Monitors,7,0.1,1317.83,131.78
ORD-101240,2023-07-19,Dubai,Consumer,Office Supplies,Paper,8,0.0,582.57,244.68
ORD-105259,2023-07-19,Abu Dhabi,Corporate,Office Supplies,Paper,4,0.0,217.86,91.5
ORD-100411,2023-07-19,Sharjah,SMB,Office Supplies,Binders,4,0.0,131.02,55.03
ORD-102661,2023-07-19,Dubai,SMB,Technology,Monitors,3,0.0,1070.42,171.27
ORD-100882,2023-07-20,Dubai,Consumer,Technology,Laptops,3,0.15,2589.38,181.26
ORD-100863,2023-07-20,Northern Emirates,Consumer,Technology,Phones,2,0.15,972.11,68.05
ORD-104807,2023-07-20,Dubai,Consumer,Technology,Phones,1,0.0,992.22,158.76
ORD-101997,2023-07-20,Northern Emirates,Consumer,Furniture,Bookcases,5,0.0,1939.67,543.11
ORD-102132,2023-07-20,Abu Dhabi,Corporate,Technology,Phones,4,0.2,2167.48,86.7
ORD-102208,2023-07-20,Northern Emirates,Corporate,Office Supplies,Binders,3,0.0,195.28,82.02
ORD-100586,2023-07-20,Abu Dhabi,Consumer,Office Supplies,Pens,4,0.2,223.69,67.11
ORD-103468,2023-07-20,Northern Emirates,Corporate,Technology,Accessories,8,0.1,7937.9,793.79
ORD-100440,2023-07-21,Dubai,SMB,Furniture,Tables,5,0.0,1614.27,452.0
ORD-104150,2023-07-21,Abu Dhabi,Consumer,Furniture,Storage,5,0.1,1766.95,388.73
ORD-102238,2023-07-21,Dubai,Consumer,Furniture,Tables,3,0.1,1615.08,355.32
ORD-100127,2023-07-21,Abu Dhabi,Consumer,Office Supplies,Binders,6,0.3,227.35,54.56
ORD-105473,2023-07-21,Abu Dhabi,SMB,Technology,Phones,4,0.2,2410.58,96.42
ORD-101850,2023-07-21,Dubai,Corporate,Office Supplies,Paper,1,0.0,50.37,21.16
ORD-100198,2023-07-21,Abu Dhabi,Consumer,Technology,Laptops,2,0.0,1115.0,178.4
ORD-102590,2023-07-22,Abu Dhabi,Corporate,Technology,Phones,5,0.2,2097.63,83.91
ORD-102563,2023-07-22,Northern Emirates,Consumer,Furniture,Storage,2,0.0,882.55,247.11
ORD-102933,2023-07-22,Dubai,Consumer,Office Supplies,Pens,7,0.15,228.61,75.44
ORD-100000,2023-07-22,Dubai,Consumer,Technology,Accessories,8,0.0,4720.48,755.28
ORD-104550,2023-07-22,Abu Dhabi,Corporate,Furniture,Chairs,4,0.1,2071.15,455.65
ORD-104176,2023-07-22,Sharjah,Consumer,Office Supplies,Binders,6,0.0,301.53,126.64
ORD-104798,2023-07-22,Abu Dhabi,SMB,Office Supplies,Paper,3,0.0,137.2,57.62
ORD-105671,2023-07-22,Dubai,SMB,Furniture,Storage,5,0.1,750.63,165.14
ORD-103366,2023-07-23,Dubai,Corporate,Furniture,Tables,2,0.2,926.88,148.3
ORD-100508,2023-07-23,Dubai,Consumer,Office Supplies,Storage,2,0.3,60.23,14.46
ORD-101792,2023-07-24,Northern Emirates,SMB,Technology,Accessories,8,0.3,7286.41,-145.73
ORD-101964,2023-07-24,Northern Emirates,Corporate,Office Supplies,Storage,7,0.3,280.49,67.32
ORD-105419,2023-07-24,Northern Emirates,Corporate,Furniture,Tables,3,0.0,1451.12,406.31
ORD-102531,2023-07-24,Dubai,Consumer,Technology,Monitors,2,0.1,836.76,83.68
ORD-101505,2023-07-24,Dubai,Corporate,Furniture,Bookcases,4,0.1,1183.75,260.42
ORD-103489,2023-07-24,Northern Emirates,Corporate,Furniture,Tables,6,0.2,3462.14,553.94
ORD-100953,2023-07-24,Dubai,Consumer,Technology,Laptops,7,0.1,3883.32,388.33
ORD-104236,2023-07-24,Dubai,Corporate,Furniture,Tables,6,0.3,779.61,77.96
ORD-103474,2023-07-24,Northern Emirates,Corporate,Furniture,Bookcases,1,0.1,365.28,80.36
ORD-103937,2023-07-24,Dubai,Consumer,Technology,Laptops,3,0.2,866.06,34.64
ORD-102642,2023-07-24,Dubai,Consumer,Office Supplies,Pens,2,0.0,119.17,50.05
ORD-105788,2023-07-25,Sharjah,Consumer,Furniture,Tables,6,0.0,1715.14,480.24
ORD-100974,2023-07-25,Abu Dhabi,Consumer,Office Supplies,Paper,6,0.15,332.34,109.67
ORD-103338,2023-07-25,Sharjah,SMB,Furniture,Storage,3,0.3,1784.1,178.41
ORD-100541,2023-07-25,Dubai,Consumer,Furniture,Storage,5,0.0,2045.59,572.77
ORD-105579,2023-07-25,Sharjah,Consumer,Technology,Accessories,3,0.1,2509.1,250.91
ORD-102272,2023-07-25,Dubai,Corporate,Technology,Phones,1,0.0,407.66,65.23
ORD-101374,2023-07-25,Dubai,Corporate,Office Supplies,Paper,7,0.0,302.25,126.94
ORD-101575,2023-07-25,Dubai,Corporate,Technology,Phones,5,0.0,3975.58,636.09
ORD-101391,2023-07-26,Abu Dhabi,Consumer,Furniture,Storage,2,0.0,674.97,188.99
ORD-103321,2023-07-26,Dubai,SMB,Technology,Phones,4,0.2,1123.34,44.93
ORD-103040,2023-07-26,Abu Dhabi,Corporate,Office Supplies,Pens,5,0.0,218.92,91.95
ORD-102441,2023-07-26,Dubai,Consumer,Furniture,Bookcases,5,0.15,707.25,134.38
ORD-102635,2023-07-26,Dubai,Corporate,Technology,Laptops,3,0.1,1491.66,149.17
ORD-102743,2023-07-26,Dubai,SMB,Technology,Monitors,3,0.0,1815.17,290.43
ORD-103199,2023-07-26,Abu Dhabi,Corporate,Office Supplies,Storage,7,0.0,250.63,105.26
ORD-102866,2023-07-27,Abu Dhabi,Corporate,Furniture,Tables,6,0.0,2192.14,613.8
ORD-105367,2023-07-27,Dubai,SMB,Furniture,Storage,3,0.2,1429.72,228.76
ORD-100658,2023-07-27,Sharjah,Consumer,Technology,Accessories,6,0.2,4911.34,196.45
ORD-101664,2023-07-27,Dubai,Consumer,Furniture,Tables,4,0.0,2271.74,636.09
ORD-101801,2023-07-27,Dubai,Corporate,Furniture,Tables,6,0.15,1903.99,361.76
ORD-102417,2023-07-27,Dubai,Corporate,Furniture,Bookcases,2,0.0,380.34,106.5
ORD-102831,2023-07-27,Abu Dhabi,SMB,Technology,Laptops,7,0.15,7051.62,493.61
ORD-102117,2023-07-27,Dubai,SMB,Furniture,Storage,6,0.15,1914.39,363.73
ORD-101081,2023-07-28,Dubai,Corporate,Technology,Monitors,1,0.1,559.59,55.96
ORD-105002,2023-07-28,Northern Emirates,Consumer,Furniture,Tables,8,0.0,1462.88,409.61
ORD-100176,2023-07-28,Abu Dhabi,Consumer,Technology,Monitors,4,0.0,2995.81,479.33
ORD-102844,2023-07-28,Dubai,Consumer,Office Supplies,Binders,2,0.0,84.45,35.47
ORD-104603,2023-07-28,Abu Dhabi,Consumer,Furniture,Storage,6,0.1,2472.18,543.88
ORD-104410,2023-07-28,Sharjah,Corporate,Furniture,Chairs,7,0.15,1476.15,280.47
ORD-101283,2023-07-28,Abu Dhabi,Corporate,Office Supplies,Pens,6,0.2,324.19,97.26
ORD-100206,2023-07-28,Abu Dhabi,Corporate,Technology,Monitors,6,0.3,3123.01,-62.46
ORD-104568,2023-07-29,Abu Dhabi,SMB,Furniture,Storage,2,0.15,779.64,148.13
ORD-105425,2023-07-29,Sharjah,SMB,Office Supplies,Binders,1,0.15,63.09,20.82
ORD-101639,2023-07-29,Dubai,SMB,Office Supplies,Binders,1,0.15,53.3,17.59
ORD-103876,2023-07-29,Northern Emirates,Consumer,Furniture,Tables,4,0.2,1214.34,194.29
ORD-105334,2023-07-29,Dubai,Corporate,Office Supplies,Binders,4,0.1,246.64,88.79
ORD-104192,2023-07-30,Dubai,Consumer,Technology,Phones,2,0.3,1473.5,-29.47
ORD-103430,2023-07-30,Abu Dhabi,SMB,Technology,Accessories,1,0.2,1085.03,43.4
ORD-104235,2023-07-30,Dubai,Corporate,Furniture,Tables,2,0.0,589.13,164.96
ORD-105119,2023-07-30,Northern Emirates,Consumer,Office Supplies,Pens,5,0.1,291.85,105.07
ORD-105417,2023-07-30,Sharjah,SMB,Office Supplies,Binders,2,0.2,132.58,39.77
ORD-100058,2023-07-30,Abu Dhabi,Corporate,Furniture,Storage,6,0.3,380.86,38.09
ORD-100032,2023-07-30,Dubai,Consumer,Technology,Accessories,5,0.1,2292.06,229.21
ORD-104045,2023-07-31,Dubai,SMB,Office Supplies,Paper,8,0.2,477.77,143.33
ORD-100451,2023-07-31,Sharjah,Corporate,Technology,Accessories,5,0.2,3252.77,130.11
ORD-100612,2023-07-31,Dubai,SMB,Office Supplies,Storage,1,0.0,44.22,18.57
ORD-105454,2023-07-31,Dubai,Consumer,Technology,Phones,8,0.0,5648.53,903.76
ORD-105333,2023-07-31,Dubai,SMB,Office Supplies,Paper,4,0.3,285.83,68.6
ORD-102021,2023-07-31,Abu Dhabi,SMB,Furniture,Bookcases,6,0.0,2871.65,804.06
ORD-104317,2023-07-31,Dubai,Consumer,Furniture,Chairs,6,0.3,3778.51,377.85
ORD-105433,2023-08-01,Northern Emirates,Corporate,Office Supplies,Paper,8,0.2,552.63,165.79
ORD-100861,2023-08-01,Dubai,SMB,Office Supplies,Pens,8,0.0,342.52,143.86
ORD-103506,2023-08-01,Sharjah,Consumer,Technology,Phones,5,0.2,4744.51,189.78
ORD-101414,2023-08-01,Northern Emirates,Consumer,Technology,Accessories,7,0.15,4576.62,320.36
ORD-102613,2023-08-01,Dubai,SMB,Office Supplies,Paper,1,0.0,48.85,20.52
ORD-105025,2023-08-01,Dubai,Consumer,Furniture,Bookcases,1,0.15,514.12,97.68
ORD-101236,2023-08-01,Abu Dhabi,Consumer,Office Supplies,Paper,8,0.0,455.92,191.49
ORD-101227,2023-08-02,Northern Emirates,Corporate,Office Supplies,Paper,8,0.1,479.69,172.69
ORD-101969,2023-08-02,Sharjah,Consumer,Furniture,Storage,2,0.0,905.72,253.6
ORD-100682,2023-08-02,Abu Dhabi,SMB,Technology,Laptops,8,0.15,7907.69,553.54
ORD-102913,2023-08-02,Northern Emirates,Consumer,Technology,Monitors,6,0.0,2496.08,399.37
ORD-105475,2023-08-02,Abu Dhabi,Consumer,Office Supplies,Pens,2,0.0,94.36,39.63
ORD-104424,2023-08-02,Sharjah,Corporate,Office Supplies,Binders,4,0.1,161.22,58.04
ORD-104239,2023-08-02,Dubai,Corporate,Furniture,Storage,8,0.0,3811.48,1067.21
ORD-105972,2023-08-03,Dubai,Corporate,Technology,Monitors,4,0.1,2250.6,225.06
ORD-103713,2023-08-03,Dubai,Consumer,Technology,Laptops,3,0.0,2183.15,349.3
ORD-105337,2023-08-03,Sharjah,Corporate,Technology,Phones,1,0.0,552.67,88.43
ORD-105346,2023-08-03,Northern Emirates,SMB,Furniture,Chairs,3,0.3,1370.62,137.06
ORD-100842,2023-08-03,Dubai,Consumer,Technology,Accessories,7,0.0,3343.89,535.02
ORD-101879,2023-08-03,Abu Dhabi,Consumer,Office Supplies,Paper,8,0.1,423.64,152.51
ORD-105468,2023-08-03,Sharjah,Consumer,Technology,Accessories,2,0.0,448.37,71.74
ORD-103926,2023-08-03,Abu Dhabi,Corporate,Furniture,Bookcases,5,0.0,2953.07,826.86
ORD-104132,2023-08-04,Sharjah,Consumer,Office Supplies,Binders,2,0.0,71.14,29.88
ORD-105524,2023-08-04,Sharjah,Consumer,Office Supplies,Paper,8,0.15,355.2,117.22
ORD-104816,2023-08-04,Abu Dhabi,Consumer,Furniture,Storage,7,0.15,3632.0,690.08
ORD-102596,2023-08-04,Northern Emirates,Consumer,Technology,Phones,6,0.1,3707.32,370.73
ORD-105332,2023-08-04,Dubai,Consumer,Technology,Phones,5,0.3,4108.51,-82.17
ORD-105917,2023-08-04,Sharjah,Corporate,Furniture,Bookcases,1,0.0,593.38,166.15
ORD-100746,2023-08-04,Dubai,Corporate,Technology,Accessories,5,0.0,4701.23,752.2
ORD-104398,2023-08-04,Sharjah,SMB,Furniture,Bookcases,3,0.3,1267.01,126.7
ORD-105937,2023-08-04,Abu Dhabi,Consumer,Office Supplies,Binders,6,0.2,317.32,95.2
ORD-102459,2023-08-04,Abu Dhabi,Corporate,Office Supplies,Binders,7,0.15,327.11,107.95
ORD-101268,2023-08-04,Dubai,Consumer,Technology,Laptops,2,0.15,646.52,45.26
ORD-103268,2023-08-05,Dubai,Corporate,Technology,Accessories,8,0.1,6067.07,606.71
ORD-105024,2023-08-05,Dubai,Corporate,Office Supplies,Paper,3,0.0,167.07,70.17
ORD-101508,2023-08-05,Abu Dhabi,Corporate,Furniture,Bookcases,5,0.2,1949.41,311.91
ORD-101135,2023-08-05,Sharjah,SMB,Office Supplies,Storage,5,0.0,257.95,108.34
ORD-100870,2023-08-05,Abu Dhabi,Consumer,Technology,Phones,5,0.2,4908.28,196.33
ORD-102789,2023-08-05,Dubai,SMB,Office Supplies,Binders,4,0.0,79.1,33.22
ORD-102059,2023-08-05,Dubai,Corporate,Furniture,Tables,6,0.2,2865.87,458.54
ORD-105834,2023-08-05,Sharjah,Consumer,Furniture,Tables,2,0.2,963.99,154.24
ORD-105145,2023-08-05,Abu Dhabi,Consumer,Technology,Monitors,6,0.15,4240.44,296.83
ORD-101071,2023-08-05,Sharjah,Consumer,Office Supplies,Binders,6,0.3,209.98,50.4
ORD-104582,2023-08-06,Dubai,Consumer,Furniture,Chairs,3,0.1,1225.65,269.64
ORD-105683,2023-08-06,Abu Dhabi,Consumer,Furniture,Chairs,7,0.0,4795.36,1342.7
ORD-102507,2023-08-06,Abu Dhabi,Corporate,Office Supplies,Paper,5,0.2,60.13,18.04
ORD-102626,2023-08-06,Dubai,Corporate,Office Supplies,Binders,1,0.0,67.78,28.47
ORD-104066,2023-08-06,Sharjah,Consumer,Technology,Accessories,7,0.1,3794.64,379.46
ORD-101882,2023-08-06,Dubai,Consumer,Office Supplies,Storage,6,0.0,334.97,140.69
ORD-101922,2023-08-06,Abu Dhabi,SMB,Technology,Laptops,4,0.2,3238.64,129.55
ORD-101774,2023-08-06,Sharjah,Consumer,Technology,Phones,8,0.0,5282.77,845.24
ORD-105634,2023-08-06,Abu Dhabi,Consumer,Office Supplies,Binders,6,0.0,221.08,92.85
ORD-103766,2023-08-06,Abu Dhabi,Consumer,Technology,Accessories,2,0.15,1697.42,118.82
ORD-103133,2023-08-07,Abu Dhabi,Consumer,Office Supplies,Paper,8,0.0,410.55,172.43
ORD-100941,2023-08-07,Abu Dhabi,Consumer,Technology,Laptops,2,0.1,2029.67,202.97
ORD-102383,2023-08-07,Dubai,Consumer,Office Supplies,Pens,7,0.0,350.79,147.33
ORD-105485,2023-08-07,Northern Emirates,Consumer,Technology,Laptops,4,0.1,3428.46,342.85
ORD-104139,2023-08-07,Sharjah,Corporate,Technology,Phones,3,0.3,1957.94,-39.16
ORD-104389,2023-08-07,Abu Dhabi,SMB,Furniture,Chairs,6,0.0,3088.1,864.67
ORD-101369,2023-08-07,Dubai,Consumer,Office Supplies,Pens,8,0.1,319.18,114.9
ORD-101242,2023-08-07,Sharjah,Corporate,Furniture,Chairs,5,0.15,3293.31,625.73
ORD-105285,2023-08-07,Sharjah,Corporate,Office Supplies,Pens,1,0.2,70.62,21.19
ORD-103768,2023-08-07,Northern Emirates,SMB,Technology,Monitors,3,0.15,1674.15,117.19
ORD-100744,2023-08-07,Sharjah,Corporate,Technology,Accessories,1,0.0,416.75,66.68
ORD-104581,2023-08-07,Abu Dhabi,Corporate,Technology,Monitors,7,0.0,3140.78,502.52
ORD-103592,2023-08-08,Abu Dhabi,Corporate,Furniture,Tables,4,0.0,1491.82,417.71
ORD-102333,2023-08-08,Sharjah,Consumer,Office Supplies,Binders,5,0.0,158.21,66.45
ORD-101771,2023-08-08,Sharjah,Consumer,Furniture,Storage,1,0.0,344.64,96.5
ORD-103094,2023-08-08,Abu Dhabi,Corporate,Technology,Monitors,1,0.0,1030.83,164.93
ORD-104082,2023-08-08,Sharjah,Consumer,Technology,Accessories,6,0.0,4946.53,791.44
ORD-102377,2023-08-09,Abu Dhabi,Consumer,Office Supplies,Pens,5,0.2,219.59,65.88
ORD-103799,2023-08-09,Abu Dhabi,Corporate,Office Supplies,Storage,3,0.0,88.01,36.96
ORD-100579,2023-08-09,Dubai,Consumer,Furniture,Storage,3,0.3,1360.07,136.01
ORD-100984,2023-08-09,Northern Emirates,Corporate,Furniture,Tables,3,0.0,1240.9,347.45
ORD-101906,2023-08-09,Dubai,Corporate,Furniture,Chairs,6,0.15,2572.31,488.74
ORD-101180,2023-08-09,Northern Emirates,Consumer,Office Supplies,Pens,8,0.15,265.83,87.72
ORD-100465,2023-08-10,Abu Dhabi,Consumer,Office Supplies,Storage,5,0.15,223.21,73.66
ORD-103921,2023-08-10,Abu Dhabi,Consumer,Office Supplies,Pens,7,0.0,201.63,84.68
ORD-104301,2023-08-10,Northern Emirates,Corporate,Technology,Phones,6,0.1,1596.13,159.61
ORD-103300,2023-08-10,Abu Dhabi,Consumer,Technology,Phones,7,0.0,3785.97,605.76
ORD-102610,2023-08-10,Dubai,Consumer,Technology,Phones,5,0.3,4091.99,-81.84
ORD-103158,2023-08-10,Sharjah,Consumer,Furniture,Storage,1,0.0,415.98,116.47
ORD-101233,2023-08-10,Northern Emirates,Consumer,Technology,Accessories,3,0.3,1562.87,-31.26
ORD-101134,2023-08-11,Sharjah,Corporate,Technology,Monitors,8,0.1,6128.66,612.87
ORD-102467,2023-08-11,Northern Emirates,SMB,Furniture,Storage,6,0.3,2290.58,229.06
ORD-104109,2023-08-11,Abu Dhabi,Consumer,Office Supplies,Storage,6,0.1,179.97,64.79
ORD-101181,2023-08-11,Sharjah,Consumer,Office Supplies,Pens,5,0.0,290.45,121.99
ORD-102259,2023-08-11,Northern Emirates,Consumer,Office Supplies,Paper,7,0.15,391.66,129.25
ORD-101305,2023-08-11,Dubai,SMB,Office Supplies,Storage,4,0.0,232.33,97.58
ORD-100448,2023-08-11,Abu Dhabi,Corporate,Technology,Laptops,4,0.2,3683.87,147.35
ORD-105198,2023-08-11,Abu Dhabi,Corporate,Office Supplies,Paper,4,0.0,80.5,33.81
ORD-100545,2023-08-11,Sharjah,Corporate,Furniture,Tables,3,0.3,2232.01,223.2
ORD-104982,2023-08-11,Abu Dhabi,Consumer,Office Supplies,Paper,5,0.1,187.06,67.34
ORD-100594,2023-08-11,Abu Dhabi,Consumer,Furniture,Storage,8,0.0,2830.17,792.45
ORD-100568,2023-08-11,Abu Dhabi,Consumer,Office Supplies,Pens,7,0.0,351.69,147.71
ORD-100705,2023-08-12,Northern Emirates,Consumer,Technology,Monitors,6,0.15,2514.33,176.0
ORD-104312,2023-08-12,Sharjah,Consumer,Office Supplies,Binders,6,0.1,223.67,80.52
ORD-104981,2023-08-12,Dubai,SMB,Office Supplies,Pens,1,0.0,38.08,15.99
ORD-104131,2023-08-12,Sharjah,Consumer,Technology,Phones,2,0.15,609.19,42.64
ORD-105556,2023-08-12,Abu Dhabi,Consumer,Technology,Laptops,7,0.15,5215.08,365.06
ORD-101636,2023-08-13,Northern Emirates,Consumer,Office Supplies,Pens,1,0.15,27.21,8.98
ORD-105099,2023-08-13,Abu Dhabi,Corporate,Office Supplies,Pens,2,0.0,126.26,53.03
ORD-102380,2023-08-13,Northern Emirates,SMB,Technology,Accessories,1,0.15,358.25,25.08
ORD-101694,2023-08-13,Dubai,SMB,Furniture,Bookcases,6,0.0,2276.82,637.51
ORD-104783,2023-08-13,Sharjah,Consumer,Office Supplies,Paper,3,0.1,108.74,39.15
ORD-103162,2023-08-13,Dubai,Consumer,Office Supplies,Pens,7,0.0,370.21,155.49
ORD-105732,2023-08-13,Abu Dhabi,Consumer,Technology,Phones,5,0.15,1865.68,130.6
ORD-102299,2023-08-13,Abu Dhabi,Corporate,Technology,Phones,7,0.1,3579.74,357.97
ORD-102234,2023-08-13,Dubai,Consumer,Furniture,Storage,7,0.15,3276.05,622.45
ORD-100193,2023-08-14,Sharjah,Consumer,Technology,Accessories,1,0.0,608.9,97.42
ORD-100269,2023-08-14,Sharjah,Consumer,Office Supplies,Storage,8,0.0,400.43,168.18
ORD-105238,2023-08-14,Abu Dhabi,Corporate,Furniture,Bookcases,1,0.3,256.05,25.61
ORD-101974,2023-08-14,Sharjah,Consumer,Technology,Laptops,8,0.1,5433.4,543.34
ORD-101586,2023-08-14,Dubai,Corporate,Office Supplies,Storage,5,0.0,235.41,98.87
ORD-101163,2023-08-14,Dubai,Corporate,Technology,Monitors,7,0.0,4133.9,661.42
ORD-102976,2023-08-14,Dubai,Corporate,Furniture,Tables,8,0.1,4831.54,1062.94
ORD-102796,2023-08-14,Dubai,Consumer,Office Supplies,Binders,5,0.2,132.79,39.84
ORD-102639,2023-08-14,Dubai,Corporate,Technology,Phones,3,0.1,1364.55,136.46
ORD-105872,2023-08-14,Dubai,Consumer,Furniture,Storage,8,0.0,3442.19,963.81
ORD-100879,2023-08-15,Abu Dhabi,SMB,Technology,Laptops,1,0.15,686.46,48.05
ORD-104804,2023-08-15,Dubai,Consumer,Furniture,Tables,1,0.15,75.02,14.25
ORD-102657,2023-08-15,Sharjah,Consumer,Furniture,Tables,2,0.15,913.22,173.51
ORD-101683,2023-08-15,Dubai,SMB,Furniture,Tables,2,0.0,336.03,94.09
ORD-103981,2023-08-15,Abu Dhabi,Corporate,Technology,Laptops,3,0.0,2081.63,333.06
ORD-101627,2023-08-15,Northern Emirates,Corporate,Office Supplies,Binders,7,0.0,360.07,151.23
ORD-105428,2023-08-15,Dubai,Corporate,Furniture,Bookcases,4,0.0,2315.22,648.26
ORD-101478,2023-08-15,Abu Dhabi,Consumer,Technology,Monitors,6,0.15,2932.63,205.28
ORD-103571,2023-08-16,Dubai,Consumer,Technology,Monitors,5,0.0,3128.2,500.51
ORD-103245,2023-08-16,Dubai,Consumer,Technology,Phones,8,0.0,5238.22,838.12
ORD-104177,2023-08-16,Dubai,Corporate,Technology,Accessories,4,0.1,722.85,72.29
ORD-100108,2023-08-16,Dubai,SMB,Office Supplies,Pens,2,0.1,54.03,19.45
ORD-105672,2023-08-16,Abu Dhabi,SMB,Office Supplies,Binders,3,0.2,147.06,44.12
ORD-104164,2023-08-16,Sharjah,SMB,Technology,Accessories,3,0.0,3650.49,584.08
ORD-103418,2023-08-16,Dubai,Consumer,Technology,Phones,6,0.15,5053.48,353.74
ORD-104070,2023-08-16,Abu Dhabi,Corporate,Technology,Phones,3,0.0,2764.69,442.35
ORD-105786,2023-08-16,Sharjah,SMB,Technology,Monitors,6,0.0,6794.29,1087.09
ORD-100835,2023-08-17,Sharjah,Consumer,Furniture,Storage,6,0.1,2909.5,640.09
ORD-102335,2023-08-17,Northern Emirates,Corporate,Furniture,Storage,6,0.0,2522.81,706.39
ORD-105693,2023-08-17,Dubai,Corporate,Office Supplies,Pens,6,0.15,204.64,67.53
ORD-102001,2023-08-17,Dubai,Corporate,Technology,Accessories,2,0.0,1444.56,231.13
ORD-105028,2023-08-17,Abu Dhabi,Corporate,Office Supplies,Pens,8,0.0,276.3,116.05
ORD-102547,2023-08-17,Abu Dhabi,Consumer,Technology,Monitors,4,0.0,1703.5,272.56
ORD-105697,2023-08-17,Dubai,Consumer,Furniture,Tables,1,0.15,495.44,94.13
ORD-100349,2023-08-18,Dubai,Corporate,Office Supplies,Binders,2,0.2,115.76,34.73
ORD-103171,2023-08-18,Dubai,SMB,Technology,Accessories,5,0.1,3354.15,335.42
ORD-102461,2023-08-18,Northern Emirates,SMB,Office Supplies,Pens,1,0.2,64.57,19.37
ORD-104674,2023-08-18,Dubai,Consumer,Furniture,Tables,1,0.1,528.17,116.2
ORD-102332,2023-08-18,Abu Dhabi,Consumer,Furniture,Tables,7,0.2,2491.58,398.65
ORD-104330,2023-08-18,Abu Dhabi,Consumer,Technology,Monitors,6,0.0,3244.87,519.18
ORD-103866,2023-08-18,Sharjah,Consumer,Technology,Laptops,1,0.2,684.68,27.39
ORD-105832,2023-08-18,Dubai,Consumer,Technology,Laptops,7,0.0,5143.78,823.0
ORD-103983,2023-08-18,Northern Emirates,Corporate,Technology,Accessories,6,0.1,2182.15,218.22
ORD-100227,2023-08-18,Dubai,Consumer,Furniture,Bookcases,3,0.0,1378.14,385.88
ORD-101417,2023-08-19,Dubai,Consumer,Office Supplies,Pens,1,0.0,32.94,13.83
ORD-103888,2023-08-19,Dubai,Consumer,Furniture,Chairs,8,0.0,4211.82,1179.31
ORD-104647,2023-08-19,Abu Dhabi,Consumer,Office Supplies,Pens,3,0.15,118.14,38.99
ORD-101231,2023-08-19,Dubai,Corporate,Furniture,Chairs,6,0.1,2212.09,486.66
ORD-100224,2023-08-19,Dubai,Consumer,Office Supplies,Paper,5,0.0,258.37,108.52
ORD-104761,2023-08-19,Abu Dhabi,SMB,Technology,Phones,2,0.0,1475.37,236.06
ORD-104156,2023-08-20,Abu Dhabi,Consumer,Office Supplies,Storage,1,0.1,38.8,13.97
ORD-103279,2023-08-20,Dubai,Corporate,Technology,Monitors,2,0.1,1684.77,168.48
ORD-105746,2023-08-20,Abu Dhabi,Corporate,Technology,Phones,4,0.1,1168.96,116.9
ORD-100790,2023-08-20,Dubai,Consumer,Office Supplies,Paper,7,0.3,298.2,71.57
ORD-102306,2023-08-20,Sharjah,Consumer,Office Supplies,Storage,7,0.3,448.19,107.57
ORD-101257,2023-08-20,Abu Dhabi,Consumer,Technology,Laptops,7,0.15,5664.88,396.54
ORD-100011,2023-08-20,Sharjah,Consumer,Technology,Monitors,8,0.2,6269.86,250.79
ORD-100837,2023-08-20,Abu Dhabi,Consumer,Technology,Monitors,8,0.1,10426.01,1042.6
ORD-105156,2023-08-21,Sharjah,Consumer,Technology,Laptops,5,0.2,3141.45,125.66
ORD-101982,2023-08-21,Northern Emirates,SMB,Technology,Laptops,7,0.0,6433.41,1029.35
ORD-100801,2023-08-21,Northern Emirates,Consumer,Technology,Phones,1,0.2,594.09,23.76
ORD-105478,2023-08-21,Abu Dhabi,Corporate,Office Supplies,Binders,4,0.0,253.05,106.28
ORD-100957,2023-08-21,Sharjah,Corporate,Furniture,Chairs,2,0.1,710.87,156.39
ORD-102273,2023-08-21,Dubai,Consumer,Technology,Phones,2,0.15,2030.53,142.14
ORD-100272,2023-08-21,Abu Dhabi,Corporate,Office Supplies,Pens,8,0.2,468.96,140.69
ORD-103390,2023-08-22,Abu Dhabi,Consumer,Furniture,Tables,1,0.15,309.33,58.77
ORD-100532,2023-08-22,Dubai,Corporate,Technology,Laptops,3,0.15,2704.93,189.35
ORD-101017,2023-08-22,Dubai,Corporate,Technology,Laptops,2,0.15,1206.41,84.45
ORD-105749,2023-08-22,Northern Emirates,SMB,Technology,Monitors,8,0.0,3161.95,505.91
ORD-105869,2023-08-22,Sharjah,Consumer,Office Supplies,Paper,7,0.1,295.75,106.47
ORD-101735,2023-08-22,Dubai,Consumer,Office Supplies,Storage,5,0.1,212.02,76.33
ORD-101806,2023-08-22,Abu Dhabi,Consumer,Furniture,Chairs,3,0.1,1711.08,376.44
ORD-103714,2023-08-22,Dubai,Consumer,Technology,Monitors,5,0.0,1494.46,239.11
ORD-101015,2023-08-22,Dubai,Consumer,Office Supplies,Binders,5,0.1,229.27,82.54
ORD-102608,2023-08-22,Sharjah,Consumer,Office Supplies,Paper,8,0.1,390.21,140.48
ORD-100614,2023-08-23,Dubai,Consumer,Office Supplies,Pens,1,0.0,41.4,17.39
ORD-102340,2023-08-23,Sharjah,Corporate,Technology,Phones,8,0.3,9884.09,-197.68
ORD-102015,2023-08-23,Sharjah,Corporate,Furniture,Chairs,7,0.1,2623.85,577.25
ORD-104421,2023-08-23,Dubai,Corporate,Furniture,Chairs,3,0.0,1523.2,426.5
ORD-103840,2023-08-23,Abu Dhabi,Consumer,Technology,Phones,6,0.1,5599.0,559.9
ORD-103388,2023-08-23,Dubai,Corporate,Office Supplies,Pens,3,0.3,135.01,32.4
ORD-102149,2023-08-24,Northern Emirates,SMB,Office Supplies,Pens,8,0.3,325.28,78.07
ORD-104248,2023-08-24,Abu Dhabi,Corporate,Technology,Laptops,1,0.0,711.28,113.8
ORD-100524,2023-08-24,Dubai,Corporate,Furniture,Tables,6,0.2,2578.84,412.61
ORD-103147,2023-08-24,Dubai,Consumer,Office Supplies,Binders,2,0.0,93.35,39.21
ORD-100053,2023-08-24,Sharjah,Corporate,Technology,Monitors,5,0.2,1321.53,52.86
ORD-102388,2023-08-25,Sharjah,Consumer,Office Supplies,Paper,8,0.1,449.96,161.99
ORD-101816,2023-08-25,Dubai,Corporate,Furniture,Chairs,6,0.2,1518.55,242.97
ORD-105440,2023-08-25,Sharjah,SMB,Office Supplies,Storage,2,0.1,82.95,29.86
ORD-105863,2023-08-25,Dubai,Consumer,Technology,Laptops,7,0.0,4062.41,649.99
ORD-103259,2023-08-25,Abu Dhabi,Corporate,Technology,Laptops,5,0.1,3640.36,364.04
ORD-101961,2023-08-25,Sharjah,Consumer,Technology,Laptops,6,0.0,2428.7,388.59
ORD-101249,2023-08-25,Northern Emirates,SMB,Furniture,Bookcases,4,0.15,1889.8,359.06
ORD-100727,2023-08-26,Dubai,Corporate,Technology,Phones,3,0.15,1144.44,80.11
ORD-105965,2023-08-26,Abu Dhabi,Consumer,Furniture,Bookcases,6,0.15,2804.51,532.86
ORD-105173,2023-08-26,Dubai,Corporate,Technology,Phones,7,0.15,4185.55,292.99
ORD-103773,2023-08-26,Abu Dhabi,SMB,Technology,Monitors,2,0.0,1647.38,263.58
ORD-100065,2023-08-26,Dubai,Consumer,Office Supplies,Paper,7,0.2,248.26,74.48
ORD-102093,2023-08-26,Dubai,Consumer,Technology,Phones,4,0.0,1758.98,281.44
ORD-100498,2023-08-26,Dubai,SMB,Furniture,Tables,6,0.2,1914.22,306.28
ORD-101978,2023-08-26,Abu Dhabi,SMB,Office Supplies,Pens,7,0.2,376.65,112.99
ORD-102312,2023-08-26,Sharjah,SMB,Furniture,Bookcases,6,0.0,1710.69,478.99
ORD-105452,2023-08-26,Dubai,Consumer,Furniture,Storage,6,0.0,3045.39,852.71
ORD-100981,2023-08-26,Dubai,Consumer,Furniture,Tables,2,0.1,801.01,176.22
ORD-104338,2023-08-26,Dubai,SMB,Technology,Monitors,5,0.3,2861.28,-57.23
ORD-104467,2023-08-27,Dubai,Consumer,Office Supplies,Storage,8,0.2,453.86,136.16
ORD-103673,2023-08-27,Dubai,SMB,Technology,Laptops,4,0.0,3322.74,531.64
ORD-104224,2023-08-27,Abu Dhabi,Consumer,Office Supplies,Paper,6,0.0,308.68,129.65
ORD-104522,2023-08-27,Dubai,Consumer,Office Supplies,Paper,3,0.3,98.33,23.6
ORD-102817,2023-08-27,Dubai,SMB,Office Supplies,Binders,7,0.0,427.54,179.57
ORD-101275,2023-08-27,Dubai,Corporate,Technology,Accessories,5,0.2,3685.64,147.43
ORD-101796,2023-08-27,Dubai,Consumer,Technology,Phones,6,0.0,5723.51,915.76
ORD-104945,2023-08-27,Dubai,Corporate,Technology,Phones,1,0.1,615.07,61.51
ORD-104019,2023-08-27,Sharjah,Corporate,Furniture,Tables,2,0.0,585.77,164.02
ORD-105302,2023-08-28,Dubai,Corporate,Office Supplies,Pens,4,0.0,148.49,62.37
ORD-100311,2023-08-28,Northern Emirates,Consumer,Technology,Monitors,5,0.0,1989.95,318.39
ORD-103838,2023-08-28,Dubai,Consumer,Technology,Accessories,7,0.3,5448.58,-108.97
ORD-104402,2023-08-28,Sharjah,Corporate,Office Supplies,Storage,8,0.1,244.39,87.98
ORD-102603,2023-08-28,Dubai,SMB,Office Supplies,Paper,8,0.0,545.6,229.15
ORD-104300,2023-08-28,Sharjah,Consumer,Office Supplies,Binders,7,0.15,239.46,79.02
ORD-101232,2023-08-28,Dubai,Consumer,Office Supplies,Pens,3,0.2,106.41,31.92
ORD-100781,2023-08-28,Dubai,Corporate,Technology,Accessories,2,0.2,825.92,33.04
ORD-102612,2023-08-28,Dubai,Corporate,Furniture,Chairs,2,0.0,669.98,187.59
ORD-104586,2023-08-28,Northern Emirates,Consumer,Technology,Phones,7,0.1,4062.53,406.25
ORD-103106,2023-08-28,Dubai,Consumer,Office Supplies,Pens,6,0.0,218.27,91.67
ORD-102506,2023-08-28,Abu Dhabi,Corporate,Technology,Laptops,6,0.0,3931.81,629.09
ORD-103374,2023-08-28,Northern Emirates,Consumer,Furniture,Bookcases,4,0.0,1954.34,547.22
ORD-101765,2023-08-28,Dubai,Corporate,Furniture,Chairs,8,0.3,2849.45,284.95
ORD-105516,2023-08-29,Dubai,Corporate,Office Supplies,Binders,2,0.2,91.93,27.58
ORD-103916,2023-08-29,Northern Emirates,SMB,Technology,Monitors,3,0.2,2787.49,111.5
ORD-100367,2023-08-29,Northern Emirates,Corporate,Furniture,Tables,1,0.0,428.87,120.08
ORD-104654,2023-08-29,Northern Emirates,Corporate,Technology,Phones,4,0.0,2972.62,475.62
ORD-101919,2023-08-29,Abu Dhabi,Consumer,Office Supplies,Storage,5,0.0,235.51,98.91
ORD-105747,2023-08-29,Dubai,Consumer,Technology,Monitors,3,0.0,1107.89,177.26
ORD-100194,2023-08-29,Abu Dhabi,Corporate,Office Supplies,Paper,4,0.0,192.41,80.81
ORD-100395,2023-08-29,Dubai,Corporate,Furniture,Chairs,6,0.0,1550.06,434.02
ORD-102793,2023-08-30,Abu Dhabi,Consumer,Furniture,Tables,4,0.0,2326.87,651.52
ORD-105432,2023-08-30,Sharjah,Corporate,Office Supplies,Storage,2,0.15,135.05,44.57
ORD-103813,2023-08-30,Dubai,SMB,Furniture,Storage,8,0.0,2930.13,820.44
ORD-105891,2023-08-30,Abu Dhabi,Consumer,Furniture,Bookcases,4,0.1,1533.74,337.42
ORD-103663,2023-08-30,Abu Dhabi,Consumer,Furniture,Storage,1,0.1,367.81,80.92
ORD-101074,2023-08-30,Northern Emirates,Consumer,Office Supplies,Binders,6,0.1,341.69,123.01
ORD-103541,2023-08-30,Dubai,Consumer,Office Supplies,Paper,2,0.15,111.71,36.86
ORD-103061,2023-08-30,Northern Emirates,Corporate,Technology,Monitors,6,0.0,3777.94,604.47
ORD-100544,2023-08-30,Sharjah,Consumer,Technology,Phones,3,0.0,1269.43,203.11
ORD-102060,2023-08-31,Northern Emirates,Consumer,Office Supplies,Paper,3,0.2,162.2,48.66
ORD-101707,2023-08-31,Dubai,Consumer,Technology,Accessories,8,0.0,4976.58,796.25
ORD-101800,2023-08-31,Northern Emirates,Consumer,Technology,Monitors,2,0.2,1619.01,64.76
ORD-103991,2023-08-31,Dubai,Consumer,Technology,Monitors,3,0.0,2264.5,362.32
ORD-101107,2023-08-31,Dubai,Consumer,Furniture,Tables,5,0.0,2818.85,789.28
ORD-102288,2023-08-31,Northern Emirates,Consumer,Office Supplies,Pens,8,0.1,197.0,70.92
ORD-104701,2023-08-31,Abu Dhabi,Consumer,Technology,Phones,7,0.15,4597.42,321.82
ORD-103023,2023-08-31,Northern Emirates,Consumer,Technology,Laptops,5,0.15,1050.81,73.56
ORD-103022,2023-08-31,Dubai,Corporate,Technology,Accessories,8,0.0,5210.26,833.64
ORD-105158,2023-08-31,Dubai,SMB,Office Supplies,Binders,2,0.15,85.73,28.29
ORD-103566,2023-08-31,Northern Emirates,Consumer,Furniture,Tables,7,0.2,1632.34,261.17
ORD-102517,2023-08-31,Dubai,Consumer,Office Supplies,Binders,1,0.3,46.77,11.22
ORD-100370,2023-09-01,Sharjah,Consumer,Furniture,Chairs,6,0.1,1780.14,391.63
ORD-103336,2023-09-01,Sharjah,Consumer,Office Supplies,Paper,5,0.15,362.78,119.72
ORD-100708,2023-09-01,Sharjah,Consumer,Furniture,Tables,8,0.1,828.23,182.21
ORD-100385,2023-09-01,Abu Dhabi,Consumer,Technology,Laptops,6,0.2,4248.42,169.94
ORD-102213,2023-09-01,Sharjah,Corporate,Technology,Monitors,2,0.15,954.96,66.85
ORD-101343,2023-09-01,Dubai,Consumer,Technology,Accessories,4,0.0,3242.18,518.75
ORD-103306,2023-09-01,Dubai,SMB,Office Supplies,Binders,3,0.0,95.68,40.19
ORD-103120,2023-09-02,Dubai,Consumer,Office Supplies,Paper,5,0.2,382.6,114.78
ORD-102892,2023-09-02,Dubai,Corporate,Office Supplies,Paper,2,0.0,80.17,33.67
ORD-104633,2023-09-02,Sharjah,Consumer,Technology,Phones,4,0.0,3466.8,554.69
ORD-101829,2023-09-02,Northern Emirates,Consumer,Technology,Accessories,1,0.3,639.14,-12.78
ORD-102167,2023-09-02,Abu Dhabi,Consumer,Office Supplies,Pens,6,0.0,402.81,169.18
ORD-105463,2023-09-02,Dubai,Corporate,Office Supplies,Paper,3,0.1,181.98,65.51
ORD-100783,2023-09-02,Dubai,Consumer,Furniture,Storage,5,0.1,1198.6,263.69
ORD-102405,2023-09-02,Dubai,SMB,Technology,Accessories,8,0.1,3229.82,322.98
ORD-101432,2023-09-02,Dubai,SMB,Technology,Accessories,3,0.0,1708.48,273.36
ORD-101014,2023-09-02,Dubai,Consumer,Furniture,Chairs,8,0.15,3141.97,596.97
ORD-102342,2023-09-02,Dubai,Consumer,Technology,Monitors,8,0.15,2582.72,180.79
ORD-100583,2023-09-03,Abu Dhabi,Consumer,Technology,Monitors,6,0.0,3468.71,554.99
ORD-105357,2023-09-03,Dubai,Corporate,Technology,Laptops,4,0.15,2976.4,208.35
ORD-101067,2023-09-03,Northern Emirates,Corporate,Technology,Accessories,1,0.0,393.82,63.01
ORD-102877,2023-09-03,Northern Emirates,Corporate,Office Supplies,Pens,4,0.1,283.45,102.04
ORD-101202,2023-09-03,Dubai,Corporate,Furniture,Storage,1,0.3,428.85,42.89
ORD-100878,2023-09-03,Dubai,Consumer,Technology,Monitors,2,0.0,1480.66,236.91
ORD-101350,2023-09-03,Dubai,Consumer,Technology,Laptops,8,0.0,5465.99,874.56
ORD-103822,2023-09-03,Dubai,Consumer,Furniture,Storage,7,0.15,2376.43,451.52
ORD-104973,2023-09-03,Dubai,Consumer,Technology,Accessories,1,0.0,668.66,106.99
ORD-104323,2023-09-04,Abu Dhabi,SMB,Technology,Accessories,3,0.1,2149.82,214.98
ORD-101580,2023-09-04,Sharjah,Consumer,Technology,Accessories,5,0.2,3916.63,156.67
ORD-103090,2023-09-04,Dubai,Consumer,Office Supplies,Storage,6,0.0,209.69,88.07
ORD-104244,2023-09-04,Abu Dhabi,Corporate,Office Supplies,Storage,4,0.2,182.37,54.71
ORD-102700,2023-09-04,Sharjah,Consumer,Furniture,Bookcases,7,0.0,4269.17,1195.37
ORD-101845,2023-09-04,Abu Dhabi,Corporate,Furniture,Tables,7,0.15,3420.33,649.86
ORD-105413,2023-09-04,Abu Dhabi,Corporate,Office Supplies,Paper,2,0.1,131.17,47.22
ORD-104892,2023-09-04,Northern Emirates,SMB,Technology,Phones,6,0.0,4875.75,780.12
ORD-102320,2023-09-05,Northern Emirates,Consumer,Furniture,Bookcases,7,0.0,3891.47,1089.61
ORD-102766,2023-09-05,Sharjah,Consumer,Technology,Phones,1,0.0,332.19,53.15
ORD-101834,2023-09-05,Dubai,SMB,Furniture,Chairs,5,0.1,1608.34,353.83
ORD-101320,2023-09-05,Abu Dhabi,Consumer,Technology,Phones,2,0.3,1249.95,-25.0
ORD-105643,2023-09-05,Northern Emirates,Consumer,Technology,Phones,4,0.0,3988.24,638.12
ORD-104133,2023-09-05,Dubai,Consumer,Office Supplies,Paper,6,0.2,240.36,72.11
ORD-101787,2023-09-05,Dubai,Corporate,Furniture,Chairs,6,0.2,2185.11,349.62
ORD-100740,2023-09-05,Northern Emirates,SMB,Technology,Phones,1,0.2,655.27,26.21
ORD-101151,2023-09-05,Northern Emirates,Consumer,Technology,Phones,1,0.2,749.08,29.96
ORD-100867,2023-09-05,Dubai,Corporate,Technology,Monitors,1,0.15,640.25,44.82
ORD-100716,2023-09-05,Dubai,Corporate,Furniture,Tables,7,0.3,4597.38,459.74
ORD-103449,2023-09-06,Dubai,Corporate,Technology,Phones,3,0.1,2139.31,213.93
ORD-100967,2023-09-06,Sharjah,Consumer,Office Supplies,Binders,5,0.3,224.83,53.96
ORD-101950,2023-09-06,Northern Emirates,Consumer,Furniture,Chairs,3,0.0,952.71,266.76
ORD-101238,2023-09-06,Dubai,Consumer,Furniture,Storage,3,0.2,1199.01,191.84
ORD-102353,2023-09-06,Sharjah,Consumer,Furniture,Storage,4,0.3,2707.07,270.71
ORD-100619,2023-09-06,Dubai,Consumer,Technology,Monitors,5,0.0,1101.44,176.23
ORD-104120,2023-09-06,Sharjah,Consumer,Furniture,Chairs,5,0.1,2521.58,554.75
ORD-103903,2023-09-06,Northern Emirates,Consumer,Furniture,Tables,1,0.2,431.63,69.06
ORD-105291,2023-09-06,Northern Emirates,Consumer,Technology,Monitors,5,0.15,3781.45,264.7
ORD-103927,2023-09-07,Dubai,Consumer,Technology,Accessories,4,0.2,2910.91,116.44
ORD-105163,2023-09-07,Abu Dhabi,Consumer,Office Supplies,Binders,3,0.15,173.43,57.23
ORD-104499,2023-09-07,Dubai,Consumer,Technology,Accessories,1,0.0,819.87,131.18
ORD-103363,2023-09-07,Northern Emirates,Consumer,Office Supplies,Pens,3,0.0,83.59,35.11
ORD-102719,2023-09-07,Sharjah,Consumer,Furniture,Storage,4,0.0,2319.72,649.52
ORD-103632,2023-09-07,Dubai,SMB,Technology,Laptops,5,0.0,4779.13,764.66
ORD-105081,2023-09-07,Abu Dhabi,SMB,Furniture,Tables,6,0.1,2571.4,565.71
ORD-105728,2023-09-07,Sharjah,Consumer,Furniture,Bookcases,2,0.0,1222.32,342.25
ORD-105666,2023-09-07,Abu Dhabi,Consumer,Technology,Accessories,1,0.15,314.33,22.0
ORD-105382,2023-09-07,Northern Emirates,Consumer,Furniture,Storage,6,0.0,2568.73,719.24
ORD-102427,2023-09-07,Northern Emirates,Consumer,Furniture,Bookcases,4,0.0,34.12,9.55
ORD-105618,2023-09-08,Dubai,Corporate,Furniture,Chairs,8,0.15,3150.57,598.61
ORD-105742,2023-09-08,Abu Dhabi,Consumer,Furniture,Chairs,1,0.15,527.28,100.18
ORD-102282,2023-09-08,Dubai,Consumer,Office Supplies,Binders,5,0.0,219.41,92.15
ORD-103062,2023-09-08,Abu Dhabi,Consumer,Technology,Monitors,3,0.3,1381.62,-27.63
ORD-101868,2023-09-08,Abu Dhabi,Corporate,Furniture,Chairs,3,0.0,1071.34,299.98
ORD-100335,2023-09-08,Sharjah,Consumer,Office Supplies,Paper,6,0.3,233.88,56.13
ORD-103314,2023-09-08,Sharjah,Corporate,Technology,Laptops,2,0.0,1017.83,162.85
ORD-100687,2023-09-08,Sharjah,SMB,Furniture,Bookcases,2,0.1,855.42,188.19
ORD-104634,2023-09-08,Dubai,SMB,Furniture,Bookcases,6,0.0,2769.18,775.37
ORD-101645,2023-09-09,Sharjah,Consumer,Office Supplies,Storage,6,0.2,228.1,68.43
ORD-102478,2023-09-09,Dubai,Corporate,Technology,Phones,6,0.0,3843.1,614.9
ORD-105679,2023-09-09,Sharjah,Corporate,Furniture,Storage,6,0.0,2877.14,805.6
ORD-101111,2023-09-09,Abu Dhabi,Consumer,Furniture,Bookcases,5,0.3,2753.54,275.35
ORD-104050,2023-09-10,Abu Dhabi,SMB,Furniture,Bookcases,7,0.1,3622.59,796.97
ORD-104264,2023-09-10,Dubai,Consumer,Furniture,Chairs,5,0.1,2600.03,572.01
ORD-104434,2023-09-10,Sharjah,Consumer,Furniture,Tables,5,0.0,1937.72,542.56
ORD-105314,2023-09-10,Abu Dhabi,Consumer,Furniture,Chairs,2,0.0,762.21,213.42
ORD-105613,2023-09-10,Abu Dhabi,Corporate,Furniture,Bookcases,1,0.15,479.39,91.08
ORD-104566,2023-09-10,Northern Emirates,Consumer,Technology,Monitors,3,0.0,1366.65,218.66
ORD-102280,2023-09-10,Sharjah,Consumer,Office Supplies,Binders,8,0.0,418.19,175.64
ORD-101988,2023-09-11,Northern Emirates,Corporate,Technology,Phones,1,0.15,1140.58,79.84
ORD-100122,2023-09-11,Northern Emirates,Consumer,Office Supplies,Storage,8,0.2,358.62,107.59
ORD-105230,2023-09-11,Dubai,SMB,Technology,Phones,8,0.0,4042.61,646.82
ORD-105093,2023-09-11,Dubai,SMB,Office Supplies,Binders,3,0.2,133.84,40.15
ORD-102372,2023-09-11,Dubai,Consumer,Furniture,Tables,2,0.0,632.06,176.98
ORD-101860,2023-09-11,Abu Dhabi,Consumer,Office Supplies,Binders,7,0.0,198.93,83.55
ORD-103384,2023-09-11,Sharjah,Consumer,Furniture,Tables,7,0.0,1994.34,558.42
ORD-105239,2023-09-11,Dubai,SMB,Office Supplies,Binders,4,0.0,228.88,96.13
ORD-103564,2023-09-11,Dubai,Corporate,Technology,Monitors,8,0.0,5894.72,943.16
ORD-105398,2023-09-12,Abu Dhabi,Corporate,Technology,Laptops,4,0.0,3905.2,624.83
ORD-100933,2023-09-12,Dubai,Corporate,Technology,Phones,5,0.1,1773.61,177.36
ORD-105578,2023-09-12,Dubai,Corporate,Office Supplies,Paper,1,0.15,56.24,18.56
ORD-104948,2023-09-12,Dubai,Corporate,Furniture,Tables,8,0.0,6008.43,1682.36
ORD-104877,2023-09-12,Abu Dhabi,Corporate,Technology,Phones,1,0.0,520.58,83.29
ORD-103402,2023-09-12,Sharjah,Corporate,Furniture,Tables,3,0.0,1148.65,321.62
ORD-102820,2023-09-12,Abu Dhabi,Corporate,Technology,Phones,6,0.1,4467.1,446.71
ORD-104587,2023-09-12,Abu Dhabi,Consumer,Technology,Phones,2,0.0,1179.64,188.74
ORD-103354,2023-09-12,Abu Dhabi,Consumer,Technology,Phones,7,0.2,1403.14,56.13
ORD-105648,2023-09-12,Dubai,SMB,Furniture,Bookcases,5,0.15,2463.27,468.02
ORD-101454,2023-09-12,Dubai,Corporate,Technology,Phones,6,0.1,4248.56,424.86
ORD-101331,2023-09-13,Sharjah,Consumer,Technology,Laptops,8,0.15,4602.21,322.15
ORD-101723,2023-09-13,Dubai,Corporate,Technology,Accessories,6,0.0,3756.07,600.97
ORD-104883,2023-09-13,Northern Emirates,Consumer,Furniture,Storage,5,0.1,1802.5,396.55
ORD-105392,2023-09-13,Dubai,Consumer,Office Supplies,Binders,5,0.1,229.13,82.49
ORD-103385,2023-09-13,Northern Emirates,Consumer,Technology,Phones,6,0.0,6596.52,1055.44
ORD-103041,2023-09-13,Northern Emirates,Consumer,Furniture,Storage,3,0.15,1423.84,270.53
ORD-100300,2023-09-14,Dubai,SMB,Technology,Monitors,1,0.0,553.81,88.61
ORD-105608,2023-09-14,Dubai,Corporate,Office Supplies,Binders,4,0.0,188.23,79.06
ORD-103844,2023-09-14,Sharjah,Consumer,Office Supplies,Pens,6,0.1,284.05,102.26
ORD-103968,2023-09-14,Abu Dhabi,Consumer,Technology,Laptops,5,0.3,1841.55,-36.83
ORD-101092,2023-09-14,Sharjah,Consumer,Furniture,Chairs,3,0.0,2049.92,573.98
ORD-102152,2023-09-14,Abu Dhabi,SMB,Office Supplies,Storage,1,0.0,52.56,22.08
ORD-102045,2023-09-14,Abu Dhabi,Consumer,Furniture,Chairs,3,0.0,2057.32,576.05
ORD-105922,2023-09-14,Abu Dhabi,Consumer,Furniture,Storage,2,0.0,1110.48,310.93
ORD-102146,2023-09-14,Abu Dhabi,SMB,Technology,Accessories,2,0.0,1232.12,197.14
ORD-102897,2023-09-14,Abu Dhabi,SMB,Furniture,Chairs,5,0.0,1763.5,493.78
ORD-102865,2023-09-14,Sharjah,Consumer,Technology,Accessories,5,0.0,3438.7,550.19
ORD-102422,2023-09-14,Dubai,Corporate,Office Supplies,Binders,8,0.0,355.93,149.49
ORD-104666,2023-09-14,Dubai,Corporate,Office Supplies,Pens,3,0.0,208.87,87.73
ORD-104135,2023-09-15,Abu Dhabi,Corporate,Furniture,Chairs,2,0.1,517.35,113.82
ORD-103809,2023-09-15,Dubai,Corporate,Technology,Phones,4,0.0,2441.36,390.62
ORD-105678,2023-09-15,Sharjah,SMB,Furniture,Bookcases,6,0.15,3350.13,636.52
ORD-105596,2023-09-15,Northern Emirates,Corporate,Furniture,Tables,7,0.0,3918.22,1097.1
ORD-104465,2023-09-15,Dubai,Consumer,Furniture,Bookcases,5,0.15,1723.02,327.37
ORD-103407,2023-09-15,Sharjah,Consumer,Office Supplies,Storage,8,0.0,350.3,147.13
ORD-100402,2023-09-16,Dubai,Consumer,Technology,Phones,1,0.1,811.17,81.12
ORD-105639,2023-09-16,Abu Dhabi,Corporate,Furniture,Chairs,5,0.1,2168.21,477.01
ORD-103285,2023-09-16,Abu Dhabi,Consumer,Office Supplies,Pens,4,0.0,35.64,14.97
ORD-105811,2023-09-16,Dubai,Consumer,Office Supplies,Pens,7,0.0,322.33,135.38
ORD-102955,2023-09-16,Abu Dhabi,Consumer,Technology,Laptops,2,0.0,2033.31,325.33
ORD-104018,2023-09-16,Dubai,SMB,Furniture,Bookcases,7,0.3,3097.39,309.74
ORD-103897,2023-09-17,Dubai,Consumer,Furniture,Bookcases,1,0.1,529.79,116.55
ORD-101555,2023-09-17,Abu Dhabi,SMB,Technology,Accessories,8,0.0,3434.31,549.49
ORD-102278,2023-09-17,Dubai,SMB,Technology,Accessories,6,0.15,6607.36,462.52
ORD-104506,2023-09-17,Sharjah,SMB,Technology,Accessories,2,0.0,847.6,135.62
ORD-100119,2023-09-17,Abu Dhabi,Corporate,Technology,Laptops,4,0.0,3756.2,600.99
ORD-105451,2023-09-17,Dubai,Consumer,Furniture,Tables,3,0.15,1052.92,200.05
ORD-102411,2023-09-17,Abu Dhabi,SMB,Office Supplies,Paper,7,0.0,261.41,109.79
ORD-102977,2023-09-17,Northern Emirates,Consumer,Technology,Laptops,4,0.15,2784.17,194.89
ORD-105719,2023-09-17,Northern Emirates,Consumer,Office Supplies,Storage,6,0.15,224.45,74.07
ORD-103275,2023-09-18,Sharjah,Corporate,Furniture,Storage,6,0.15,2648.14,503.15
ORD-105246,2023-09-18,Sharjah,SMB,Furniture,Storage,8,0.0,1938.86,542.88
ORD-102636,2023-09-18,Northern Emirates,Consumer,Furniture,Chairs,1,0.15,429.57,81.62
ORD-101427,2023-09-18,Abu Dhabi,Consumer,Office Supplies,Paper,5,0.0,220.56,92.64
ORD-103880,2023-09-18,Sharjah,SMB,Furniture,Tables,8,0.15,2961.53,562.69
ORD-103226,2023-09-18,Northern Emirates,Consumer,Technology,Laptops,6,0.0,4397.4,703.58
ORD-105703,2023-09-18,Dubai,Consumer,Technology,Laptops,4,0.1,2022.71,202.27
ORD-104378,2023-09-18,Dubai,Corporate,Technology,Monitors,7,0.3,5747.55,-114.95
ORD-100033,2023-09-18,Dubai,Corporate,Technology,Accessories,3,0.15,1991.61,139.41
ORD-105537,2023-09-18,Northern Emirates,Consumer,Furniture,Bookcases,5,0.1,3149.6,692.91
ORD-100788,2023-09-18,Abu Dhabi,Consumer,Office Supplies,Pens,3,0.0,199.34,83.72
ORD-105515,2023-09-19,Northern Emirates,Corporate,Office Supplies,Paper,6,0.0,231.78,97.35
ORD-104602,2023-09-19,Dubai,Consumer,Technology,Phones,1,0.0,866.76,138.68
ORD-100595,2023-09-19,Dubai,SMB,Office Supplies,Binders,7,0.0,198.56,83.4
ORD-104167,2023-09-19,Sharjah,Corporate,Furniture,Bookcases,6,0.2,2059.74,329.56
ORD-100342,2023-09-19,Dubai,Consumer,Technology,Accessories,2,0.0,1704.73,272.76
ORD-100588,2023-09-19,Northern Emirates,Consumer,Office Supplies,Storage,6,0.3,222.95,53.51
ORD-101737,2023-09-19,Northern Emirates,Consumer,Furniture,Chairs,5,0.15,2643.93,502.35
ORD-100797,2023-09-20,Dubai,Consumer,Furniture,Storage,8,0.0,3722.28,1042.24
ORD-105405,2023-09-20,Dubai,Consumer,Furniture,Tables,7,0.3,2323.98,232.4
ORD-102548,2023-09-20,Sharjah,Corporate,Technology,Accessories,4,0.0,916.38,146.62
ORD-103567,2023-09-20,Dubai,Consumer,Technology,Laptops,7,0.15,4247.82,297.35
ORD-105932,2023-09-20,Abu Dhabi,Consumer,Furniture,Tables,3,0.0,1116.92,312.74
ORD-100157,2023-09-20,Abu Dhabi,Consumer,Furniture,Chairs,1,0.0,332.03,92.97
ORD-105448,2023-09-20,Abu Dhabi,Consumer,Technology,Laptops,7,0.1,3430.66,343.07
ORD-105186,2023-09-20,Abu Dhabi,Consumer,Furniture,Bookcases,5,0.0,2732.9,765.21
ORD-103737,2023-09-21,Sharjah,Corporate,Technology,Monitors,4,0.1,3236.81,323.68
ORD-100265,2023-09-21,Abu Dhabi,Consumer,Furniture,Tables,2,0.0,946.01,264.88
ORD-105397,2023-09-21,Dubai,SMB,Technology,Monitors,8,0.15,3578.85,250.52
ORD-101693,2023-09-21,Sharjah,Consumer,Furniture,Storage,6,0.15,2881.32,547.45
ORD-101504,2023-09-21,Abu Dhabi,Corporate,Office Supplies,Binders,5,0.0,214.33,90.02
ORD-102224,2023-09-21,Dubai,Consumer,Furniture,Chairs,7,0.1,2895.62,637.04
ORD-100458,2023-09-21,Sharjah,Consumer,Furniture,Chairs,1,0.0,375.47,105.13
ORD-100540,2023-09-21,Sharjah,SMB,Office Supplies,Paper,3,0.0,107.11,44.99
ORD-102121,2023-09-22,Dubai,Corporate,Technology,Accessories,5,0.0,4294.75,687.16
ORD-101641,2023-09-22,Dubai,Corporate,Furniture,Storage,3,0.0,1626.36,455.38
ORD-104676,2023-09-22,Northern Emirates,Corporate,Furniture,Tables,1,0.1,389.62,85.72
ORD-103301,2023-09-22,Dubai,Consumer,Furniture,Storage,1,0.3,308.48,30.85
ORD-101857,2023-09-22,Abu Dhabi,Corporate,Office Supplies,Paper,8,0.0,180.47,75.8
ORD-100868,2023-09-22,Northern Emirates,Consumer,Furniture,Chairs,6,0.1,2084.7,458.63
ORD-102038,2023-09-22,Abu Dhabi,Consumer,Technology,Laptops,6,0.2,3340.78,133.63
ORD-104595,2023-09-22,Dubai,Consumer,Furniture,Tables,4,0.0,2305.2,645.46
ORD-105267,2023-09-22,Northern Emirates,Consumer,Technology,Monitors,8,0.1,7115.76,711.58
ORD-105469,2023-09-22,Northern Emirates,SMB,Technology,Laptops,4,0.3,3059.4,-61.19
ORD-102240,2023-09-22,Dubai,Consumer,Technology,Accessories,1,0.1,1027.53,102.75
ORD-101324,2023-09-23,Dubai,Consumer,Furniture,Chairs,2,0.0,481.95,134.95
ORD-105263,2023-09-23,Sharjah,SMB,Technology,Laptops,6,0.0,4193.15,670.9
ORD-103076,2023-09-23,Abu Dhabi,Consumer,Technology,Phones,4,0.0,1430.74,228.92
ORD-103380,2023-09-23,Northern Emirates,Consumer,Office Supplies,Paper,2,0.1,98.65,35.51
ORD-100686,2023-09-24,Dubai,SMB,Furniture,Bookcases,8,0.1,2647.03,582.35
ORD-105632,2023-09-24,Abu Dhabi,Corporate,Technology,Accessories,4,0.15,2373.79,166.17
ORD-100084,2023-09-24,Abu Dhabi,Corporate,Office Supplies,Pens,8,0.15,401.35,132.45
ORD-100723,2023-09-24,Northern Emirates,Corporate,Technology,Monitors,6,0.1,5517.23,551.72
ORD-101334,2023-09-24,Dubai,Consumer,Furniture,Tables,8,0.2,3612.53,578.0
ORD-104313,2023-09-24,Sharjah,Consumer,Technology,Laptops,6,0.1,2609.58,260.96
ORD-103956,2023-09-24,Northern Emirates,Consumer,Office Supplies,Storage,8,0.1,415.84,149.7
ORD-101985,2023-09-24,Dubai,Consumer,Office Supplies,Pens,5,0.1,83.26,29.97
ORD-101251,2023-09-25,Dubai,Consumer,Furniture,Tables,1,0.0,268.82,75.27
ORD-100988,2023-09-25,Abu Dhabi,SMB,Furniture,Tables,8,0.0,3607.42,1010.08
ORD-105538,2023-09-25,Dubai,Corporate,Furniture,Bookcases,7,0.3,1937.81,193.78
ORD-104355,2023-09-25,Dubai,SMB,Office Supplies,Pens,7,0.0,273.79,114.99
ORD-105384,2023-09-25,Dubai,Corporate,Office Supplies,Pens,2,0.0,86.59,36.37
ORD-105921,2023-09-25,Abu Dhabi,Corporate,Technology,Monitors,3,0.3,903.17,-18.06
ORD-100134,2023-09-25,Dubai,Consumer,Office Supplies,Storage,3,0.2,173.81,52.14
ORD-102505,2023-09-25,Abu Dhabi,SMB,Furniture,Storage,3,0.0,1474.48,412.85
ORD-105909,2023-09-25,Northern Emirates,Consumer,Office Supplies,Storage,4,0.2,89.85,26.96
ORD-102318,2023-09-26,Northern Emirates,Corporate,Office Supplies,Paper,4,0.1,170.51,61.38
ORD-103682,2023-09-26,Abu Dhabi,Consumer,Office Supplies,Paper,1,0.2,23.53,7.06
ORD-105426,2023-09-26,Dubai,Consumer,Furniture,Storage,2,0.1,1166.93,256.72
ORD-104199,2023-09-26,Dubai,Corporate,Office Supplies,Pens,2,0.1,90.12,32.44
ORD-100415,2023-09-26,Sharjah,SMB,Office Supplies,Binders,7,0.0,206.93,86.91
ORD-102545,2023-09-26,Dubai,Consumer,Furniture,Chairs,2,0.0,1100.19,308.05
ORD-105256,2023-09-26,Dubai,Corporate,Technology,Laptops,7,0.0,5866.79,938.69
ORD-105094,2023-09-26,Dubai,Corporate,Furniture,Bookcases,4,0.0,1776.1,497.31
ORD-100694,2023-09-26,Dubai,Consumer,Furniture,Bookcases,6,0.3,1969.25,196.93
ORD-101869,2023-09-26,Northern Emirates,Corporate,Technology,Monitors,7,0.3,3972.83,-79.46
ORD-104180,2023-09-27,Northern Emirates,Consumer,Technology,Phones,1,0.0,763.81,122.21
ORD-100380,2023-09-27,Abu Dhabi,Corporate,Office Supplies,Binders,4,0.0,304.61,127.94
ORD-100271,2023-09-27,Dubai,Consumer,Office Supplies,Storage,5,0.0,243.85,102.42
ORD-100371,2023-09-27,Abu Dhabi,SMB,Furniture,Tables,2,0.1,842.56,185.36
ORD-104874,2023-09-27,Abu Dhabi,Consumer,Furniture,Bookcases,8,0.15,3902.98,741.57
ORD-100163,2023-09-27,Sharjah,SMB,Furniture,Bookcases,8,0.3,4020.39,402.04
ORD-105561,2023-09-27,Abu Dhabi,Consumer,Office Supplies,Binders,1,0.1,38.54,13.87
ORD-103758,2023-09-27,Dubai,Corporate,Furniture,Chairs,7,0.0,2126.49,595.42
ORD-103446,2023-09-27,Sharjah,Corporate,Furniture,Chairs,3,0.0,1371.68,384.07
ORD-104480,2023-09-28,Dubai,Consumer,Office Supplies,Storage,7,0.15,329.14,108.62
ORD-105770,2023-09-28,Abu Dhabi,Consumer,Furniture,Chairs,2,0.0,750.56,210.16
ORD-100475,2023-09-28,Abu Dhabi,SMB,Furniture,Chairs,2,0.2,1095.16,175.23
ORD-101734,2023-09-28,Dubai,SMB,Furniture,Storage,2,0.0,359.82,100.75
ORD-102490,2023-09-28,Dubai,Consumer,Technology,Monitors,4,0.1,1196.2,119.62
ORD-102778,2023-09-28,Abu Dhabi,Corporate,Technology,Laptops,6,0.0,5231.04,836.97
ORD-104790,2023-09-28,Sharjah,SMB,Furniture,Storage,4,0.0,2537.79,710.58
ORD-104165,2023-09-29,Dubai,SMB,Technology,Accessories,1,0.1,769.38,76.94
ORD-101893,2023-09-29,Dubai,Corporate,Furniture,Chairs,1,0.0,527.52,147.71
ORD-102775,2023-09-29,Sharjah,Consumer,Office Supplies,Binders,3,0.15,160.87,53.09
ORD-100150,2023-09-29,Abu Dhabi,Consumer,Technology,Phones,6,0.2,4059.31,162.37
ORD-103930,2023-09-29,Dubai,Consumer,Technology,Laptops,5,0.1,2986.02,298.6
ORD-103988,2023-09-29,Abu Dhabi,Corporate,Technology,Accessories,6,0.0,5437.9,870.06
ORD-100877,2023-09-30,Abu Dhabi,Corporate,Technology,Phones,1,0.1,590.27,59.03
ORD-105853,2023-09-30,Sharjah,Corporate,Technology,Monitors,3,0.0,2676.2,428.19
ORD-104275,2023-09-30,Abu Dhabi,Consumer,Furniture,Chairs,4,0.3,2357.11,235.71
ORD-101033,2023-09-30,Abu Dhabi,Consumer,Office Supplies,Paper,8,0.1,417.65,150.35
ORD-105830,2023-09-30,Sharjah,Corporate,Technology,Phones,8,0.2,8340.99,333.64
ORD-100930,2023-09-30,Northern Emirates,Corporate,Office Supplies,Paper,1,0.2,18.78,5.63
ORD-105841,2023-09-30,Dubai,SMB,Office Supplies,Pens,5,0.0,128.82,54.1
ORD-105305,2023-09-30,Sharjah,Corporate,Furniture,Tables,4,0.0,1971.01,551.88
ORD-102057,2023-10-01,Sharjah,SMB,Furniture,Tables,6,0.15,3399.3,645.87
ORD-102541,2023-10-01,Abu Dhabi,Corporate,Furniture,Tables,6,0.3,2997.98,299.8
ORD-100769,2023-10-01,Abu Dhabi,Consumer,Technology,Laptops,2,0.0,699.51,111.92
ORD-100926,2023-10-01,Abu Dhabi,SMB,Office Supplies,Storage,2,0.1,84.01,30.24
ORD-104347,2023-10-01,Abu Dhabi,Consumer,Technology,Phones,1,0.15,317.81,22.25
ORD-100822,2023-10-01,Abu Dhabi,Corporate,Furniture,Chairs,4,0.1,2313.41,508.95
ORD-105759,2023-10-01,Abu Dhabi,Corporate,Technology,Laptops,1,0.0,723.02,115.68
ORD-105506,2023-10-01,Dubai,SMB,Technology,Monitors,7,0.15,5802.13,406.15
ORD-101670,2023-10-01,Dubai,SMB,Technology,Laptops,7,0.3,4063.54,-81.27
ORD-100637,2023-10-01,Abu Dhabi,Consumer,Technology,Laptops,2,0.2,567.49,22.7
ORD-101200,2023-10-01,Sharjah,Consumer,Office Supplies,Pens,5,0.2,339.15,101.74
ORD-100574,2023-10-01,Dubai,SMB,Furniture,Chairs,3,0.1,1368.29,301.02
ORD-105985,2023-10-01,Dubai,Consumer,Technology,Laptops,8,0.0,5550.91,888.15
ORD-104350,2023-10-02,Abu Dhabi,Consumer,Office Supplies,Paper,8,0.0,404.32,169.81
ORD-102714,2023-10-02,Dubai,Consumer,Furniture,Storage,7,0.2,3555.69,568.91
ORD-104173,2023-10-02,Sharjah,Consumer,Office Supplies,Paper,8,0.0,270.55,113.63
ORD-101068,2023-10-02,Northern Emirates,Corporate,Office Supplies,Storage,5,0.0,256.84,107.87
ORD-105700,2023-10-02,Dubai,SMB,Furniture,Tables,1,0.0,487.75,136.57
ORD-105827,2023-10-02,Abu Dhabi,Consumer,Office Supplies,Binders,7,0.1,397.1,142.96
ORD-104462,2023-10-03,Abu Dhabi,Corporate,Technology,Monitors,8,0.0,4497.48,719.6
ORD-105548,2023-10-03,Northern Emirates,Consumer,Office Supplies,Binders,4,0.0,182.36,76.59
ORD-105379,2023-10-03,Dubai,Consumer,Technology,Phones,7,0.2,3572.56,142.9
ORD-100473,2023-10-03,Dubai,Consumer,Technology,Monitors,8,0.0,6988.15,1118.1
ORD-102805,2023-10-03,Abu Dhabi,Corporate,Technology,Phones,3,0.1,2283.78,228.38
ORD-105211,2023-10-03,Abu Dhabi,SMB,Furniture,Bookcases,4,0.1,1499.8,329.96
ORD-104258,2023-10-03,Dubai,SMB,Furniture,Bookcases,2,0.0,683.7,191.44
ORD-102053,2023-10-04,Northern Emirates,Consumer,Furniture,Tables,1,0.2,544.14,87.06
ORD-101811,2023-10-04,Northern Emirates,Consumer,Technology,Monitors,3,0.0,2938.6,470.18
ORD-105646,2023-10-04,Dubai,Corporate,Technology,Monitors,1,0.0,694.75,111.16
ORD-103290,2023-10-04,Sharjah,Corporate,Office Supplies,Storage,8,0.0,109.02,45.79
ORD-102162,2023-10-04,Sharjah,Consumer,Office Supplies,Pens,4,0.0,125.12,52.55
ORD-104161,2023-10-04,Abu Dhabi,Corporate,Technology,Laptops,6,0.0,3082.56,493.21
ORD-105183,2023-10-05,Abu Dhabi,Corporate,Office Supplies,Storage,5,0.0,228.82,96.1
ORD-100366,2023-10-05,Sharjah,Consumer,Furniture,Bookcases,5,0.15,2023.39,384.44
ORD-104134,2023-10-05,Abu Dhabi,Consumer,Technology,Phones,1,0.15,774.68,54.23
ORD-104372,2023-10-05,Dubai,SMB,Technology,Monitors,1,0.15,312.4,21.87
ORD-102080,2023-10-05,Abu Dhabi,Corporate,Technology,Laptops,2,0.0,1179.06,188.65
ORD-103258,2023-10-05,Dubai,Consumer,Technology,Laptops,4,0.0,2289.36,366.3
ORD-104437,2023-10-05,Abu Dhabi,Consumer,Technology,Monitors,6,0.15,3538.96,247.73
ORD-104689,2023-10-05,Dubai,Consumer,Furniture,Bookcases,3,0.0,1677.66,469.74
ORD-104404,2023-10-05,Sharjah,Consumer,Furniture,Storage,7,0.0,2526.96,707.55
ORD-101138,2023-10-06,Dubai,SMB,Furniture,Chairs,5,0.0,1966.51,550.62
ORD-100742,2023-10-06,Sharjah,Consumer,Technology,Monitors,5,0.0,2654.6,424.74
ORD-103442,2023-10-06,Dubai,Corporate,Office Supplies,Storage,2,0.2,90.24,27.07
ORD-103337,2023-10-06,Dubai,Corporate,Furniture,Storage,3,0.2,872.59,139.61
ORD-101430,2023-10-06,Abu Dhabi,SMB,Office Supplies,Storage,6,0.0,281.39,118.18
ORD-104440,2023-10-06,Dubai,Consumer,Technology,Accessories,4,0.0,1907.69,305.23
ORD-101446,2023-10-06,Dubai,Consumer,Furniture,Bookcases,3,0.1,1660.46,365.3
ORD-104414,2023-10-06,Abu Dhabi,Consumer,Technology,Monitors,3,0.0,1467.55,234.81
ORD-104518,2023-10-06,Dubai,Corporate,Technology,Monitors,7,0.0,4295.71,687.31
ORD-100607,2023-10-06,Abu Dhabi,Consumer,Furniture,Storage,4,0.0,1902.34,532.66
ORD-103368,2023-10-06,Abu Dhabi,Consumer,Technology,Monitors,4,0.0,2013.22,322.12
ORD-104797,2023-10-06,Sharjah,SMB,Technology,Monitors,8,0.0,6844.3,1095.09
ORD-100789,2023-10-06,Abu Dhabi,Consumer,Furniture,Tables,2,0.15,1006.54,191.24
ORD-105470,2023-10-07,Northern Emirates,SMB,Technology,Phones,1,0.1,1079.54,107.95
ORD-100910,2023-10-07,Sharjah,Consumer,Technology,Laptops,6,0.1,4175.76,417.58
ORD-100021,2023-10-07,Northern Emirates,Consumer,Technology,Monitors,2,0.0,917.76,146.84
ORD-101611,2023-10-07,Sharjah,Consumer,Furniture,Storage,3,0.0,209.08,58.54
ORD-102194,2023-10-07,Dubai,SMB,Technology,Laptops,4,0.0,2189.62,350.34
ORD-102846,2023-10-07,Sharjah,SMB,Technology,Phones,6,0.0,3880.6,620.9
ORD-104321,2023-10-07,Abu Dhabi,Corporate,Furniture,Bookcases,8,0.0,2048.02,573.45
ORD-103323,2023-10-07,Abu Dhabi,Consumer,Furniture,Tables,1,0.0,556.11,155.71
ORD-103760,2023-10-08,Dubai,SMB,Office Supplies,Paper,8,0.3,421.56,101.17
ORD-103993,2023-10-08,Abu Dhabi,Consumer,Furniture,Bookcases,7,0.0,3406.7,953.88
ORD-100935,2023-10-08,Abu Dhabi,Consumer,Furniture,Chairs,8,0.15,4698.62,892.74
ORD-104041,2023-10-08,Dubai,Consumer,Technology,Monitors,4,0.1,5122.01,512.2
ORD-101435,2023-10-08,Abu Dhabi,SMB,Technology,Phones,8,0.1,2895.28,289.53
ORD-101445,2023-10-08,Abu Dhabi,Consumer,Technology,Phones,8,0.15,6123.55,428.65
ORD-101554,2023-10-08,Dubai,Consumer,Office Supplies,Storage,2,0.0,74.71,31.38
ORD-100631,2023-10-08,Dubai,SMB,Technology,Phones,2,0.2,1005.15,40.21
ORD-101538,2023-10-08,Abu Dhabi,Consumer,Furniture,Storage,8,0.0,1552.44,434.68
ORD-104781,2023-10-08,Northern Emirates,SMB,Technology,Laptops,8,0.0,5602.5,896.4
ORD-102223,2023-10-08,Dubai,Corporate,Technology,Phones,4,0.0,2877.37,460.38
ORD-103436,2023-10-08,Abu Dhabi,Corporate,Technology,Laptops,1,0.2,627.43,25.1
ORD-105774,2023-10-08,Abu Dhabi,Corporate,Technology,Laptops,8,0.1,9100.34,910.03
ORD-104453,2023-10-08,Abu Dhabi,Consumer,Office Supplies,Paper,2,0.15,137.47,45.37
ORD-102203,2023-10-08,Dubai,SMB,Technology,Laptops,5,0.3,2398.72,-47.97
ORD-103428,2023-10-09,Abu Dhabi,Corporate,Office Supplies,Paper,1,0.2,53.73,16.12
ORD-100355,2023-10-09,Abu Dhabi,Corporate,Technology,Monitors,1,0.0,935.5,149.68
ORD-104702,2023-10-09,Abu Dhabi,Corporate,Furniture,Chairs,5,0.0,3733.98,1045.51
ORD-100114,2023-10-09,Abu Dhabi,Corporate,Furniture,Tables,6,0.1,4422.66,972.99
ORD-103627,2023-10-09,Abu Dhabi,Consumer,Furniture,Bookcases,7,0.0,5391.07,1509.5
ORD-101085,2023-10-09,Abu Dhabi,Consumer,Furniture,Storage,7,0.3,1960.96,196.1
ORD-101455,2023-10-09,Abu Dhabi,Corporate,Office Supplies,Paper,2,0.1,77.69,27.97
ORD-102804,2023-10-09,Abu Dhabi,Consumer,Furniture,Bookcases,5,0.0,2481.24,694.75
ORD-103153,2023-10-09,Abu Dhabi,SMB,Technology,Accessories,6,0.15,2442.44,170.97
ORD-105164,2023-10-09,Sharjah,Corporate,Office Supplies,Pens,6,0.2,375.15,112.54
ORD-101725,2023-10-10,Abu Dhabi,Consumer,Furniture,Chairs,4,0.1,2456.49,540.43
ORD-101058,2023-10-10,Abu Dhabi,Consumer,Technology,Phones,4,0.0,2593.15,414.9
ORD-101164,2023-10-10,Sharjah,SMB,Technology,Monitors,6,0.0,2629.64,420.74
ORD-102638,2023-10-10,Dubai,Corporate,Technology,Monitors,5,0.15,2632.99,184.31
ORD-102643,2023-10-10,Abu Dhabi,Corporate,Technology,Laptops,1,0.1,996.49,99.65
ORD-103967,2023-10-10,Abu Dhabi,Consumer,Furniture,Chairs,2,0.0,1126.25,315.35
ORD-100251,2023-10-10,Dubai,Corporate,Furniture,Storage,8,0.1,1298.66,285.71
ORD-100452,2023-10-10,Sharjah,Corporate,Office Supplies,Binders,4,0.0,239.71,100.68
ORD-103067,2023-10-10,Abu Dhabi,SMB,Technology,Monitors,4,0.0,2127.05,340.33
ORD-104376,2023-10-11,Dubai,SMB,Furniture,Tables,6,0.2,3587.04,573.93
ORD-102504,2023-10-11,Northern Emirates,SMB,Office Supplies,Storage,3,0.15,24.0,7.92
ORD-103626,2023-10-11,Dubai,Consumer,Office Supplies,Binders,2,0.2,141.29,42.39
ORD-100815,2023-10-11,Dubai,Corporate,Technology,Monitors,6,0.15,2342.29,163.96
ORD-101425,2023-10-11,Abu Dhabi,Consumer,Office Supplies,Binders,7,0.0,358.46,150.55
ORD-104770,2023-10-11,Abu Dhabi,SMB,Office Supplies,Pens,1,0.1,39.64,14.27
ORD-105340,2023-10-12,Northern Emirates,SMB,Office Supplies,Paper,2,0.1,57.59,20.73
ORD-102620,2023-10-12,Abu Dhabi,Corporate,Furniture,Storage,6,0.0,2045.83,572.83
ORD-100688,2023-10-12,Abu Dhabi,SMB,Technology,Laptops,4,0.1,2415.21,241.52
ORD-105370,2023-10-12,Sharjah,Corporate,Technology,Monitors,7,0.15,5226.14,365.83
ORD-103173,2023-10-12,Dubai,Corporate,Furniture,Chairs,5,0.2,3319.4,531.1
ORD-105115,2023-10-12,Sharjah,Corporate,Furniture,Bookcases,4,0.3,2177.58,217.76
ORD-105130,2023-10-12,Dubai,SMB,Office Supplies,Pens,1,0.2,44.42,13.33
ORD-104540,2023-10-12,Northern Emirates,SMB,Technology,Monitors,8,0.0,6218.85,995.02
ORD-101729,2023-10-13,Dubai,Corporate,Furniture,Bookcases,6,0.0,922.4,258.27
ORD-101250,2023-10-13,Dubai,Consumer,Furniture,Tables,5,0.0,1780.12,498.43
ORD-105725,2023-10-13,Dubai,Corporate,Office Supplies,Paper,8,0.0,104.89,44.05
ORD-102974,2023-10-13,Abu Dhabi,SMB,Office Supplies,Binders,3,0.15,120.31,39.7
ORD-103469,2023-10-13,Sharjah,Consumer,Technology,Phones,5,0.2,6072.91,242.92
ORD-100883,2023-10-13,Dubai,Corporate,Technology,Laptops,5,0.1,2964.88,296.49
ORD-101526,2023-10-13,Sharjah,SMB,Technology,Phones,2,0.15,821.98,57.54
ORD-102192,2023-10-13,Abu Dhabi,Consumer,Technology,Laptops,2,0.15,1010.32,70.72
ORD-104736,2023-10-14,Northern Emirates,SMB,Office Supplies,Binders,1,0.2,40.56,12.17
ORD-103372,2023-10-14,Dubai,SMB,Furniture,Storage,1,0.15,247.29,46.99
ORD-105525,2023-10-14,Dubai,Consumer,Office Supplies,Binders,5,0.0,249.84,104.93
ORD-101415,2023-10-14,Dubai,Consumer,Technology,Monitors,6,0.1,3936.19,393.62
ORD-100321,2023-10-14,Abu Dhabi,Corporate,Office Supplies,Pens,1,0.0,40.14,16.86
ORD-104442,2023-10-14,Abu Dhabi,SMB,Office Supplies,Storage,3,0.2,133.08,39.92
ORD-102378,2023-10-14,Dubai,SMB,Furniture,Storage,8,0.1,4981.99,1096.04
ORD-100437,2023-10-14,Northern Emirates,SMB,Office Supplies,Paper,1,0.1,63.14,22.73
ORD-100172,2023-10-15,Northern Emirates,Consumer,Furniture,Bookcases,1,0.1,393.66,86.61
ORD-100904,2023-10-15,Abu Dhabi,Consumer,Office Supplies,Binders,4,0.15,180.9,59.7
ORD-104206,2023-10-15,Abu Dhabi,Consumer,Office Supplies,Pens,4,0.0,182.41,76.61
ORD-105667,2023-10-15,Abu Dhabi,Consumer,Office Supplies,Storage,8,0.1,425.79,153.28
ORD-103177,2023-10-15,Northern Emirates,Corporate,Furniture,Chairs,5,0.15,2145.1,407.57
ORD-100696,2023-10-15,Sharjah,Consumer,Office Supplies,Pens,7,0.0,433.1,181.9
ORD-100010,2023-10-15,Abu Dhabi,Corporate,Technology,Accessories,6,0.2,4452.78,178.11
ORD-103480,2023-10-15,Abu Dhabi,Corporate,Furniture,Chairs,7,0.15,2515.64,477.97
ORD-104560,2023-10-16,Abu Dhabi,Corporate,Technology,Monitors,2,0.0,1710.3,273.65
ORD-102561,2023-10-16,Dubai,Consumer,Office Supplies,Paper,4,0.0,129.54,54.41
ORD-105361,2023-10-16,Dubai,Consumer,Technology,Monitors,3,0.0,3024.79,483.97
ORD-104848,2023-10-16,Sharjah,Consumer,Furniture,Bookcases,1,0.2,485.97,77.76
ORD-100855,2023-10-16,Dubai,Consumer,Furniture,Chairs,3,0.0,1521.72,426.08
ORD-102853,2023-10-17,Abu Dhabi,SMB,Furniture,Storage,2,0.0,966.62,270.65
ORD-104186,2023-10-17,Abu Dhabi,Corporate,Office Supplies,Binders,4,0.1,89.27,32.14
ORD-100507,2023-10-17,Dubai,Consumer,Furniture,Storage,6,0.0,2066.16,578.52
ORD-104485,2023-10-17,Sharjah,SMB,Technology,Accessories,4,0.0,2216.49,354.64
ORD-105034,2023-10-17,Abu Dhabi,Corporate,Office Supplies,Paper,6,0.0,258.67,108.64
ORD-100799,2023-10-17,Dubai,SMB,Technology,Phones,8,0.3,3916.32,-78.33
ORD-104290,2023-10-17,Dubai,Corporate,Furniture,Chairs,7,0.2,3817.39,610.78
ORD-102867,2023-10-17,Dubai,SMB,Furniture,Tables,2,0.15,252.32,47.94
ORD-103102,2023-10-17,Dubai,SMB,Technology,Monitors,3,0.15,3133.47,219.34
ORD-105897,2023-10-18,Dubai,Consumer,Furniture,Chairs,6,0.3,1900.61,190.06
ORD-100345,2023-10-18,Dubai,Corporate,Office Supplies,Paper,3,0.0,117.61,49.4
ORD-104274,2023-10-18,Dubai,Consumer,Office Supplies,Paper,3,0.0,176.18,74.0
ORD-102201,2023-10-18,Abu Dhabi,Corporate,Technology,Laptops,8,0.0,3676.11,588.18
ORD-102728,2023-10-18,Dubai,Corporate,Technology,Monitors,6,0.1,4052.98,405.3
ORD-103754,2023-10-18,Sharjah,Consumer,Office Supplies,Binders,2,0.1,43.04,15.49
ORD-100284,2023-10-18,Abu Dhabi,Consumer,Office Supplies,Paper,6,0.15,422.31,139.36
ORD-104810,2023-10-18,Dubai,SMB,Furniture,Tables,1,0.1,574.68,126.43
ORD-100690,2023-10-18,Abu Dhabi,Corporate,Office Supplies,Binders,1,0.0,44.83,18.83
ORD-105218,2023-10-18,Dubai,Consumer,Technology,Accessories,5,0.1,1653.44,165.34
ORD-101651,2023-10-18,Sharjah,Corporate,Furniture,Tables,7,0.0,1975.44,553.12
ORD-101633,2023-10-18,Sharjah,SMB,Office Supplies,Storage,8,0.1,423.55,152.48
ORD-104719,2023-10-18,Dubai,Consumer,Furniture,Chairs,8,0.1,2247.63,494.48
ORD-100029,2023-10-18,Dubai,SMB,Technology,Monitors,7,0.15,4824.86,337.74
ORD-100655,2023-10-18,Dubai,Consumer,Furniture,Chairs,8,0.1,1472.07,323.86
ORD-103935,2023-10-18,Dubai,Consumer,Furniture,Tables,5,0.0,2563.14,717.68
ORD-104238,2023-10-18,Sharjah,Consumer,Office Supplies,Storage,3,0.2,151.2,45.36
ORD-103265,2023-10-18,Abu Dhabi,Consumer,Technology,Accessories,4,0.1,3167.65,316.77
ORD-104487,2023-10-18,Sharjah,Consumer,Furniture,Bookcases,7,0.1,2389.06,525.59
ORD-105686,2023-10-19,Dubai,SMB,Furniture,Storage,6,0.2,2508.39,401.34
ORD-101034,2023-10-19,Dubai,Corporate,Office Supplies,Binders,4,0.2,256.76,77.03
ORD-104067,2023-10-19,Abu Dhabi,Corporate,Furniture,Storage,5,0.1,1863.87,410.05
ORD-105063,2023-10-19,Sharjah,Corporate,Furniture,Tables,3,0.0,1605.65,449.58
ORD-100733,2023-10-19,Dubai,Consumer,Office Supplies,Binders,2,0.2,76.75,23.02
ORD-101984,2023-10-19,Dubai,Consumer,Office Supplies,Paper,5,0.3,255.31,61.27
ORD-102704,2023-10-19,Dubai,SMB,Technology,Phones,5,0.1,2481.67,248.17
ORD-103598,2023-10-19,Northern Emirates,SMB,Office Supplies,Paper,1,0.15,49.1,16.2
ORD-104900,2023-10-19,Dubai,SMB,Technology,Accessories,5,0.15,3377.48,236.42
ORD-103204,2023-10-19,Dubai,SMB,Technology,Phones,6,0.0,3117.11,498.74
ORD-100210,2023-10-19,Sharjah,Consumer,Office Supplies,Storage,5,0.2,276.28,82.88
ORD-104053,2023-10-19,Northern Emirates,Consumer,Technology,Accessories,8,0.0,5684.17,909.47
ORD-105149,2023-10-19,Dubai,Consumer,Technology,Accessories,4,0.15,2694.71,188.63
ORD-103497,2023-10-19,Sharjah,Consumer,Office Supplies,Pens,3,0.0,114.32,48.01
ORD-103826,2023-10-19,Sharjah,Consumer,Technology,Monitors,7,0.15,3389.26,237.25
ORD-100025,2023-10-19,Abu Dhabi,SMB,Furniture,Bookcases,1,0.15,473.49,89.96
ORD-104742,2023-10-20,Abu Dhabi,Corporate,Office Supplies,Storage,2,0.2,59.63,17.89
ORD-104366,2023-10-20,Abu Dhabi,Corporate,Furniture,Tables,4,0.15,1069.75,203.25
ORD-102879,2023-10-20,Sharjah,Consumer,Office Supplies,Paper,7,0.1,111.69,40.21
ORD-105712,2023-10-20,Dubai,Consumer,Office Supplies,Pens,4,0.2,118.89,35.67
ORD-105004,2023-10-20,Abu Dhabi,Consumer,Technology,Accessories,7,0.1,6566.95,656.7
ORD-105078,2023-10-20,Sharjah,Corporate,Technology,Accessories,6,0.3,5269.66,-105.39
ORD-103518,2023-10-20,Abu Dhabi,Consumer,Furniture,Bookcases,6,0.0,2703.93,757.1
ORD-102536,2023-10-21,Abu Dhabi,Corporate,Technology,Monitors,5,0.15,4249.01,297.43
ORD-102062,2023-10-21,Sharjah,SMB,Office Supplies,Paper,6,0.2,353.34,106.0
ORD-101520,2023-10-21,Northern Emirates,Consumer,Technology,Laptops,5,0.0,3337.6,534.02
ORD-101948,2023-10-21,Sharjah,SMB,Technology,Phones,4,0.0,2162.46,345.99
ORD-104143,2023-10-21,Dubai,Corporate,Furniture,Bookcases,5,0.0,1657.06,463.98
ORD-102550,2023-10-21,Northern Emirates,Corporate,Technology,Monitors,7,0.3,4989.0,-99.78
ORD-102014,2023-10-21,Dubai,SMB,Furniture,Storage,1,0.1,327.32,72.01
ORD-105313,2023-10-22,Northern Emirates,Corporate,Technology,Monitors,8,0.15,6813.74,476.96
ORD-102115,2023-10-22,Dubai,SMB,Furniture,Bookcases,2,0.0,668.91,187.29
ORD-104896,2023-10-22,Abu Dhabi,Consumer,Technology,Monitors,4,0.0,2529.55,404.73
ORD-105572,2023-10-22,Dubai,Consumer,Furniture,Bookcases,1,0.3,335.7,33.57
ORD-101222,2023-10-22,Dubai,Corporate,Office Supplies,Storage,3,0.0,274.21,115.17
ORD-100338,2023-10-23,Sharjah,Consumer,Office Supplies,Paper,2,0.15,69.91,23.07
ORD-102054,2023-10-23,Dubai,SMB,Office Supplies,Paper,2,0.0,71.14,29.88
ORD-103292,2023-10-23,Northern Emirates,Consumer,Technology,Accessories,6,0.0,2562.76,410.04
ORD-104418,2023-10-23,Sharjah,SMB,Furniture,Chairs,4,0.1,2278.81,501.34
ORD-103213,2023-10-23,Sharjah,SMB,Furniture,Bookcases,2,0.1,1303.36,286.74
ORD-104103,2023-10-23,Dubai,Consumer,Office Supplies,Paper,5,0.2,155.96,46.79
ORD-105172,2023-10-23,Dubai,SMB,Office Supplies,Binders,5,0.0,294.34,123.62
ORD-100379,2023-10-24,Northern Emirates,Consumer,Furniture,Storage,8,0.1,4146.7,912.27
ORD-103708,2023-10-24,Dubai,Consumer,Furniture,Bookcases,4,0.1,1981.73,435.98
ORD-105277,2023-10-24,Sharjah,Consumer,Technology,Phones,1,0.0,798.7,127.79
ORD-105705,2023-10-24,Northern Emirates,SMB,Furniture,Bookcases,4,0.15,2436.55,462.94
ORD-105492,2023-10-25,Dubai,Corporate,Furniture,Chairs,5,0.0,2467.43,690.88
ORD-103539,2023-10-25,Dubai,SMB,Furniture,Bookcases,8,0.0,3469.44,971.44
ORD-103537,2023-10-25,Abu Dhabi,Consumer,Furniture,Bookcases,1,0.0,568.11,159.07
ORD-102875,2023-10-25,Sharjah,Consumer,Technology,Monitors,2,0.0,1570.08,251.21
ORD-102914,2023-10-25,Abu Dhabi,Corporate,Office Supplies,Paper,7,0.1,521.41,187.71
ORD-103378,2023-10-25,Dubai,Consumer,Furniture,Storage,5,0.0,1519.92,425.58
ORD-104479,2023-10-25,Abu Dhabi,SMB,Technology,Phones,4,0.1,2643.43,264.34
ORD-105234,2023-10-25,Sharjah,Consumer,Office Supplies,Paper,3,0.1,142.08,51.15
ORD-102141,2023-10-25,Abu Dhabi,Consumer,Furniture,Chairs,8,0.3,2430.26,243.03
ORD-101511,2023-10-25,Abu Dhabi,Consumer,Office Supplies,Pens,8,0.1,576.29,207.46
ORD-100040,2023-10-25,Abu Dhabi,Corporate,Technology,Accessories,3,0.2,2614.21,104.57
ORD-100015,2023-10-25,Northern Emirates,Corporate,Furniture,Bookcases,8,0.0,1019.58,285.48
ORD-100442,2023-10-26,Northern Emirates,Consumer,Furniture,Storage,8,0.2,2121.51,339.44
ORD-103409,2023-10-26,Sharjah,Consumer,Office Supplies,Paper,4,0.15,178.36,58.86
ORD-104305,2023-10-26,Dubai,Corporate,Furniture,Tables,7,0.1,2099.84,461.96
ORD-104328,2023-10-26,Dubai,Corporate,Technology,Phones,7,0.1,2165.46,216.55
ORD-103877,2023-10-26,Dubai,Consumer,Technology,Monitors,8,0.1,7557.9,755.79
ORD-103111,2023-10-26,Dubai,Corporate,Office Supplies,Storage,8,0.0,202.66,85.12
ORD-100849,2023-10-26,Dubai,Consumer,Office Supplies,Pens,7,0.1,270.66,97.44
ORD-103616,2023-10-26,Sharjah,Corporate,Furniture,Storage,8,0.15,5102.38,969.45
ORD-103878,2023-10-27,Dubai,Consumer,Furniture,Tables,5,0.0,484.55,135.67
ORD-105031,2023-10-27,Dubai,Corporate,Office Supplies,Storage,7,0.0,438.58,184.2
ORD-101714,2023-10-27,Dubai,Consumer,Furniture,Bookcases,6,0.2,3012.82,482.05
ORD-105026,2023-10-27,Abu Dhabi,Consumer,Furniture,Tables,4,0.2,1647.26,263.56
ORD-100549,2023-10-27,Sharjah,Consumer,Technology,Phones,4,0.0,2775.86,444.14
ORD-104906,2023-10-27,Dubai,Consumer,Office Supplies,Binders,4,0.15,110.83,36.57
ORD-104971,2023-10-27,Dubai,Corporate,Furniture,Chairs,1,0.2,693.29,110.93
ORD-102985,2023-10-27,Abu Dhabi,SMB,Technology,Laptops,2,0.3,1398.11,-27.96
ORD-102205,2023-10-27,Sharjah,SMB,Furniture,Bookcases,4,0.1,2238.37,492.44
ORD-101050,2023-10-27,Abu Dhabi,Consumer,Technology,Accessories,2,0.2,1494.29,59.77
ORD-102894,2023-10-27,Sharjah,Consumer,Office Supplies,Storage,5,0.15,308.79,101.9
ORD-104924,2023-10-28,Abu Dhabi,SMB,Office Supplies,Pens,8,0.1,65.62,23.62
ORD-105856,2023-10-28,Abu Dhabi,Consumer,Technology,Laptops,4,0.0,1079.35,172.7
ORD-103296,2023-10-28,Abu Dhabi,Corporate,Technology,Accessories,2,0.2,1003.94,40.16
ORD-102153,2023-10-28,Dubai,Consumer,Office Supplies,Pens,8,0.0,533.65,224.13
ORD-101166,2023-10-28,Dubai,Consumer,Technology,Monitors,5,0.1,3795.92,379.59
ORD-103740,2023-10-28,Sharjah,Corporate,Office Supplies,Pens,6,0.1,436.27,157.06
ORD-100720,2023-10-28,Dubai,SMB,Technology,Phones,6,0.15,4582.06,320.74
ORD-100061,2023-10-28,Sharjah,Corporate,Technology,Monitors,2,0.0,1121.04,179.37
ORD-100026,2023-10-28,Sharjah,Corporate,Office Supplies,Paper,3,0.1,196.21,70.64
ORD-100098,2023-10-28,Abu Dhabi,Corporate,Office Supplies,Storage,3,0.0,88.19,37.04
ORD-105276,2023-10-29,Northern Emirates,Consumer,Furniture,Tables,7,0.1,2685.71,590.86
ORD-105565,2023-10-29,Dubai,Corporate,Technology,Accessories,1,0.0,501.25,80.2
ORD-104691,2023-10-29,Dubai,Consumer,Technology,Phones,1,0.1,920.08,92.01
ORD-103989,2023-10-29,Abu Dhabi,Consumer,Technology,Laptops,6,0.0,1069.89,171.18
ORD-103427,2023-10-29,Sharjah,Consumer,Furniture,Storage,3,0.0,1369.29,383.4
ORD-100597,2023-10-29,Dubai,Consumer,Furniture,Tables,7,0.0,2928.81,820.07
ORD-105467,2023-10-29,Sharjah,Consumer,Technology,Monitors,2,0.0,1677.72,268.44
ORD-101637,2023-10-29,Abu Dhabi,SMB,Furniture,Storage,8,0.0,1492.86,418.0
ORD-105802,2023-10-30,Abu Dhabi,Corporate,Furniture,Bookcases,2,0.0,1142.68,319.95
ORD-100221,2023-10-30,Abu Dhabi,Corporate,Office Supplies,Storage,1,0.0,39.54,16.61
ORD-102936,2023-10-30,Dubai,Corporate,Office Supplies,Pens,1,0.0,35.08,14.73
ORD-102666,2023-10-30,Dubai,SMB,Technology,Phones,4,0.0,639.58,102.33
ORD-101348,2023-10-30,Dubai,SMB,Technology,Laptops,3,0.1,3929.35,392.94
ORD-103918,2023-10-30,Sharjah,Corporate,Office Supplies,Storage,3,0.15,140.7,46.43
ORD-105754,2023-10-30,Dubai,Corporate,Office Supplies,Storage,5,0.0,260.5,109.41
ORD-105047,2023-10-30,Dubai,Corporate,Technology,Laptops,3,0.0,578.62,92.58
ORD-102256,2023-10-30,Abu Dhabi,Consumer,Furniture,Bookcases,6,0.3,2589.59,258.96
ORD-102524,2023-10-30,Abu Dhabi,Corporate,Office Supplies,Pens,4,0.15,223.43,73.73
ORD-103167,2023-10-30,Sharjah,SMB,Furniture,Tables,5,0.0,1167.22,326.82
ORD-104245,2023-10-31,Sharjah,Consumer,Office Supplies,Paper,3,0.15,134.45,44.37
ORD-104483,2023-10-31,Sharjah,Corporate,Technology,Accessories,4,0.1,3096.37,309.64
ORD-101949,2023-10-31,Dubai,SMB,Furniture,Tables,7,0.0,2055.35,575.5
ORD-102748,2023-10-31,Sharjah,Corporate,Furniture,Chairs,3,0.0,1236.53,346.23
ORD-104751,2023-10-31,Abu Dhabi,Consumer,Technology,Accessories,8,0.15,5961.1,417.28
ORD-101474,2023-10-31,Abu Dhabi,SMB,Furniture,Storage,3,0.0,1303.7,365.04
ORD-104271,2023-10-31,Northern Emirates,SMB,Technology,Monitors,3,0.0,2613.4,418.14
ORD-102812,2023-10-31,Abu Dhabi,Consumer,Technology,Monitors,5,0.3,3898.77,-77.98
ORD-100912,2023-10-31,Sharjah,Corporate,Furniture,Storage,3,0.2,1074.31,171.89
ORD-102956,2023-10-31,Dubai,Consumer,Furniture,Tables,7,0.1,3055.89,672.3
ORD-102221,2023-10-31,Sharjah,Consumer,Furniture,Chairs,2,0.3,1092.44,109.24
ORD-100616,2023-10-31,Northern Emirates,Consumer,Office Supplies,Paper,6,0.3,303.81,72.91
ORD-100252,2023-10-31,Dubai,Consumer,Office Supplies,Storage,2,0.0,116.84,49.07
ORD-101170,2023-10-31,Sharjah,Consumer,Technology,Laptops,5,0.0,3154.55,504.73
ORD-101783,2023-11-01,Sharjah,Consumer,Technology,Laptops,7,0.15,5109.31,357.65
ORD-104476,2023-11-01,Northern Emirates,Consumer,Furniture,Tables,6,0.1,2694.53,592.8
ORD-100426,2023-11-01,Sharjah,SMB,Technology,Phones,7,0.1,4466.62,446.66
ORD-102697,2023-11-01,Abu Dhabi,Consumer,Office Supplies,Pens,2,0.3,92.76,22.26
ORD-100638,2023-11-01,Dubai,Corporate,Office Supplies,Storage,3,0.0,112.15,47.1
ORD-103379,2023-11-01,Abu Dhabi,Consumer,Furniture,Storage,5,0.1,2962.86,651.83
ORD-105652,2023-11-01,Abu Dhabi,Consumer,Furniture,Storage,3,0.3,551.79,55.18
ORD-103693,2023-11-01,Abu Dhabi,Consumer,Furniture,Tables,5,0.15,2903.49,551.66
ORD-102112,2023-11-01,Northern Emirates,Consumer,Technology,Monitors,2,0.2,508.71,20.35
ORD-102188,2023-11-01,Dubai,Corporate,Technology,Monitors,5,0.1,3875.86,387.59
ORD-103637,2023-11-01,Dubai,Corporate,Technology,Laptops,6,0.0,3688.94,590.23
ORD-100103,2023-11-01,Northern Emirates,Corporate,Technology,Accessories,5,0.15,2613.18,182.92
ORD-103271,2023-11-01,Northern Emirates,Corporate,Office Supplies,Pens,2,0.1,99.09,35.67
ORD-105953,2023-11-02,Dubai,Corporate,Technology,Accessories,7,0.0,5625.76,900.12
ORD-102816,2023-11-02,Dubai,SMB,Technology,Accessories,6,0.0,6291.6,1006.66
ORD-103941,2023-11-02,Dubai,Consumer,Furniture,Storage,7,0.2,2863.1,458.1
ORD-102431,2023-11-02,Abu Dhabi,SMB,Technology,Phones,5,0.1,5650.47,565.05
ORD-102664,2023-11-02,Sharjah,Consumer,Office Supplies,Storage,8,0.0,372.99,156.66
ORD-102163,2023-11-02,Dubai,Corporate,Office Supplies,Storage,5,0.15,100.02,33.01
ORD-102776,2023-11-02,Abu Dhabi,Consumer,Technology,Phones,6,0.15,4826.42,337.85
ORD-104808,2023-11-02,Dubai,SMB,Technology,Accessories,2,0.1,1194.17,119.42
ORD-104955,2023-11-02,Sharjah,Consumer,Technology,Phones,1,0.15,502.49,35.17
ORD-104976,2023-11-02,Dubai,Corporate,Furniture,Chairs,1,0.1,102.99,22.66
ORD-100761,2023-11-02,Dubai,SMB,Furniture,Chairs,3,0.0,1023.56,286.6
ORD-102542,2023-11-03,Northern Emirates,Corporate,Technology,Phones,1,0.0,856.29,137.01
ORD-102749,2023-11-03,Abu Dhabi,Consumer,Technology,Phones,3,0.0,880.23,140.84
ORD-102457,2023-11-03,Abu Dhabi,Corporate,Furniture,Tables,8,0.0,4512.12,1263.39
ORD-105531,2023-11-03,Abu Dhabi,Corporate,Office Supplies,Paper,6,0.0,303.79,127.59
ORD-105381,2023-11-03,Sharjah,Corporate,Technology,Phones,5,0.0,3086.57,493.85
ORD-104784,2023-11-03,Abu Dhabi,Consumer,Furniture,Chairs,2,0.15,653.97,124.25
ORD-105445,2023-11-03,Abu Dhabi,Consumer,Technology,Accessories,4,0.0,3925.44,628.07
ORD-103972,2023-11-03,Sharjah,Corporate,Office Supplies,Binders,8,0.1,403.06,145.1
ORD-105704,2023-11-03,Dubai,Corporate,Office Supplies,Storage,5,0.1,133.15,47.93
ORD-100491,2023-11-03,Dubai,Consumer,Furniture,Chairs,6,0.15,2647.79,503.08
ORD-100495,2023-11-03,Northern Emirates,Corporate,Technology,Monitors,3,0.0,1115.97,178.56
ORD-100333,2023-11-03,Dubai,SMB,Technology,Monitors,8,0.15,5842.97,409.01
ORD-100263,2023-11-04,Sharjah,Consumer,Furniture,Chairs,6,0.2,3530.03,564.8
ORD-105429,2023-11-04,Abu Dhabi,Consumer,Furniture,Bookcases,4,0.3,2085.33,208.53
ORD-100240,2023-11-04,Dubai,Corporate,Technology,Laptops,1,0.1,433.38,43.34
ORD-102046,2023-11-04,Abu Dhabi,SMB,Office Supplies,Pens,7,0.0,473.11,198.71
ORD-105960,2023-11-04,Dubai,Consumer,Furniture,Tables,6,0.1,1308.09,287.78
ORD-102011,2023-11-04,Dubai,SMB,Furniture,Bookcases,3,0.0,2171.35,607.98
ORD-103113,2023-11-04,Sharjah,Consumer,Technology,Phones,8,0.3,4942.42,-98.85
ORD-105270,2023-11-05,Dubai,SMB,Furniture,Tables,6,0.0,1213.26,339.71
ORD-101082,2023-11-05,Northern Emirates,Consumer,Furniture,Tables,2,0.0,837.81,234.59
ORD-104474,2023-11-05,Northern Emirates,Consumer,Furniture,Storage,5,0.0,1918.32,537.13
ORD-101225,2023-11-05,Abu Dhabi,Corporate,Office Supplies,Storage,8,0.15,324.14,106.97
ORD-101278,2023-11-05,Dubai,Consumer,Technology,Accessories,7,0.0,2433.72,389.4
ORD-102544,2023-11-05,Abu Dhabi,Consumer,Furniture,Storage,4,0.0,947.21,265.22
ORD-101217,2023-11-05,Abu Dhabi,Consumer,Furniture,Bookcases,5,0.1,2278.54,501.28
ORD-105753,2023-11-05,Northern Emirates,Corporate,Technology,Phones,3,0.2,1535.82,61.43
ORD-102031,2023-11-05,Sharjah,Corporate,Office Supplies,Binders,7,0.0,332.01,139.44
ORD-101663,2023-11-05,Abu Dhabi,Consumer,Office Supplies,Pens,4,0.0,150.2,63.08
ORD-101550,2023-11-05,Abu Dhabi,Consumer,Office Supplies,Storage,7,0.0,350.7,147.29
ORD-103164,2023-11-06,Dubai,Corporate,Technology,Phones,5,0.0,4544.23,727.08
ORD-100571,2023-11-06,Dubai,Consumer,Office Supplies,Storage,3,0.3,232.15,55.72
ORD-103332,2023-11-06,Abu Dhabi,SMB,Technology,Accessories,8,0.0,5058.11,809.3
ORD-100666,2023-11-06,Dubai,Consumer,Furniture,Storage,7,0.2,443.14,70.9
ORD-104851,2023-11-07,Sharjah,SMB,Office Supplies,Paper,3,0.2,100.14,30.04
ORD-105213,2023-11-07,Northern Emirates,Consumer,Office Supplies,Storage,4,0.15,140.65,46.41
ORD-104092,2023-11-07,Dubai,SMB,Office Supplies,Storage,8,0.3,371.18,89.08
ORD-103638,2023-11-07,Abu Dhabi,Corporate,Technology,Accessories,3,0.2,3112.36,124.49
ORD-105715,2023-11-07,Dubai,Corporate,Office Supplies,Pens,4,0.2,179.27,53.78
ORD-101825,2023-11-07,Dubai,Corporate,Technology,Laptops,6,0.1,3793.71,379.37
ORD-104509,2023-11-07,Abu Dhabi,Consumer,Furniture,Tables,1,0.0,327.48,91.69
ORD-102990,2023-11-07,Abu Dhabi,Consumer,Furniture,Chairs,8,0.15,3556.2,675.68
ORD-104296,2023-11-08,Dubai,Corporate,Office Supplies,Paper,2,0.15,99.24,32.75
ORD-100429,2023-11-08,Dubai,Consumer,Furniture,Storage,6,0.0,3040.77,851.42
ORD-101052,2023-11-08,Sharjah,Corporate,Technology,Monitors,5,0.3,4385.88,-87.72
ORD-103710,2023-11-08,Abu Dhabi,Consumer,Furniture,Bookcases,8,0.0,3853.07,1078.86
ORD-104380,2023-11-08,Abu Dhabi,Corporate,Office Supplies,Pens,3,0.0,24.0,10.08
ORD-102187,2023-11-08,Dubai,SMB,Office Supplies,Binders,1,0.0,51.17,21.49
ORD-100585,2023-11-08,Sharjah,Corporate,Office Supplies,Storage,5,0.0,365.65,153.57
ORD-105687,2023-11-08,Dubai,Consumer,Office Supplies,Paper,8,0.0,316.45,132.91
ORD-100346,2023-11-08,Abu Dhabi,Corporate,Technology,Phones,8,0.1,8290.43,829.04
ORD-100038,2023-11-08,Dubai,Consumer,Furniture,Chairs,1,0.0,422.93,118.42
ORD-103112,2023-11-09,Dubai,Consumer,Office Supplies,Binders,8,0.3,423.94,101.75
ORD-102127,2023-11-09,Abu Dhabi,Consumer,Technology,Phones,2,0.3,1155.06,-23.1
ORD-100487,2023-11-09,Dubai,SMB,Furniture,Bookcases,4,0.0,1418.18,397.09
ORD-100480,2023-11-09,Abu Dhabi,Corporate,Technology,Phones,6,0.15,4098.56,286.9
ORD-101031,2023-11-09,Sharjah,Consumer,Office Supplies,Binders,8,0.0,313.02,131.47
ORD-105800,2023-11-09,Northern Emirates,Corporate,Furniture,Storage,5,0.0,2984.01,835.52
ORD-100859,2023-11-09,Abu Dhabi,Consumer,Furniture,Bookcases,8,0.15,3024.98,574.75
ORD-101382,2023-11-09,Dubai,SMB,Technology,Accessories,8,0.15,4154.22,290.8
ORD-102356,2023-11-09,Sharjah,SMB,Technology,Phones,4,0.0,2314.22,370.28
ORD-103815,2023-11-09,Dubai,Corporate,Office Supplies,Binders,3,0.0,24.0,10.08
ORD-103527,2023-11-10,Dubai,Consumer,Technology,Monitors,6,0.0,1752.05,280.33
ORD-100674,2023-11-10,Abu Dhabi,Corporate,Furniture,Storage,5,0.0,1456.75,407.89
ORD-100677,2023-11-10,Abu Dhabi,Consumer,Technology,Laptops,7,0.0,4361.01,697.76
ORD-103073,2023-11-10,Northern Emirates,SMB,Furniture,Tables,7,0.0,2177.49,609.7
ORD-103396,2023-11-10,Northern Emirates,Consumer,Furniture,Tables,3,0.2,782.12,125.14
ORD-105308,2023-11-10,Sharjah,Consumer,Office Supplies,Paper,2,0.1,119.64,43.07
ORD-102347,2023-11-11,Northern Emirates,SMB,Technology,Laptops,3,0.0,755.75,120.92
ORD-102314,2023-11-11,Abu Dhabi,Consumer,Technology,Accessories,3,0.2,2740.71,109.63
ORD-102039,2023-11-11,Dubai,SMB,Office Supplies,Storage,8,0.0,328.31,137.89
ORD-101895,2023-11-11,Sharjah,Corporate,Technology,Monitors,4,0.15,3968.41,277.79
ORD-100314,2023-11-11,Dubai,Consumer,Office Supplies,Binders,5,0.2,338.98,101.69
ORD-105706,2023-11-11,Northern Emirates,Corporate,Furniture,Chairs,1,0.0,230.91,64.65
ORD-104119,2023-11-11,Sharjah,Corporate,Office Supplies,Pens,5,0.15,305.46,100.8
ORD-105839,2023-11-11,Dubai,SMB,Furniture,Storage,6,0.2,3377.41,540.39
ORD-101684,2023-11-11,Abu Dhabi,Consumer,Office Supplies,Paper,4,0.15,159.16,52.52
ORD-105449,2023-11-11,Dubai,Consumer,Furniture,Tables,5,0.2,1371.8,219.49
ORD-105374,2023-11-11,Dubai,Consumer,Office Supplies,Pens,6,0.3,215.56,51.73
ORD-100647,2023-11-11,Abu Dhabi,Consumer,Office Supplies,Binders,4,0.0,211.33,88.76
ORD-100070,2023-11-11,Dubai,Consumer,Furniture,Bookcases,6,0.2,2610.58,417.69
ORD-100900,2023-11-11,Abu Dhabi,Corporate,Office Supplies,Pens,6,0.15,257.27,84.9
ORD-105456,2023-11-12,Dubai,Corporate,Furniture,Chairs,4,0.0,1317.97,369.03
ORD-103156,2023-11-12,Dubai,Consumer,Office Supplies,Pens,3,0.0,207.28,87.06
ORD-105896,2023-11-12,Northern Emirates,Corporate,Technology,Phones,7,0.2,3472.41,138.9
ORD-102735,2023-11-12,Sharjah,Consumer,Technology,Phones,1,0.0,485.0,77.6
ORD-105622,2023-11-12,Abu Dhabi,Consumer,Office Supplies,Binders,6,0.0,209.39,87.94
ORD-103685,2023-11-12,Sharjah,Consumer,Furniture,Storage,1,0.0,269.93,75.58
ORD-101411,2023-11-12,Sharjah,Corporate,Technology,Monitors,7,0.1,3199.13,319.91
ORD-100216,2023-11-12,Sharjah,SMB,Office Supplies,Pens,6,0.0,348.33,146.3
ORD-100357,2023-11-12,Sharjah,Consumer,Furniture,Storage,1,0.0,415.65,116.38
ORD-102412,2023-11-12,Abu Dhabi,Consumer,Furniture,Storage,4,0.0,1004.28,281.2
ORD-105822,2023-11-12,Dubai,Corporate,Office Supplies,Storage,7,0.0,209.58,88.02
ORD-105122,2023-11-12,Dubai,Corporate,Office Supplies,Storage,4,0.0,204.7,85.97
ORD-104847,2023-11-13,Dubai,Consumer,Technology,Phones,5,0.0,4200.75,672.12
ORD-101566,2023-11-13,Sharjah,Corporate,Office Supplies,Binders,7,0.15,219.72,72.51
ORD-104643,2023-11-13,Dubai,Consumer,Technology,Accessories,1,0.15,847.05,59.29
ORD-100125,2023-11-13,Dubai,SMB,Furniture,Storage,8,0.0,3065.2,858.26
ORD-102757,2023-11-13,Dubai,Corporate,Technology,Phones,6,0.2,3608.37,144.33
ORD-102641,2023-11-14,Abu Dhabi,Consumer,Office Supplies,Pens,4,0.15,192.31,63.46
ORD-103588,2023-11-14,Abu Dhabi,Consumer,Office Supplies,Paper,8,0.15,166.07,54.8
ORD-102464,2023-11-15,Sharjah,SMB,Furniture,Storage,8,0.1,4342.67,955.39
ORD-102395,2023-11-15,Sharjah,Consumer,Office Supplies,Storage,4,0.15,255.29,84.25
ORD-100886,2023-11-15,Abu Dhabi,Consumer,Furniture,Storage,8,0.15,4295.39,816.12
ORD-105036,2023-11-15,Abu Dhabi,Consumer,Office Supplies,Storage,3,0.15,80.75,26.65
ORD-100028,2023-11-16,Dubai,SMB,Technology,Accessories,3,0.2,774.49,30.98
ORD-102606,2023-11-16,Abu Dhabi,SMB,Furniture,Storage,5,0.0,1205.45,337.53
ORD-103027,2023-11-16,Dubai,Consumer,Technology,Phones,3,0.0,1181.4,189.02
ORD-101696,2023-11-16,Dubai,Consumer,Furniture,Bookcases,5,0.0,1519.76,425.53
ORD-102998,2023-11-16,Northern Emirates,Corporate,Office Supplies,Binders,7,0.15,314.32,103.73
ORD-100474,2023-11-16,Dubai,Consumer,Technology,Phones,6,0.15,2717.93,190.26
ORD-103498,2023-11-17,Dubai,Consumer,Technology,Accessories,5,0.0,5504.81,880.77
ORD-103859,2023-11-17,Dubai,Corporate,Technology,Accessories,8,0.0,6166.4,986.62
ORD-105691,2023-11-17,Abu Dhabi,SMB,Technology,Laptops,7,0.0,5115.39,818.46
ORD-105037,2023-11-17,Sharjah,SMB,Office Supplies,Storage,2,0.0,65.59,27.55
ORD-105022,2023-11-17,Dubai,SMB,Furniture,Bookcases,3,0.0,1852.27,518.64
ORD-101758,2023-11-17,Dubai,Corporate,Technology,Monitors,3,0.0,1563.62,250.18
ORD-103894,2023-11-17,Northern Emirates,Consumer,Furniture,Tables,1,0.15,561.41,106.67
ORD-102723,2023-11-17,Sharjah,Consumer,Technology,Phones,5,0.1,4346.83,434.68
ORD-101519,2023-11-18,Dubai,Corporate,Technology,Laptops,5,0.0,3638.76,582.2
ORD-105106,2023-11-18,Abu Dhabi,Corporate,Technology,Laptops,1,0.15,398.41,27.89
ORD-101292,2023-11-18,Northern Emirates,Corporate,Office Supplies,Binders,4,0.1,400.23,144.08
ORD-100838,2023-11-18,Dubai,SMB,Furniture,Bookcases,7,0.15,3113.98,591.66
ORD-101483,2023-11-18,Sharjah,Corporate,Technology,Accessories,2,0.15,1549.64,108.47
ORD-100943,2023-11-18,Dubai,Consumer,Furniture,Chairs,1,0.15,289.78,55.06
ORD-100832,2023-11-18,Dubai,Consumer,Technology,Laptops,5,0.1,3043.19,304.32
ORD-102376,2023-11-18,Dubai,Consumer,Furniture,Storage,3,0.3,910.33,91.03
ORD-100085,2023-11-19,Dubai,Consumer,Furniture,Storage,8,0.0,5081.3,1422.76
ORD-101421,2023-11-19,Dubai,Consumer,Office Supplies,Pens,3,0.0,154.6,64.93
ORD-103148,2023-11-19,Dubai,Consumer,Technology,Monitors,7,0.3,5483.47,-109.67
ORD-101699,2023-11-19,Abu Dhabi,SMB,Technology,Accessories,5,0.0,3634.9,581.58
ORD-100017,2023-11-19,Dubai,SMB,Office Supplies,Binders,3,0.0,213.15,89.52
ORD-100410,2023-11-19,Abu Dhabi,Consumer,Technology,Accessories,7,0.0,4777.78,764.44
ORD-104897,2023-11-19,Dubai,Corporate,Technology,Laptops,5,0.1,1701.07,170.11
ORD-100088,2023-11-19,Abu Dhabi,Consumer,Technology,Laptops,7,0.15,4281.03,299.67
ORD-102214,2023-11-19,Dubai,Corporate,Technology,Accessories,8,0.1,3153.5,315.35
ORD-105207,2023-11-20,Abu Dhabi,Corporate,Furniture,Bookcases,2,0.0,470.74,131.81
ORD-102573,2023-11-20,Dubai,SMB,Technology,Phones,1,0.1,615.08,61.51
ORD-102110,2023-11-20,Abu Dhabi,Consumer,Technology,Accessories,2,0.2,1160.73,46.43
ORD-103160,2023-11-20,Dubai,SMB,Furniture,Storage,4,0.15,1625.79,308.9
ORD-103823,2023-11-20,Northern Emirates,Consumer,Technology,Phones,7,0.0,3336.79,533.89
ORD-101702,2023-11-20,Northern Emirates,Consumer,Technology,Laptops,2,0.15,768.13,53.77
ORD-102142,2023-11-20,Northern Emirates,Consumer,Technology,Monitors,4,0.0,2326.41,372.23
ORD-101790,2023-11-20,Dubai,Corporate,Furniture,Chairs,4,0.1,2185.12,480.73
ORD-105717,2023-11-20,Dubai,Corporate,Furniture,Storage,6,0.0,2466.12,690.51
ORD-101065,2023-11-20,Dubai,Consumer,Technology,Laptops,3,0.15,1045.62,73.19
ORD-102484,2023-11-21,Dubai,Consumer,Office Supplies,Binders,8,0.15,359.66,118.69
ORD-102759,2023-11-21,Dubai,Consumer,Office Supplies,Storage,5,0.1,387.51,139.5
ORD-100116,2023-11-21,Dubai,Consumer,Office Supplies,Pens,2,0.0,64.99,27.3
ORD-103824,2023-11-21,Abu Dhabi,Corporate,Technology,Laptops,7,0.0,2306.1,368.98
ORD-102217,2023-11-21,Sharjah,Consumer,Office Supplies,Storage,7,0.3,519.81,124.75
ORD-100581,2023-11-21,Sharjah,Consumer,Furniture,Storage,2,0.0,1635.18,457.85
ORD-104795,2023-11-21,Northern Emirates,Corporate,Technology,Accessories,1,0.2,828.82,33.15
ORD-100865,2023-11-21,Dubai,SMB,Office Supplies,Binders,2,0.0,61.38,25.78
ORD-101378,2023-11-21,Sharjah,Corporate,Office Supplies,Storage,1,0.1,52.44,18.88
ORD-102648,2023-11-22,Dubai,Consumer,Office Supplies,Paper,2,0.1,115.49,41.58
ORD-102863,2023-11-22,Abu Dhabi,Corporate,Technology,Laptops,8,0.2,4657.44,186.3
ORD-102725,2023-11-22,Sharjah,Consumer,Office Supplies,Paper,6,0.1,245.59,88.41
ORD-102094,2023-11-22,Dubai,Corporate,Office Supplies,Storage,2,0.2,109.65,32.9
ORD-103587,2023-11-23,Abu Dhabi,Consumer,Office Supplies,Paper,5,0.15,202.46,66.81
ORD-101925,2023-11-23,Northern Emirates,Consumer,Furniture,Storage,5,0.2,2163.66,346.19
ORD-101402,2023-11-24,Dubai,Corporate,Technology,Monitors,1,0.1,902.68,90.27
ORD-102181,2023-11-24,Abu Dhabi,Consumer,Office Supplies,Binders,4,0.1,80.03,28.81
ORD-103282,2023-11-24,Abu Dhabi,Consumer,Technology,Phones,5,0.0,2397.0,383.52
ORD-100273,2023-11-24,Abu Dhabi,Consumer,Furniture,Storage,6,0.0,2139.2,598.98
ORD-102849,2023-11-24,Abu Dhabi,Consumer,Furniture,Bookcases,3,0.0,1359.13,380.56
ORD-102529,2023-11-24,Dubai,Consumer,Technology,Phones,3,0.0,1135.43,181.67
ORD-102225,2023-11-25,Sharjah,Consumer,Office Supplies,Storage,3,0.15,123.57,40.78
ORD-101276,2023-11-25,Northern Emirates,Corporate,Office Supplies,Paper,1,0.0,39.23,16.48
ORD-104108,2023-11-25,Northern Emirates,SMB,Technology,Accessories,2,0.3,1793.18,-35.86
ORD-104298,2023-11-25,Dubai,Consumer,Technology,Laptops,7,0.3,5149.26,-102.99
ORD-100399,2023-11-25,Abu Dhabi,Consumer,Office Supplies,Pens,5,0.1,165.19,59.47
ORD-105395,2023-11-25,Abu Dhabi,Consumer,Office Supplies,Pens,4,0.0,200.08,84.03
ORD-103764,2023-11-25,Dubai,Corporate,Furniture,Storage,8,0.15,3417.83,649.39
ORD-101497,2023-11-25,Abu Dhabi,Consumer,Office Supplies,Storage,1,0.0,38.42,16.14
ORD-105274,2023-11-25,Dubai,SMB,Technology,Accessories,7,0.0,5764.47,922.32
ORD-105180,2023-11-26,Dubai,Corporate,Technology,Laptops,3,0.1,3163.0,316.3
ORD-102937,2023-11-26,Sharjah,Corporate,Furniture,Chairs,6,0.3,4871.69,487.17
ORD-103818,2023-11-26,Abu Dhabi,Consumer,Furniture,Chairs,5,0.15,3124.04,593.57
ORD-105731,2023-11-26,Abu Dhabi,SMB,Office Supplies,Binders,4,0.0,161.16,67.69
ORD-104640,2023-11-26,Northern Emirates,Consumer,Furniture,Chairs,1,0.1,233.71,51.42
ORD-100086,2023-11-26,Northern Emirates,Consumer,Furniture,Bookcases,3,0.1,806.12,177.35
ORD-103530,2023-11-26,Abu Dhabi,SMB,Office Supplies,Paper,5,0.3,167.89,40.29
ORD-102119,2023-11-26,Northern Emirates,Corporate,Office Supplies,Pens,1,0.0,39.66,16.66
ORD-105316,2023-11-26,Abu Dhabi,Consumer,Office Supplies,Storage,3,0.0,152.49,64.05
ORD-103051,2023-11-27,Dubai,Corporate,Technology,Phones,5,0.0,1733.32,277.33
ORD-104813,2023-11-27,Abu Dhabi,Corporate,Office Supplies,Binders,4,0.15,161.37,53.25
ORD-105108,2023-11-27,Abu Dhabi,Consumer,Technology,Accessories,2,0.0,1559.52,249.52
ORD-102204,2023-11-27,Northern Emirates,Consumer,Office Supplies,Paper,6,0.0,460.2,193.28
ORD-104618,2023-11-27,Abu Dhabi,Consumer,Furniture,Chairs,6,0.0,2840.58,795.36
ORD-105744,2023-11-27,Dubai,Corporate,Furniture,Storage,4,0.3,1524.5,152.45
ORD-100318,2023-11-28,Sharjah,Corporate,Office Supplies,Binders,5,0.1,312.34,112.44
ORD-104575,2023-11-28,Dubai,Corporate,Furniture,Storage,7,0.0,2243.59,628.21
ORD-105555,2023-11-28,Dubai,Consumer,Technology,Accessories,1,0.0,563.36,90.14
ORD-100170,2023-11-28,Dubai,Consumer,Technology,Monitors,5,0.3,3294.42,-65.89
ORD-103762,2023-11-28,Northern Emirates,Corporate,Furniture,Chairs,3,0.0,1409.01,394.52
ORD-103224,2023-11-28,Dubai,Corporate,Technology,Phones,3,0.0,977.08,156.33
ORD-104747,2023-11-28,Abu Dhabi,Corporate,Office Supplies,Pens,8,0.0,64.0,26.88
ORD-103951,2023-11-28,Sharjah,Corporate,Furniture,Bookcases,1,0.1,148.1,32.58
ORD-103958,2023-11-28,Dubai,Corporate,Technology,Accessories,1,0.15,611.77,42.82
ORD-103355,2023-11-28,Abu Dhabi,Consumer,Furniture,Bookcases,7,0.0,5903.24,1652.91
ORD-105411,2023-11-29,Dubai,Consumer,Office Supplies,Storage,6,0.0,344.67,144.76
ORD-104365,2023-11-29,Dubai,Corporate,Technology,Monitors,2,0.15,1022.87,71.6
ORD-101157,2023-11-29,Dubai,Consumer,Technology,Monitors,8,0.2,5951.17,238.05
ORD-102570,2023-11-29,Dubai,Consumer,Furniture,Bookcases,4,0.0,1431.89,400.93
ORD-103297,2023-11-29,Abu Dhabi,SMB,Furniture,Bookcases,8,0.1,4871.08,1071.64
ORD-103185,2023-11-30,Northern Emirates,Consumer,Furniture,Tables,7,0.15,4824.36,916.63
ORD-100709,2023-11-30,Abu Dhabi,Consumer,Furniture,Chairs,6,0.0,181.33,50.77
ORD-103197,2023-11-30,Northern Emirates,Corporate,Technology,Monitors,4,0.0,2246.17,359.39
ORD-102890,2023-11-30,Sharjah,Consumer,Furniture,Tables,6,0.0,1587.65,444.54
ORD-103570,2023-11-30,Sharjah,Corporate,Technology,Monitors,8,0.15,6016.89,421.18
ORD-104680,2023-11-30,Dubai,Corporate,Furniture,Storage,2,0.0,364.46,102.05
ORD-101668,2023-11-30,Dubai,Corporate,Office Supplies,Storage,1,0.2,8.0,2.4
ORD-101234,2023-11-30,Northern Emirates,Consumer,Furniture,Bookcases,5,0.0,1717.72,480.96
ORD-103699,2023-11-30,Sharjah,Consumer,Furniture,Tables,7,0.0,3095.12,866.63
ORD-104145,2023-11-30,Dubai,Consumer,Technology,Laptops,8,0.3,5047.94,-100.96
ORD-100684,2023-11-30,Sharjah,Corporate,Technology,Accessories,7,0.0,6819.79,1091.17
ORD-101701,2023-12-01,Sharjah,SMB,Furniture,Chairs,4,0.2,1675.23,268.04
ORD-101310,2023-12-01,Dubai,Corporate,Furniture,Storage,5,0.2,2531.71,405.07
ORD-100718,2023-12-01,Northern Emirates,Corporate,Technology,Laptops,4,0.3,1432.36,-28.65
ORD-105088,2023-12-01,Dubai,Consumer,Furniture,Bookcases,4,0.1,2483.84,546.44
ORD-100569,2023-12-01,Abu Dhabi,Consumer,Technology,Monitors,4,0.15,1907.94,133.56
ORD-100928,2023-12-02,Dubai,Consumer,Office Supplies,Storage,2,0.2,81.53,24.46
ORD-102137,2023-12-02,Abu Dhabi,SMB,Furniture,Chairs,2,0.2,1062.9,170.06
ORD-102413,2023-12-02,Abu Dhabi,Consumer,Office Supplies,Storage,3,0.3,184.89,44.37
ORD-105306,2023-12-02,Sharjah,SMB,Office Supplies,Paper,6,0.0,354.67,148.96
ORD-104949,2023-12-02,Dubai,Consumer,Technology,Accessories,7,0.2,5816.01,232.64
ORD-101061,2023-12-02,Dubai,SMB,Technology,Accessories,3,0.0,2356.96,377.11
ORD-103459,2023-12-02,Northern Emirates,Corporate,Office Supplies,Binders,3,0.0,87.25,36.64
ORD-105541,2023-12-02,Northern Emirates,Corporate,Technology,Laptops,6,0.1,4242.95,424.3
ORD-104217,2023-12-02,Sharjah,SMB,Furniture,Chairs,7,0.2,4286.64,685.86
ORD-101911,2023-12-02,Sharjah,Corporate,Technology,Accessories,5,0.15,3540.07,247.8
ORD-103386,2023-12-02,Northern Emirates,Consumer,Technology,Accessories,1,0.15,400.89,28.06
ORD-105970,2023-12-02,Dubai,Corporate,Technology,Accessories,7,0.0,7044.85,1127.18
ORD-104526,2023-12-03,Sharjah,Consumer,Technology,Monitors,3,0.15,2336.22,163.54
ORD-103765,2023-12-03,Dubai,Corporate,Furniture,Storage,4,0.0,1541.17,431.53
ORD-105900,2023-12-03,Northern Emirates,Corporate,Technology,Accessories,8,0.15,3082.43,215.77
ORD-104489,2023-12-03,Dubai,Consumer,Office Supplies,Binders,5,0.0,192.88,81.01
ORD-104047,2023-12-03,Northern Emirates,SMB,Furniture,Storage,2,0.15,1222.09,232.2
ORD-100403,2023-12-03,Dubai,Consumer,Technology,Accessories,6,0.1,3207.26,320.73
ORD-105229,2023-12-03,Northern Emirates,Corporate,Furniture,Storage,6,0.0,4788.12,1340.67
ORD-103328,2023-12-03,Abu Dhabi,Corporate,Technology,Laptops,7,0.2,5391.94,215.68
ORD-100433,2023-12-03,Sharjah,Consumer,Technology,Laptops,2,0.1,1523.62,152.36
ORD-105301,2023-12-04,Abu Dhabi,Consumer,Furniture,Bookcases,3,0.0,1586.72,444.28
ORD-104342,2023-12-04,Sharjah,Consumer,Technology,Phones,7,0.0,3971.95,635.51
ORD-101939,2023-12-04,Sharjah,Consumer,Office Supplies,Binders,6,0.0,194.37,81.64
ORD-101960,2023-12-04,Abu Dhabi,Corporate,Office Supplies,Pens,1,0.0,36.11,15.17
ORD-104893,2023-12-04,Abu Dhabi,Corporate,Office Supplies,Storage,5,0.15,316.53,104.45
ORD-101477,2023-12-04,Northern Emirates,Consumer,Furniture,Chairs,5,0.15,1919.27,364.66
ORD-100749,2023-12-04,Sharjah,Corporate,Technology,Phones,3,0.1,2311.97,231.2
ORD-105352,2023-12-05,Abu Dhabi,SMB,Technology,Monitors,1,0.1,325.36,32.54
ORD-100332,2023-12-05,Dubai,Corporate,Technology,Accessories,8,0.15,7250.78,507.55
ORD-105169,2023-12-05,Dubai,Consumer,Office Supplies,Paper,4,0.1,120.16,43.26
ORD-100013,2023-12-05,Northern Emirates,Consumer,Office Supplies,Pens,2,0.15,105.6,34.85
ORD-103240,2023-12-05,Sharjah,Corporate,Technology,Accessories,6,0.15,6271.76,439.02
ORD-104735,2023-12-05,Dubai,Corporate,Furniture,Tables,6,0.0,4170.31,1167.69
ORD-100249,2023-12-06,Northern Emirates,Corporate,Furniture,Chairs,4,0.0,1836.16,514.12
ORD-100446,2023-12-06,Sharjah,SMB,Technology,Monitors,8,0.15,3284.24,229.9
ORD-105412,2023-12-06,Sharjah,Consumer,Technology,Monitors,4,0.0,1328.99,212.64
ORD-101279,2023-12-06,Northern Emirates,Consumer,Technology,Accessories,6,0.15,5264.29,368.5
ORD-104542,2023-12-06,Dubai,Consumer,Technology,Accessories,6,0.15,4225.69,295.8
ORD-103533,2023-12-06,Sharjah,SMB,Technology,Accessories,6,0.1,2803.68,280.37
ORD-105127,2023-12-06,Abu Dhabi,SMB,Office Supplies,Binders,5,0.2,229.34,68.8
ORD-100101,2023-12-06,Dubai,Consumer,Office Supplies,Storage,8,0.0,441.6,185.47
ORD-105319,2023-12-06,Abu Dhabi,Consumer,Technology,Laptops,7,0.2,4870.41,194.82
ORD-104293,2023-12-06,Dubai,SMB,Technology,Accessories,4,0.15,1810.58,126.74
ORD-101443,2023-12-06,Abu Dhabi,SMB,Technology,Accessories,2,0.1,1850.3,185.03
ORD-102027,2023-12-07,Northern Emirates,Consumer,Technology,Accessories,8,0.2,6949.37,277.97
ORD-104162,2023-12-07,Dubai,SMB,Furniture,Tables,5,0.2,2063.11,330.1
ORD-102397,2023-12-07,Northern Emirates,Consumer,Furniture,Tables,3,0.2,2543.8,407.01
ORD-101113,2023-12-07,Sharjah,Consumer,Office Supplies,Pens,6,0.0,274.96,115.48
ORD-102944,2023-12-07,Dubai,SMB,Office Supplies,Binders,8,0.1,284.93,102.57
ORD-102393,2023-12-07,Dubai,Corporate,Furniture,Tables,1,0.0,295.17,82.65
ORD-101256,2023-12-07,Dubai,Consumer,Office Supplies,Paper,7,0.1,297.38,107.06
ORD-101656,2023-12-08,Dubai,Consumer,Office Supplies,Binders,7,0.15,349.81,115.44
ORD-105992,2023-12-08,Abu Dhabi,Consumer,Technology,Phones,3,0.0,2215.04,354.41
ORD-103222,2023-12-08,Abu Dhabi,Corporate,Technology,Laptops,5,0.2,3490.81,139.63
ORD-100649,2023-12-09,Abu Dhabi,Corporate,Office Supplies,Pens,1,0.0,46.55,19.55
ORD-104642,2023-12-09,Dubai,SMB,Technology,Laptops,3,0.0,1622.83,259.65
ORD-102075,2023-12-09,Sharjah,Consumer,Office Supplies,Paper,6,0.1,236.58,85.17
ORD-101103,2023-12-09,Dubai,Corporate,Office Supplies,Pens,5,0.2,166.55,49.96
ORD-105104,2023-12-09,Sharjah,Corporate,Furniture,Bookcases,8,0.1,1512.73,332.8
ORD-104544,2023-12-09,Northern Emirates,Corporate,Furniture,Storage,1,0.0,532.43,149.08
ORD-103266,2023-12-09,Abu Dhabi,Consumer,Technology,Laptops,4,0.0,1892.0,302.72
ORD-103884,2023-12-09,Dubai,Consumer,Furniture,Storage,4,0.3,1537.52,153.75
ORD-101823,2023-12-09,Dubai,Consumer,Furniture,Chairs,5,0.15,1745.34,331.61
ORD-100165,2023-12-09,Dubai,Consumer,Office Supplies,Binders,7,0.1,425.89,153.32
ORD-103215,2023-12-09,Sharjah,Consumer,Technology,Monitors,2,0.15,1171.13,81.98
ORD-102088,2023-12-09,Northern Emirates,Consumer,Technology,Monitors,8,0.15,4683.21,327.82
ORD-104543,2023-12-09,Dubai,Corporate,Technology,Laptops,3,0.2,2458.88,98.36
ORD-105620,2023-12-09,Sharjah,Corporate,Furniture,Storage,4,0.0,1819.85,509.56
ORD-100596,2023-12-09,Northern Emirates,Consumer,Furniture,Storage,4,0.0,1954.56,547.28
ORD-100092,2023-12-10,Dubai,Corporate,Furniture,Tables,4,0.0,2391.18,669.53
ORD-103198,2023-12-10,Abu Dhabi,SMB,Technology,Accessories,4,0.15,1648.15,115.37
ORD-103667,2023-12-10,Dubai,Corporate,Technology,Monitors,7,0.0,1426.25,228.2
ORD-104060,2023-12-10,Sharjah,Consumer,Technology,Accessories,7,0.15,5635.97,394.52
ORD-102264,2023-12-10,Abu Dhabi,Corporate,Office Supplies,Storage,2,0.0,77.34,32.48
ORD-100235,2023-12-10,Sharjah,Consumer,Technology,Monitors,3,0.0,2082.49,333.2
ORD-102286,2023-12-10,Dubai,SMB,Office Supplies,Storage,6,0.15,250.06,82.52
ORD-103429,2023-12-11,Sharjah,Corporate,Technology,Laptops,2,0.0,647.3,103.57
ORD-102023,2023-12-11,Dubai,Corporate,Furniture,Bookcases,2,0.0,787.25,220.43
ORD-102176,2023-12-11,Sharjah,Corporate,Furniture,Storage,7,0.0,3320.43,929.72
ORD-100648,2023-12-11,Abu Dhabi,Corporate,Office Supplies,Paper,1,0.0,48.79,20.49
ORD-100601,2023-12-11,Abu Dhabi,SMB,Technology,Accessories,5,0.1,1612.24,161.22
ORD-105466,2023-12-11,Abu Dhabi,Consumer,Office Supplies,Paper,8,0.3,430.99,103.44
ORD-103216,2023-12-11,Abu Dhabi,Corporate,Office Supplies,Binders,1,0.0,40.65,17.07
ORD-100185,2023-12-11,Abu Dhabi,SMB,Office Supplies,Pens,6,0.0,223.16,93.73
ORD-101775,2023-12-12,Dubai,SMB,Office Supplies,Pens,7,0.1,213.9,77.0
ORD-101206,2023-12-12,Abu Dhabi,SMB,Furniture,Bookcases,2,0.0,977.49,273.7
ORD-101410,2023-12-12,Northern Emirates,SMB,Technology,Accessories,7,0.0,2210.58,353.69
ORD-104709,2023-12-12,Dubai,Consumer,Technology,Phones,7,0.2,4659.55,186.38
ORD-105740,2023-12-12,Sharjah,Consumer,Furniture,Tables,7,0.1,4363.09,959.88
ORD-101789,2023-12-12,Abu Dhabi,Corporate,Technology,Phones,7,0.1,843.54,84.35
ORD-105032,2023-12-12,Sharjah,Consumer,Furniture,Storage,4,0.0,2168.5,607.18
ORD-105739,2023-12-12,Dubai,Corporate,Office Supplies,Storage,5,0.2,184.6,55.38
ORD-105860,2023-12-13,Dubai,SMB,Technology,Laptops,7,0.3,3317.21,-66.34
ORD-103589,2023-12-13,Dubai,Consumer,Office Supplies,Pens,1,0.0,45.45,19.09
ORD-101132,2023-12-13,Sharjah,Consumer,Office Supplies,Storage,5,0.0,148.73,62.47
ORD-103661,2023-12-13,Dubai,Consumer,Technology,Laptops,8,0.1,4936.3,493.63
ORD-103929,2023-12-13,Sharjah,Corporate,Office Supplies,Pens,2,0.15,77.3,25.51
ORD-100344,2023-12-13,Dubai,Consumer,Furniture,Chairs,4,0.0,2096.27,586.96
ORD-102633,2023-12-13,Northern Emirates,Consumer,Technology,Accessories,2,0.1,1868.75,186.88
ORD-101993,2023-12-13,Dubai,SMB,Furniture,Tables,3,0.0,1676.39,469.39
ORD-100675,2023-12-13,Abu Dhabi,Corporate,Furniture,Tables,3,0.2,700.93,112.15
ORD-101301,2023-12-14,Dubai,Consumer,Technology,Monitors,1,0.3,516.84,-10.34
ORD-105074,2023-12-14,Dubai,Consumer,Technology,Laptops,3,0.0,1385.97,221.76
ORD-104013,2023-12-14,Dubai,Consumer,Furniture,Tables,5,0.0,2262.0,633.36
ORD-103507,2023-12-14,Dubai,Consumer,Technology,Accessories,3,0.0,2197.82,351.65
ORD-104287,2023-12-14,Sharjah,Consumer,Furniture,Bookcases,8,0.0,5655.63,1583.58
ORD-103491,2023-12-14,Dubai,Consumer,Technology,Monitors,6,0.1,3508.59,350.86
ORD-102983,2023-12-14,Abu Dhabi,SMB,Office Supplies,Binders,2,0.0,111.1,46.66
ORD-102200,2023-12-14,Abu Dhabi,SMB,Office Supplies,Pens,1,0.0,30.83,12.95
ORD-102228,2023-12-14,Dubai,Consumer,Furniture,Storage,4,0.0,1118.74,313.25
ORD-101154,2023-12-15,Sharjah,Consumer,Technology,Monitors,8,0.0,2971.1,475.38
ORD-100307,2023-12-15,Dubai,Consumer,Technology,Accessories,6,0.1,5182.25,518.22
ORD-103767,2023-12-15,Sharjah,SMB,Office Supplies,Storage,7,0.15,236.89,78.17
ORD-102420,2023-12-15,Abu Dhabi,SMB,Office Supplies,Binders,3,0.3,148.08,35.54
ORD-102826,2023-12-15,Abu Dhabi,SMB,Office Supplies,Paper,3,0.15,113.97,37.61
ORD-104782,2023-12-15,Dubai,Consumer,Technology,Monitors,7,0.1,581.97,58.2
ORD-104052,2023-12-15,Dubai,Consumer,Technology,Monitors,7,0.0,5652.45,904.39
ORD-104561,2023-12-15,Northern Emirates,Corporate,Furniture,Bookcases,2,0.1,598.01,131.56
ORD-105317,2023-12-15,Abu Dhabi,Corporate,Furniture,Bookcases,1,0.0,486.82,136.31
ORD-104549,2023-12-15,Dubai,Corporate,Technology,Accessories,2,0.0,1070.06,171.21
ORD-104107,2023-12-16,Northern Emirates,Consumer,Office Supplies,Binders,5,0.0,239.0,100.38
ORD-101795,2023-12-16,Dubai,Consumer,Furniture,Tables,5,0.2,3018.16,482.91
ORD-100884,2023-12-16,Dubai,Corporate,Furniture,Bookcases,5,0.3,2430.78,243.08
ORD-103079,2023-12-16,Sharjah,SMB,Office Supplies,Paper,1,0.1,47.03,16.93
ORD-105523,2023-12-16,Northern Emirates,Consumer,Furniture,Bookcases,1,0.1,694.58,152.81
ORD-101229,2023-12-16,Sharjah,Corporate,Office Supplies,Paper,3,0.0,217.54,91.37
ORD-100178,2023-12-16,Abu Dhabi,Consumer,Office Supplies,Binders,7,0.0,177.05,74.36
ORD-100976,2023-12-17,Dubai,Consumer,Furniture,Chairs,5,0.0,2019.22,565.38
ORD-101965,2023-12-17,Sharjah,Consumer,Technology,Monitors,7,0.0,5015.23,802.44
ORD-101469,2023-12-17,Dubai,Consumer,Furniture,Chairs,8,0.3,5111.98,511.2
ORD-102514,2023-12-17,Sharjah,SMB,Furniture,Bookcases,2,0.0,886.21,248.14
ORD-100591,2023-12-18,Abu Dhabi,Consumer,Technology,Laptops,2,0.15,1707.38,119.52
ORD-105067,2023-12-18,Dubai,Consumer,Furniture,Chairs,5,0.0,1392.03,389.77
ORD-105551,2023-12-18,Dubai,SMB,Office Supplies,Binders,2,0.15,97.25,32.09
ORD-100856,2023-12-18,Sharjah,Consumer,Technology,Phones,8,0.2,6939.07,277.56
ORD-100794,2023-12-18,Northern Emirates,Corporate,Furniture,Storage,4,0.0,891.84,249.72
ORD-103217,2023-12-18,Sharjah,Consumer,Technology,Laptops,5,0.2,3664.88,146.6
ORD-100700,2023-12-18,Abu Dhabi,Corporate,Office Supplies,Pens,4,0.3,41.85,10.04
ORD-103317,2023-12-18,Northern Emirates,Corporate,Furniture,Bookcases,6,0.1,1770.42,389.49
ORD-102440,2023-12-19,Northern Emirates,Corporate,Office Supplies,Storage,6,0.1,212.99,76.68
ORD-102416,2023-12-19,Sharjah,Consumer,Technology,Monitors,8,0.1,5770.07,577.01
ORD-105007,2023-12-19,Dubai,Corporate,Office Supplies,Binders,7,0.15,540.57,178.39
ORD-102884,2023-12-19,Dubai,Consumer,Technology,Accessories,2,0.0,1519.13,243.06
ORD-104188,2023-12-19,Dubai,Consumer,Furniture,Chairs,6,0.15,1905.96,362.13
ORD-102895,2023-12-19,Abu Dhabi,Consumer,Furniture,Tables,8,0.3,3031.54,303.15
ORD-102425,2023-12-20,Abu Dhabi,Consumer,Office Supplies,Paper,8,0.15,357.46,117.96
ORD-102191,2023-12-20,Sharjah,SMB,Technology,Phones,8,0.2,4193.3,167.73
ORD-101199,2023-12-20,Northern Emirates,Consumer,Office Supplies,Pens,7,0.0,502.1,210.88
ORD-102409,2023-12-20,Dubai,Consumer,Technology,Monitors,8,0.1,8437.31,843.73
ORD-100339,2023-12-20,Abu Dhabi,Consumer,Technology,Laptops,7,0.0,3582.11,573.14
ORD-105879,2023-12-20,Dubai,Corporate,Technology,Monitors,5,0.0,4031.23,645.0
ORD-101597,2023-12-20,Dubai,Consumer,Office Supplies,Pens,5,0.0,221.52,93.04
ORD-103640,2023-12-20,Dubai,Consumer,Technology,Monitors,7,0.1,3742.98,374.3
ORD-100923,2023-12-21,Abu Dhabi,Consumer,Furniture,Chairs,3,0.0,1205.27,337.48
ORD-102458,2023-12-21,Dubai,Consumer,Technology,Accessories,6,0.15,1547.74,108.34
ORD-100542,2023-12-22,Dubai,SMB,Furniture,Tables,4,0.15,1773.08,336.89
ORD-102296,2023-12-22,Northern Emirates,Corporate,Office Supplies,Storage,8,0.15,241.06,79.55
ORD-103488,2023-12-22,Sharjah,Consumer,Furniture,Storage,8,0.2,3143.08,502.89
ORD-101634,2023-12-22,Dubai,Consumer,Technology,Phones,8,0.0,5476.64,876.26
ORD-105339,2023-12-22,Abu Dhabi,Corporate,Technology,Laptops,7,0.1,4426.75,442.68
ORD-104116,2023-12-22,Abu Dhabi,Consumer,Technology,Phones,3,0.15,1619.57,113.37
ORD-103781,2023-12-22,Northern Emirates,Consumer,Office Supplies,Binders,5,0.15,96.98,32.0
ORD-105804,2023-12-22,Dubai,Corporate,Technology,Phones,8,0.1,5015.91,501.59
ORD-100348,2023-12-22,Abu Dhabi,Consumer,Office Supplies,Storage,4,0.15,237.92,78.51
ORD-102925,2023-12-22,Dubai,Corporate,Technology,Accessories,7,0.1,5210.91,521.09
ORD-105718,2023-12-23,Abu Dhabi,Consumer,Furniture,Tables,7,0.1,2921.81,642.8
ORD-101750,2023-12-23,Northern Emirates,Consumer,Furniture,Chairs,3,0.15,1291.3,245.35
ORD-104619,2023-12-23,Abu Dhabi,Consumer,Office Supplies,Binders,2,0.15,103.44,34.14
ORD-104871,2023-12-23,Sharjah,Corporate,Office Supplies,Storage,1,0.2,54.09,16.23
ORD-101080,2023-12-23,Dubai,SMB,Technology,Monitors,3,0.1,3247.49,324.75
ORD-105018,2023-12-23,Abu Dhabi,Consumer,Technology,Phones,3,0.2,2453.6,98.14
ORD-103618,2023-12-24,Sharjah,Consumer,Technology,Monitors,3,0.0,1939.19,310.27
ORD-101253,2023-12-24,Abu Dhabi,Corporate,Furniture,Chairs,6,0.0,2056.99,575.96
ORD-103152,2023-12-24,Abu Dhabi,Consumer,Office Supplies,Storage,4,0.1,248.13,89.33
ORD-101685,2023-12-24,Dubai,Consumer,Furniture,Chairs,4,0.1,1686.39,371.01
ORD-101902,2023-12-24,Abu Dhabi,Consumer,Technology,Accessories,1,0.15,58.67,4.11
ORD-101603,2023-12-24,Dubai,SMB,Technology,Monitors,5,0.2,3835.56,153.42
ORD-101609,2023-12-24,Abu Dhabi,Corporate,Furniture,Storage,3,0.15,1136.24,215.89
ORD-103833,2023-12-25,Sharjah,SMB,Office Supplies,Binders,8,0.1,267.58,96.33
ORD-102934,2023-12-25,Dubai,Consumer,Technology,Laptops,1,0.0,673.95,107.83
ORD-100927,2023-12-26,Sharjah,SMB,Office Supplies,Pens,5,0.15,337.48,111.37
ORD-104646,2023-12-26,Dubai,Consumer,Technology,Laptops,6,0.0,4999.23,799.88
ORD-103659,2023-12-26,Dubai,SMB,Office Supplies,Paper,4,0.0,243.9,102.44
ORD-105651,2023-12-26,Sharjah,Corporate,Office Supplies,Storage,6,0.1,248.39,89.42
ORD-103504,2023-12-26,Northern Emirates,Corporate,Office Supplies,Binders,6,0.2,332.06,99.62
ORD-101947,2023-12-27,Northern Emirates,Consumer,Furniture,Bookcases,6,0.0,2827.04,791.57
ORD-103572,2023-12-27,Abu Dhabi,Consumer,Office Supplies,Storage,3,0.15,90.65,29.91
ORD-103081,2023-12-27,Sharjah,Consumer,Furniture,Tables,8,0.3,2960.69,296.07
ORD-102896,2023-12-27,Dubai,Consumer,Office Supplies,Binders,5,0.1,102.12,36.76
ORD-102040,2023-12-27,Abu Dhabi,Consumer,Office Supplies,Pens,3,0.15,140.27,46.29
ORD-102972,2023-12-27,Sharjah,Consumer,Furniture,Bookcases,6,0.0,3320.9,929.85
ORD-103082,2023-12-27,Sharjah,Consumer,Technology,Phones,6,0.0,5149.92,823.99
ORD-102174,2023-12-28,Abu Dhabi,Corporate,Technology,Accessories,5,0.1,2554.47,255.45
ORD-104468,2023-12-28,Dubai,Corporate,Technology,Phones,2,0.0,1051.82,168.29
ORD-103045,2023-12-28,Dubai,Consumer,Technology,Laptops,5,0.0,1558.18,249.31
ORD-100310,2023-12-28,Abu Dhabi,Consumer,Technology,Laptops,5,0.15,1736.17,121.53
ORD-100356,2023-12-28,Dubai,Corporate,Technology,Laptops,5,0.0,2477.15,396.34
ORD-102747,2023-12-28,Abu Dhabi,SMB,Furniture,Chairs,7,0.15,2964.75,563.3
ORD-104392,2023-12-28,Abu Dhabi,Corporate,Technology,Monitors,7,0.1,5385.38,538.54
ORD-105963,2023-12-28,Abu Dhabi,Corporate,Office Supplies,Pens,5,0.0,290.19,121.88
ORD-100245,2023-12-28,Sharjah,Consumer,Furniture,Chairs,6,0.3,1012.81,101.28
ORD-103242,2023-12-29,Sharjah,Consumer,Furniture,Chairs,3,0.2,529.5,84.72
ORD-102249,2023-12-29,Sharjah,Consumer,Furniture,Bookcases,6,0.0,1390.36,389.3
ORD-103557,2023-12-29,Abu Dhabi,SMB,Technology,Monitors,4,0.0,3756.63,601.06
ORD-100876,2023-12-29,Dubai,Corporate,Office Supplies,Binders,7,0.0,427.21,179.43
ORD-104891,2023-12-30,Northern Emirates,Consumer,Technology,Accessories,3,0.15,2128.73,149.01
ORD-101567,2023-12-30,Dubai,Consumer,Technology,Monitors,4,0.0,4204.19,672.67
ORD-105529,2023-12-30,Dubai,Consumer,Furniture,Bookcases,3,0.0,1629.78,456.34
ORD-104490,2023-12-30,Abu Dhabi,Consumer,Furniture,Chairs,8,0.1,3386.48,745.03
ORD-103990,2023-12-30,Northern Emirates,Consumer,Furniture,Chairs,5,0.1,2092.09,460.26
ORD-104829,2023-12-30,Abu Dhabi,Consumer,Furniture,Storage,8,0.0,3820.68,1069.79
ORD-105212,2023-12-30,Abu Dhabi,Corporate,Technology,Accessories,5,0.15,4170.2,291.91
ORD-100233,2023-12-30,Abu Dhabi,Consumer,Office Supplies,Paper,3,0.0,132.86,55.8
ORD-101110,2023-12-30,Dubai,Consumer,Technology,Monitors,7,0.1,5247.36,524.74
ORD-102210,2023-12-30,Abu Dhabi,SMB,Technology,Accessories,2,0.0,834.24,133.48
ORD-105380,2023-12-30,Northern Emirates,Corporate,Office Supplies,Pens,5,0.0,284.14,119.34
ORD-100629,2023-12-30,Northern Emirates,Consumer,Office Supplies,Pens,3,0.0,197.84,83.09
ORD-103099,2023-12-30,Dubai,Consumer,Office Supplies,Pens,8,0.15,371.52,122.6
ORD-103394,2023-12-31,Sharjah,Corporate,Technology,Phones,4,0.15,2273.25,159.13
ORD-103313,2023-12-31,Abu Dhabi,SMB,Furniture,Tables,7,0.1,2086.79,459.09
ORD-103802,2023-12-31,Dubai,Consumer,Technology,Laptops,6,0.15,2558.86,179.12
ORD-100482,2024-01-01,Northern Emirates,Consumer,Office Supplies,Storage,4,0.1,252.31,90.83
ORD-105566,2024-01-01,Sharjah,Consumer,Technology,Monitors,3,0.2,1380.13,55.21
ORD-104469,2024-01-01,Sharjah,SMB,Technology,Laptops,4,0.0,3551.92,568.31
ORD-100139,2024-01-01,Abu Dhabi,Corporate,Furniture,Bookcases,5,0.3,3337.42,333.74
ORD-102233,2024-01-01,Dubai,Corporate,Technology,Accessories,5,0.0,3988.87,638.22
ORD-104319,2024-01-01,Northern Emirates,Consumer,Office Supplies,Binders,3,0.2,119.3,35.79
ORD-104373,2024-01-01,Abu Dhabi,SMB,Office Supplies,Binders,5,0.2,165.58,49.67
ORD-105961,2024-01-01,Dubai,Corporate,Office Supplies,Paper,4,0.15,197.39,65.14
ORD-101230,2024-01-01,Sharjah,Consumer,Furniture,Storage,4,0.15,1220.59,231.91
ORD-104122,2024-01-01,Dubai,Consumer,Furniture,Chairs,2,0.0,946.09,264.91
ORD-103084,2024-01-02,Abu Dhabi,SMB,Technology,Monitors,1,0.3,767.49,-15.35
ORD-105720,2024-01-02,Abu Dhabi,Corporate,Office Supplies,Storage,2,0.2,120.13,36.04
ORD-104270,2024-01-02,Abu Dhabi,Consumer,Furniture,Storage,4,0.0,1975.11,553.03
ORD-102084,2024-01-02,Northern Emirates,SMB,Furniture,Bookcases,6,0.0,2409.17,674.57
ORD-102876,2024-01-02,Dubai,Consumer,Office Supplies,Paper,5,0.15,80.75,26.65
ORD-101848,2024-01-02,Abu Dhabi,Consumer,Technology,Laptops,8,0.3,7378.86,-147.58
ORD-104174,2024-01-03,Dubai,Corporate,Office Supplies,Binders,5,0.0,343.9,144.44
ORD-103688,2024-01-03,Abu Dhabi,SMB,Office Supplies,Binders,4,0.2,158.8,47.64
ORD-100661,2024-01-03,Sharjah,Corporate,Technology,Monitors,2,0.3,1142.98,-22.86
ORD-100488,2024-01-04,Northern Emirates,Consumer,Furniture,Chairs,2,0.0,856.86,239.92
ORD-104778,2024-01-04,Abu Dhabi,Consumer,Office Supplies,Paper,8,0.0,272.62,114.5
ORD-105982,2024-01-04,Sharjah,SMB,Technology,Accessories,2,0.2,1729.62,69.18
ORD-102161,2024-01-04,Dubai,SMB,Technology,Monitors,3,0.0,1745.81,279.33
ORD-100305,2024-01-04,Dubai,Corporate,Office Supplies,Binders,7,0.0,264.17,110.95
ORD-102400,2024-01-05,Northern Emirates,Consumer,Furniture,Chairs,1,0.3,447.02,44.7
ORD-102859,2024-01-05,Northern Emirates,SMB,Furniture,Chairs,1,0.0,495.0,138.6
ORD-101114,2024-01-05,Dubai,SMB,Technology,Monitors,1,0.15,740.08,51.81
ORD-100513,2024-01-05,Dubai,SMB,Technology,Laptops,1,0.2,336.19,13.45
ORD-105956,2024-01-05,Sharjah,SMB,Office Supplies,Pens,3,0.3,162.6,39.02
ORD-104028,2024-01-05,Dubai,Consumer,Furniture,Chairs,7,0.0,1969.21,551.38
ORD-102562,2024-01-05,Sharjah,Corporate,Furniture,Tables,5,0.0,2871.44,804.0
ORD-102357,2024-01-05,Dubai,Consumer,Furniture,Tables,8,0.15,5147.1,977.95
ORD-100363,2024-01-06,Dubai,SMB,Office Supplies,Binders,3,0.0,275.02,115.51
ORD-105878,2024-01-06,Abu Dhabi,Consumer,Furniture,Chairs,3,0.1,2028.2,446.2
ORD-104153,2024-01-06,Abu Dhabi,Consumer,Technology,Phones,8,0.1,3696.88,369.69
ORD-102737,2024-01-06,Sharjah,SMB,Office Supplies,Storage,2,0.0,65.84,27.65
ORD-101909,2024-01-06,Abu Dhabi,SMB,Technology,Monitors,8,0.0,3733.32,597.33
ORD-104999,2024-01-07,Sharjah,SMB,Furniture,Storage,5,0.0,1515.99,424.48
ORD-101594,2024-01-07,Dubai,Corporate,Office Supplies,Storage,3,0.2,154.26,46.28
ORD-101994,2024-01-07,Northern Emirates,SMB,Furniture,Storage,6,0.3,2876.19,287.62
ORD-101375,2024-01-07,Dubai,Consumer,Technology,Monitors,1,0.15,1053.02,73.71
ORD-104801,2024-01-08,Sharjah,Consumer,Technology,Accessories,8,0.0,4702.02,752.32
ORD-103669,2024-01-08,Dubai,Consumer,Office Supplies,Paper,6,0.1,290.7,104.65
ORD-101596,2024-01-08,Dubai,SMB,Office Supplies,Storage,7,0.15,544.76,179.77
ORD-103373,2024-01-08,Dubai,Consumer,Furniture,Tables,3,0.0,1880.0,526.4
ORD-104316,2024-01-08,Dubai,Corporate,Furniture,Bookcases,5,0.15,1859.05,353.22
ORD-103554,2024-01-08,Sharjah,Consumer,Technology,Accessories,7,0.0,6036.47,965.84
ORD-100534,2024-01-08,Dubai,Corporate,Technology,Accessories,4,0.0,1151.24,184.2
ORD-101863,2024-01-08,Sharjah,Consumer,Furniture,Storage,1,0.2,165.93,26.55
ORD-104415,2024-01-08,Abu Dhabi,Consumer,Furniture,Storage,6,0.1,2080.17,457.64
ORD-103356,2024-01-09,Sharjah,Consumer,Office Supplies,Pens,8,0.1,361.47,130.13
ORD-101865,2024-01-09,Abu Dhabi,Corporate,Furniture,Tables,3,0.1,1912.05,420.65
ORD-102003,2024-01-09,Sharjah,Consumer,Technology,Monitors,4,0.0,3101.34,496.21
ORD-103643,2024-01-09,Dubai,Consumer,Office Supplies,Paper,5,0.0,200.59,84.25
ORD-104170,2024-01-10,Abu Dhabi,Corporate,Office Supplies,Storage,3,0.15,158.16,52.19
ORD-104250,2024-01-10,Dubai,Consumer,Furniture,Chairs,5,0.3,2174.18,217.42
ORD-102578,2024-01-10,Abu Dhabi,Consumer,Furniture,Storage,3,0.0,1296.96,363.15
ORD-101592,2024-01-10,Dubai,Consumer,Furniture,Bookcases,1,0.15,646.71,122.87
ORD-104183,2024-01-10,Abu Dhabi,Consumer,Furniture,Tables,6,0.0,2110.74,591.01
ORD-100376,2024-01-10,Sharjah,SMB,Furniture,Storage,8,0.0,3407.76,954.17
ORD-102097,2024-01-10,Sharjah,Consumer,Office Supplies,Binders,6,0.0,221.86,93.18
ORD-100326,2024-01-10,Sharjah,Consumer,Technology,Phones,5,0.1,4347.29,434.73
ORD-104590,2024-01-10,Sharjah,Consumer,Office Supplies,Binders,8,0.0,186.56,78.36
ORD-100557,2024-01-11,Abu Dhabi,SMB,Office Supplies,Paper,6,0.0,267.92,112.53
ORD-103311,2024-01-11,Dubai,Consumer,Office Supplies,Binders,8,0.0,253.9,106.64
ORD-104507,2024-01-11,Dubai,Consumer,Furniture,Bookcases,6,0.1,1299.39,285.87
ORD-104868,2024-01-11,Abu Dhabi,Corporate,Technology,Laptops,2,0.2,1589.38,63.58
ORD-100105,2024-01-11,Northern Emirates,SMB,Technology,Accessories,3,0.15,2465.17,172.56
ORD-101565,2024-01-11,Abu Dhabi,Consumer,Technology,Accessories,2,0.2,1397.34,55.89
ORD-101491,2024-01-11,Dubai,Corporate,Furniture,Tables,8,0.3,4001.36,400.14
ORD-104876,2024-01-12,Dubai,Consumer,Office Supplies,Paper,2,0.0,88.77,37.28
ORD-102197,2024-01-12,Dubai,SMB,Office Supplies,Binders,1,0.1,63.96,23.03
ORD-103528,2024-01-12,Dubai,Consumer,Office Supplies,Storage,8,0.1,220.98,79.55
ORD-104243,2024-01-12,Sharjah,Consumer,Furniture,Chairs,7,0.0,3222.88,902.41
ORD-100566,2024-01-12,Abu Dhabi,Consumer,Furniture,Storage,8,0.0,7262.97,2033.63
ORD-104962,2024-01-12,Abu Dhabi,Consumer,Technology,Accessories,7,0.15,6815.05,477.05
ORD-101098,2024-01-12,Sharjah,SMB,Office Supplies,Pens,3,0.3,96.03,23.05
ORD-105583,2024-01-12,Dubai,SMB,Technology,Laptops,4,0.15,1764.05,123.48
ORD-103053,2024-01-12,Sharjah,Corporate,Technology,Laptops,7,0.1,5413.27,541.33
ORD-104823,2024-01-12,Dubai,Corporate,Furniture,Storage,2,0.15,350.3,66.56
ORD-101024,2024-01-13,Sharjah,Corporate,Technology,Laptops,2,0.2,1917.07,76.68
ORD-101322,2024-01-13,Northern Emirates,Consumer,Office Supplies,Storage,1,0.15,49.79,16.43
ORD-101496,2024-01-13,Dubai,Consumer,Technology,Accessories,5,0.15,3350.34,234.52
ORD-104639,2024-01-13,Dubai,SMB,Technology,Monitors,7,0.1,3382.65,338.27
ORD-104403,2024-01-13,Dubai,Consumer,Furniture,Chairs,8,0.15,5301.16,1007.22
ORD-105730,2024-01-13,Abu Dhabi,Consumer,Technology,Accessories,6,0.3,6762.75,-135.25
ORD-102591,2024-01-13,Dubai,Consumer,Furniture,Bookcases,3,0.0,1166.35,326.58
ORD-105550,2024-01-13,Sharjah,SMB,Office Supplies,Binders,1,0.2,37.11,11.13
ORD-102140,2024-01-13,Dubai,Consumer,Office Supplies,Paper,8,0.3,428.23,102.78
ORD-103411,2024-01-13,Abu Dhabi,Corporate,Technology,Laptops,3,0.0,2350.51,376.08
ORD-102258,2024-01-13,Abu Dhabi,SMB,Furniture,Chairs,6,0.1,3233.17,711.3
ORD-103261,2024-01-13,Dubai,Corporate,Technology,Monitors,2,0.2,1175.76,47.03
ORD-102957,2024-01-14,Abu Dhabi,SMB,Office Supplies,Storage,4,0.15,225.92,74.55
ORD-102814,2024-01-14,Dubai,Consumer,Office Supplies,Binders,7,0.2,222.41,66.72
ORD-101127,2024-01-14,Dubai,Consumer,Technology,Phones,7,0.15,1029.14,72.04
ORD-104285,2024-01-14,Dubai,Consumer,Furniture,Bookcases,3,0.0,1309.68,366.71
ORD-100100,2024-01-15,Sharjah,Consumer,Technology,Phones,4,0.0,2278.95,364.63
ORD-104277,2024-01-15,Dubai,Consumer,Furniture,Storage,1,0.1,397.5,87.45
ORD-105665,2024-01-15,Abu Dhabi,SMB,Office Supplies,Storage,5,0.0,269.2,113.06
ORD-104980,2024-01-15,Dubai,Consumer,Furniture,Bookcases,7,0.1,4177.58,919.07
ORD-100894,2024-01-15,Dubai,Consumer,Technology,Phones,1,0.0,1149.48,183.92
ORD-105958,2024-01-15,Sharjah,Consumer,Office Supplies,Storage,8,0.1,487.37,175.45
ORD-101648,2024-01-15,Abu Dhabi,Consumer,Furniture,Storage,5,0.0,1960.13,548.84
ORD-101178,2024-01-15,Sharjah,Corporate,Office Supplies,Pens,8,0.2,623.14,186.94
ORD-104853,2024-01-15,Dubai,Consumer,Furniture,Bookcases,7,0.15,3169.34,602.17
ORD-100174,2024-01-15,Sharjah,Consumer,Office Supplies,Pens,8,0.1,253.3,91.19
ORD-102052,2024-01-15,Dubai,Corporate,Technology,Laptops,3,0.2,2568.49,102.74
ORD-105795,2024-01-16,Northern Emirates,Consumer,Office Supplies,Pens,1,0.15,37.84,12.49
ORD-103997,2024-01-16,Abu Dhabi,SMB,Office Supplies,Storage,7,0.0,284.84,119.63
ORD-104983,2024-01-16,Dubai,SMB,Furniture,Tables,1,0.1,223.61,49.19
ORD-104303,2024-01-16,Dubai,Consumer,Office Supplies,Binders,6,0.15,117.79,38.87
ORD-102873,2024-01-16,Abu Dhabi,Corporate,Furniture,Tables,1,0.0,546.54,153.03
ORD-102349,2024-01-16,Sharjah,SMB,Furniture,Chairs,5,0.1,1687.4,371.23
ORD-104255,2024-01-16,Abu Dhabi,Consumer,Office Supplies,Binders,5,0.15,337.18,111.27
ORD-103787,2024-01-16,Dubai,Corporate,Technology,Laptops,5,0.1,2414.25,241.42
ORD-104703,2024-01-16,Dubai,Corporate,Office Supplies,Pens,7,0.0,228.58,96.0
ORD-100635,2024-01-16,Dubai,Corporate,Furniture,Storage,3,0.1,1180.42,259.69
ORD-102885,2024-01-16,Northern Emirates,Corporate,Office Supplies,Storage,3,0.1,37.26,13.41
ORD-105423,2024-01-17,Dubai,SMB,Technology,Phones,7,0.0,3936.44,629.83
ORD-100908,2024-01-17,Abu Dhabi,Corporate,Office Supplies,Storage,7,0.3,230.15,55.24
ORD-104455,2024-01-17,Northern Emirates,Consumer,Technology,Monitors,3,0.2,1889.32,75.57
ORD-102595,2024-01-17,Dubai,SMB,Technology,Monitors,4,0.2,2193.59,87.74
ORD-103783,2024-01-17,Northern Emirates,SMB,Furniture,Storage,6,0.1,2083.06,458.27
ORD-105228,2024-01-17,Northern Emirates,Corporate,Office Supplies,Binders,2,0.1,84.16,30.3
ORD-105850,2024-01-17,Dubai,SMB,Furniture,Chairs,1,0.1,314.05,69.09
ORD-100756,2024-01-17,Abu Dhabi,SMB,Office Supplies,Pens,4,0.0,227.64,95.61
ORD-101156,2024-01-17,Abu Dhabi,Consumer,Office Supplies,Pens,1,0.15,61.27,20.22
ORD-104914,2024-01-17,Dubai,Consumer,Technology,Phones,5,0.0,2583.31,413.33
ORD-101393,2024-01-18,Sharjah,Consumer,Office Supplies,Paper,4,0.15,169.67,55.99
ORD-101752,2024-01-18,Abu Dhabi,SMB,Technology,Phones,2,0.2,1558.53,62.34
ORD-102448,2024-01-18,Dubai,Corporate,Office Supplies,Storage,6,0.0,252.37,106.0
ORD-101468,2024-01-18,Dubai,Consumer,Office Supplies,Binders,6,0.0,297.09,124.78
ORD-100276,2024-01-18,Sharjah,SMB,Office Supplies,Binders,5,0.2,253.27,75.98
ORD-105886,2024-01-18,Dubai,Corporate,Office Supplies,Pens,4,0.2,187.41,56.22
ORD-104433,2024-01-18,Abu Dhabi,Consumer,Technology,Monitors,5,0.15,2837.44,198.62
ORD-105202,2024-01-18,Dubai,Consumer,Technology,Laptops,4,0.2,1956.76,78.27
ORD-104904,2024-01-19,Abu Dhabi,SMB,Technology,Accessories,3,0.0,1864.81,298.37
ORD-104127,2024-01-19,Northern Emirates,SMB,Technology,Accessories,3,0.15,2781.44,194.7
ORD-104857,2024-01-19,Abu Dhabi,Corporate,Furniture,Chairs,6,0.1,2786.57,613.05
ORD-104870,2024-01-19,Northern Emirates,Consumer,Office Supplies,Binders,4,0.15,129.91,42.87
ORD-103211,2024-01-19,Abu Dhabi,SMB,Office Supplies,Paper,6,0.15,311.44,102.78
ORD-104024,2024-01-19,Northern Emirates,Consumer,Furniture,Storage,7,0.15,1365.07,259.36
ORD-102403,2024-01-19,Abu Dhabi,Consumer,Office Supplies,Pens,2,0.1,95.24,34.29
ORD-102018,2024-01-19,Abu Dhabi,Consumer,Furniture,Chairs,3,0.0,930.79,260.62
ORD-101510,2024-01-19,Sharjah,Consumer,Furniture,Tables,1,0.0,177.45,49.69
ORD-105735,2024-01-19,Abu Dhabi,Consumer,Technology,Laptops,6,0.0,4426.27,708.2
ORD-100343,2024-01-19,Abu Dhabi,Consumer,Furniture,Bookcases,6,0.0,1968.51,551.18
ORD-100372,2024-01-19,Northern Emirates,Consumer,Office Supplies,Binders,4,0.15,218.79,72.2
ORD-101405,2024-01-19,Sharjah,SMB,Technology,Phones,4,0.0,3659.01,585.44
ORD-105240,2024-01-19,Abu Dhabi,Consumer,Technology,Phones,2,0.0,1495.44,239.27
ORD-104726,2024-01-20,Dubai,Corporate,Furniture,Tables,2,0.15,1532.49,291.17
ORD-102883,2024-01-20,Dubai,Corporate,Office Supplies,Pens,5,0.3,221.57,53.18
ORD-104675,2024-01-20,Dubai,Corporate,Furniture,Tables,5,0.0,1852.93,518.82
ORD-102656,2024-01-20,Northern Emirates,Consumer,Technology,Monitors,7,0.0,7893.96,1263.03
ORD-100496,2024-01-20,Dubai,SMB,Office Supplies,Paper,6,0.3,417.72,100.25
ORD-105949,2024-01-20,Dubai,Consumer,Office Supplies,Storage,4,0.0,199.47,83.78
ORD-101956,2024-01-20,Abu Dhabi,Consumer,Technology,Accessories,1,0.0,515.74,82.52
ORD-105064,2024-01-20,Sharjah,Corporate,Office Supplies,Storage,5,0.0,285.8,120.04
ORD-100947,2024-01-20,Dubai,Consumer,Furniture,Bookcases,4,0.0,1545.54,432.75
ORD-100564,2024-01-20,Dubai,SMB,Furniture,Bookcases,7,0.0,1497.89,419.41
ORD-101804,2024-01-20,Dubai,Consumer,Technology,Laptops,6,0.1,4249.68,424.97
ORD-101370,2024-01-21,Dubai,Corporate,Technology,Monitors,7,0.0,4998.7,799.79
ORD-101207,2024-01-21,Northern Emirates,Consumer,Furniture,Bookcases,1,0.0,383.49,107.38
ORD-105818,2024-01-21,Abu Dhabi,Consumer,Technology,Accessories,5,0.0,434.48,69.52
ORD-104369,2024-01-21,Dubai,Corporate,Furniture,Tables,8,0.2,2373.98,379.84
ORD-101379,2024-01-21,Dubai,Consumer,Technology,Phones,8,0.0,8608.23,1377.32
ORD-104084,2024-01-21,Abu Dhabi,Consumer,Furniture,Bookcases,2,0.1,580.63,127.74
ORD-104964,2024-01-21,Sharjah,SMB,Technology,Laptops,5,0.0,1648.59,263.77
ORD-100605,2024-01-21,Dubai,Consumer,Furniture,Chairs,7,0.0,2138.69,598.83
ORD-100124,2024-01-22,Abu Dhabi,Consumer,Office Supplies,Binders,5,0.2,198.55,59.56
ORD-104723,2024-01-22,Northern Emirates,Corporate,Technology,Phones,5,0.2,5230.46,209.22
ORD-103549,2024-01-22,Dubai,Consumer,Technology,Accessories,5,0.0,1698.68,271.79
ORD-105139,2024-01-22,Abu Dhabi,Corporate,Technology,Accessories,2,0.1,1940.19,194.02
ORD-102271,2024-01-22,Dubai,Corporate,Office Supplies,Pens,3,0.2,152.34,45.7
ORD-103676,2024-01-22,Abu Dhabi,SMB,Technology,Monitors,5,0.0,2670.15,427.22
ORD-103083,2024-01-22,Dubai,Consumer,Office Supplies,Storage,5,0.0,276.17,115.99
ORD-101864,2024-01-22,Dubai,Consumer,Technology,Monitors,1,0.2,901.34,36.05
ORD-104548,2024-01-22,Sharjah,SMB,Technology,Accessories,6,0.0,4549.74,727.96
ORD-104194,2024-01-22,Sharjah,SMB,Office Supplies,Binders,1,0.0,40.58,17.04
ORD-102530,2024-01-22,Dubai,SMB,Furniture,Tables,6,0.1,4468.64,983.1
ORD-105049,2024-01-23,Dubai,SMB,Technology,Laptops,2,0.3,885.77,-17.72
ORD-100309,2024-01-23,Sharjah,SMB,Technology,Accessories,5,0.0,1856.53,297.04
ORD-104295,2024-01-23,Northern Emirates,Corporate,Furniture,Bookcases,4,0.0,1819.85,509.56
ORD-103585,2024-01-23,Dubai,Corporate,Technology,Monitors,4,0.0,2150.65,344.1
ORD-103433,2024-01-23,Abu Dhabi,Consumer,Office Supplies,Storage,3,0.1,154.32,55.56
ORD-102313,2024-01-23,Sharjah,Corporate,Office Supplies,Binders,8,0.0,627.49,263.55
ORD-100418,2024-01-23,Dubai,SMB,Furniture,Chairs,3,0.15,1389.35,263.98
ORD-104125,2024-01-23,Abu Dhabi,Consumer,Office Supplies,Paper,1,0.0,46.64,19.59
ORD-101628,2024-01-23,Dubai,SMB,Technology,Laptops,7,0.2,5976.64,239.07
ORD-102390,2024-01-23,Dubai,Consumer,Furniture,Storage,6,0.0,1888.65,528.82
ORD-102307,2024-01-23,Abu Dhabi,Corporate,Office Supplies,Storage,8,0.1,410.59,147.81
ORD-101873,2024-01-23,Abu Dhabi,Consumer,Furniture,Chairs,5,0.3,3264.21,326.42
ORD-102123,2024-01-24,Northern Emirates,Consumer,Furniture,Bookcases,6,0.15,3619.96,687.79
ORD-101013,2024-01-24,Abu Dhabi,SMB,Office Supplies,Binders,8,0.15,363.85,120.07
ORD-100818,2024-01-24,Dubai,Corporate,Technology,Monitors,4,0.1,1712.62,171.26
ORD-103230,2024-01-24,Dubai,SMB,Office Supplies,Storage,4,0.0,65.82,27.64
ORD-105441,2024-01-24,Dubai,Corporate,Technology,Phones,5,0.0,3434.27,549.48
ORD-102363,2024-01-24,Northern Emirates,Consumer,Technology,Monitors,1,0.0,514.23,82.28
ORD-100392,2024-01-24,Abu Dhabi,Consumer,Technology,Laptops,2,0.1,754.97,75.5
ORD-104102,2024-01-24,Dubai,Consumer,Technology,Laptops,2,0.15,793.44,55.54
ORD-104352,2024-01-25,Dubai,Consumer,Office Supplies,Paper,7,0.0,386.17,162.19
ORD-103524,2024-01-25,Abu Dhabi,SMB,Technology,Accessories,7,0.15,5924.67,414.73
ORD-102583,2024-01-25,Northern Emirates,Consumer,Furniture,Tables,4,0.3,1285.11,128.51
ORD-101142,2024-01-25,Abu Dhabi,Corporate,Technology,Laptops,1,0.0,624.57,99.93
ORD-102100,2024-01-25,Abu Dhabi,Consumer,Office Supplies,Paper,3,0.1,124.48,44.81
ORD-105011,2024-01-25,Dubai,Consumer,Furniture,Bookcases,6,0.15,48.0,9.12
ORD-101756,2024-01-25,Abu Dhabi,Corporate,Office Supplies,Binders,2,0.3,70.74,16.98
ORD-102968,2024-01-25,Abu Dhabi,Consumer,Furniture,Tables,6,0.0,4085.03,1143.81
ORD-102139,2024-01-25,Abu Dhabi,SMB,Office Supplies,Binders,6,0.15,276.09,91.11
ORD-102436,2024-01-25,Dubai,Corporate,Technology,Accessories,8,0.0,5834.3,933.49
ORD-100695,2024-01-25,Dubai,Corporate,Furniture,Bookcases,4,0.3,1443.65,144.37
ORD-104228,2024-01-26,Abu Dhabi,Consumer,Furniture,Bookcases,4,0.0,2328.12,651.87
ORD-103192,2024-01-26,Abu Dhabi,Consumer,Furniture,Bookcases,4,0.0,2182.72,611.16
ORD-102795,2024-01-26,Dubai,SMB,Technology,Laptops,8,0.1,6964.1,696.41
ORD-102809,2024-01-26,Dubai,SMB,Technology,Monitors,3,0.0,1654.6,264.74
ORD-100839,2024-01-26,Abu Dhabi,Consumer,Technology,Laptops,2,0.2,1006.93,40.28
ORD-102219,2024-01-26,Northern Emirates,Corporate,Furniture,Tables,2,0.0,1017.14,284.8
ORD-101719,2024-01-26,Dubai,SMB,Furniture,Bookcases,4,0.3,182.19,18.22
ORD-104233,2024-01-26,Abu Dhabi,Consumer,Office Supplies,Storage,8,0.1,64.0,23.04
ORD-104205,2024-01-26,Dubai,Consumer,Technology,Phones,7,0.1,4130.24,413.02
ORD-100218,2024-01-26,Abu Dhabi,SMB,Furniture,Tables,6,0.0,3335.27,933.88
ORD-104665,2024-01-26,Dubai,SMB,Technology,Monitors,3,0.0,2612.13,417.94
ORD-100330,2024-01-26,Sharjah,Consumer,Technology,Phones,1,0.2,438.05,17.52
ORD-105287,2024-01-27,Northern Emirates,Corporate,Office Supplies,Storage,2,0.0,87.13,36.59
ORD-104611,2024-01-27,Dubai,Consumer,Office Supplies,Pens,1,0.15,27.66,9.13
ORD-100275,2024-01-27,Sharjah,Corporate,Technology,Monitors,4,0.1,4690.67,469.07
ORD-105611,2024-01-27,Sharjah,SMB,Office Supplies,Pens,5,0.2,132.61,39.78
ORD-104746,2024-01-27,Abu Dhabi,SMB,Technology,Laptops,3,0.1,721.97,72.2
ORD-105079,2024-01-27,Dubai,SMB,Furniture,Bookcases,2,0.1,1005.46,221.2
ORD-103630,2024-01-27,Northern Emirates,Consumer,Furniture,Chairs,5,0.0,2072.84,580.4
ORD-102033,2024-01-27,Abu Dhabi,Corporate,Technology,Accessories,3,0.0,1373.17,219.71
ORD-101954,2024-01-27,Dubai,SMB,Technology,Monitors,3,0.15,2444.74,171.13
ORD-103821,2024-01-28,Dubai,Corporate,Furniture,Chairs,2,0.15,490.47,93.19
ORD-104371,2024-01-28,Dubai,Consumer,Technology,Laptops,5,0.0,3960.15,633.62
ORD-101294,2024-01-28,Sharjah,SMB,Furniture,Tables,7,0.3,258.01,25.8
ORD-101125,2024-01-28,Dubai,Consumer,Furniture,Chairs,1,0.0,576.43,161.4
ORD-105020,2024-01-28,Northern Emirates,Consumer,Furniture,Storage,4,0.15,202.61,38.5
ORD-100282,2024-01-28,Abu Dhabi,Consumer,Office Supplies,Binders,8,0.0,186.21,78.21
ORD-103609,2024-01-29,Abu Dhabi,Corporate,Office Supplies,Paper,3,0.0,83.11,34.91
ORD-102950,2024-01-29,Abu Dhabi,Corporate,Furniture,Chairs,6,0.0,3194.72,894.52
ORD-100149,2024-01-29,Dubai,Consumer,Technology,Accessories,4,0.0,3017.02,482.72
ORD-102242,2024-01-29,Dubai,Consumer,Technology,Monitors,4,0.0,3597.7,575.63
ORD-101533,2024-01-29,Northern Emirates,Consumer,Furniture,Tables,5,0.15,1566.57,297.65
ORD-103668,2024-01-29,Northern Emirates,Consumer,Technology,Accessories,4,0.0,3491.21,558.59
ORD-101173,2024-01-29,Abu Dhabi,SMB,Office Supplies,Storage,6,0.0,198.45,83.35
ORD-102923,2024-01-29,Northern Emirates,Corporate,Furniture,Bookcases,7,0.15,1619.3,307.67
ORD-100316,2024-01-29,Abu Dhabi,SMB,Furniture,Bookcases,8,0.15,5609.55,1065.81
ORD-100020,2024-01-30,Abu Dhabi,Consumer,Technology,Monitors,5,0.0,4279.14,684.66
ORD-105530,2024-01-30,Dubai,Consumer,Technology,Phones,3,0.15,2548.94,178.43
ORD-102847,2024-01-30,Dubai,Corporate,Technology,Accessories,8,0.15,2520.67,176.45
ORD-100397,2024-01-30,Dubai,Corporate,Office Supplies,Binders,1,0.15,47.55,15.69
ORD-101990,2024-01-30,Dubai,Consumer,Technology,Phones,6,0.0,4117.1,658.74
ORD-101886,2024-01-30,Abu Dhabi,Consumer,Office Supplies,Pens,6,0.0,205.96,86.5
ORD-103890,2024-01-31,Sharjah,Consumer,Furniture,Chairs,8,0.3,1946.1,194.61
ORD-105768,2024-01-31,Dubai,Consumer,Office Supplies,Pens,3,0.0,143.43,60.24
ORD-100294,2024-01-31,Northern Emirates,Consumer,Technology,Phones,5,0.1,2956.66,295.67
ORD-104346,2024-01-31,Dubai,Consumer,Office Supplies,Storage,5,0.0,254.5,106.89
ORD-100965,2024-01-31,Dubai,Corporate,Furniture,Bookcases,5,0.2,1971.0,315.36
ORD-102489,2024-01-31,Northern Emirates,SMB,Furniture,Chairs,7,0.15,2352.15,446.91
ORD-104768,2024-01-31,Dubai,Corporate,Technology,Laptops,1,0.0,452.86,72.46
ORD-105716,2024-01-31,Abu Dhabi,Consumer,Technology,Phones,8,0.0,5226.25,836.2
ORD-102513,2024-01-31,Sharjah,Consumer,Office Supplies,Pens,7,0.15,354.28,116.91
ORD-105010,2024-02-01,Dubai,Consumer,Office Supplies,Storage,8,0.0,193.95,81.46
ORD-100857,2024-02-01,Sharjah,Consumer,Furniture,Chairs,3,0.1,1150.28,253.06
ORD-101732,2024-02-01,Northern Emirates,Consumer,Office Supplies,Pens,2,0.2,63.98,19.19
ORD-103562,2024-02-01,Sharjah,Consumer,Office Supplies,Binders,5,0.0,151.96,63.82
ORD-100435,2024-02-01,Abu Dhabi,Corporate,Furniture,Chairs,2,0.0,1581.42,442.8
ORD-100241,2024-02-01,Dubai,Corporate,Technology,Laptops,7,0.0,4102.93,656.47
ORD-101733,2024-02-01,Abu Dhabi,Consumer,Technology,Accessories,4,0.15,2091.18,146.38
ORD-101558,2024-02-01,Northern Emirates,SMB,Technology,Phones,3,0.1,1990.0,199.0
ORD-105090,2024-02-01,Abu Dhabi,Consumer,Office Supplies,Storage,5,0.15,319.86,105.55
ORD-101759,2024-02-01,Dubai,Consumer,Office Supplies,Storage,7,0.2,301.2,90.36
ORD-105855,2024-02-01,Sharjah,Corporate,Technology,Laptops,5,0.15,2168.25,151.78
ORD-105147,2024-02-01,Abu Dhabi,SMB,Office Supplies,Pens,7,0.0,216.64,90.99
ORD-104232,2024-02-01,Abu Dhabi,Corporate,Technology,Laptops,1,0.1,173.54,17.35
ORD-104776,2024-02-02,Sharjah,Corporate,Office Supplies,Binders,6,0.0,115.14,48.36
ORD-105574,2024-02-02,Abu Dhabi,Corporate,Furniture,Bookcases,5,0.1,1563.23,343.91
ORD-103391,2024-02-02,Dubai,Consumer,Office Supplies,Pens,2,0.0,20.36,8.55
ORD-102364,2024-02-02,Sharjah,Consumer,Office Supplies,Binders,4,0.15,291.67,96.25
ORD-103529,2024-02-02,Abu Dhabi,Corporate,Office Supplies,Pens,1,0.15,45.5,15.01
ORD-105105,2024-02-02,Dubai,Corporate,Furniture,Storage,4,0.0,1302.17,364.61
ORD-104800,2024-02-02,Sharjah,Consumer,Technology,Accessories,7,0.0,2644.94,423.19
ORD-103732,2024-02-02,Sharjah,Consumer,Furniture,Bookcases,6,0.1,1988.04,437.37
ORD-104831,2024-02-03,Sharjah,Consumer,Technology,Phones,3,0.2,1611.99,64.48
ORD-101894,2024-02-03,Dubai,Consumer,Furniture,Bookcases,6,0.0,2048.44,573.56
ORD-105260,2024-02-03,Dubai,SMB,Technology,Laptops,7,0.1,2956.63,295.66
ORD-103334,2024-02-03,Abu Dhabi,Consumer,Technology,Laptops,6,0.0,3344.96,535.19
ORD-100992,2024-02-03,Sharjah,Consumer,Technology,Laptops,8,0.0,3783.98,605.44
ORD-104869,2024-02-03,Abu Dhabi,Corporate,Technology,Accessories,5,0.0,2162.53,346.0
ORD-102627,2024-02-03,Abu Dhabi,Consumer,Office Supplies,Pens,8,0.2,65.8,19.74
ORD-103416,2024-02-03,Abu Dhabi,Consumer,Technology,Accessories,7,0.15,4079.04,285.53
ORD-105351,2024-02-04,Abu Dhabi,Consumer,Technology,Laptops,2,0.15,2221.9,155.53
ORD-103629,2024-02-04,Dubai,Consumer,Technology,Laptops,7,0.1,4276.71,427.67
ORD-102594,2024-02-04,Dubai,Consumer,Furniture,Bookcases,5,0.0,1798.62,503.61
ORD-102007,2024-02-04,Abu Dhabi,SMB,Office Supplies,Storage,4,0.15,207.06,68.33
ORD-100324,2024-02-04,Abu Dhabi,Consumer,Office Supplies,Binders,8,0.0,359.95,151.18
ORD-100895,2024-02-04,Abu Dhabi,Consumer,Office Supplies,Paper,5,0.1,187.8,67.61
ORD-104111,2024-02-04,Sharjah,Corporate,Furniture,Bookcases,6,0.0,3328.92,932.1
ORD-103068,2024-02-04,Sharjah,SMB,Technology,Laptops,7,0.2,4521.09,180.84
ORD-105987,2024-02-04,Northern Emirates,Consumer,Office Supplies,Binders,7,0.0,467.16,196.21
ORD-104016,2024-02-04,Dubai,Consumer,Furniture,Tables,8,0.0,4144.56,1160.48
ORD-105201,2024-02-04,Abu Dhabi,SMB,Office Supplies,Binders,4,0.3,297.16,71.32
ORD-103277,2024-02-04,Dubai,Corporate,Technology,Laptops,5,0.0,3787.63,606.02
ORD-101261,2024-02-04,Abu Dhabi,Consumer,Furniture,Storage,7,0.3,2899.46,289.95
ORD-104340,2024-02-04,Dubai,Corporate,Technology,Laptops,6,0.0,2839.4,454.3
ORD-100059,2024-02-04,Dubai,Consumer,Furniture,Storage,2,0.2,949.74,151.96
ORD-102274,2024-02-05,Northern Emirates,Corporate,Technology,Laptops,4,0.1,2270.86,227.09
ORD-100511,2024-02-05,Sharjah,Consumer,Office Supplies,Paper,3,0.2,135.51,40.65
ORD-105396,2024-02-05,Dubai,SMB,Furniture,Storage,2,0.0,1147.25,321.23
ORD-104806,2024-02-05,Sharjah,Consumer,Office Supplies,Storage,2,0.0,100.77,42.32
ORD-104208,2024-02-05,Dubai,Consumer,Office Supplies,Pens,7,0.1,142.87,51.43
ORD-100133,2024-02-05,Northern Emirates,Consumer,Office Supplies,Pens,3,0.15,114.03,37.63
ORD-103347,2024-02-05,Dubai,Corporate,Technology,Accessories,8,0.0,4159.67,665.55
ORD-105912,2024-02-05,Dubai,Corporate,Office Supplies,Paper,1,0.15,47.55,15.69
ORD-104712,2024-02-05,Dubai,SMB,Furniture,Chairs,5,0.2,1145.52,183.28
ORD-100552,2024-02-06,Abu Dhabi,Consumer,Technology,Accessories,5,0.0,3423.73,547.8
ORD-101022,2024-02-06,Dubai,Corporate,Furniture,Chairs,3,0.15,1372.92,260.85
ORD-104036,2024-02-06,Dubai,Consumer,Technology,Accessories,6,0.15,3093.32,216.53
ORD-105442,2024-02-06,Dubai,Consumer,Technology,Accessories,1,0.0,812.39,129.98
ORD-102834,2024-02-06,Northern Emirates,Consumer,Technology,Phones,6,0.1,4468.05,446.81
ORD-104711,2024-02-06,Abu Dhabi,Corporate,Furniture,Storage,3,0.2,785.59,125.69
ORD-100862,2024-02-06,Dubai,Corporate,Technology,Laptops,5,0.0,3393.23,542.92
ORD-105505,2024-02-06,Sharjah,Consumer,Technology,Accessories,1,0.15,569.65,39.88
ORD-102439,2024-02-06,Dubai,Corporate,Technology,Laptops,6,0.1,5183.48,518.35
ORD-105062,2024-02-06,Abu Dhabi,Consumer,Office Supplies,Paper,6,0.15,349.26,115.26
ORD-104879,2024-02-06,Northern Emirates,Consumer,Furniture,Storage,7,0.1,2111.95,464.63
ORD-105955,2024-02-06,Abu Dhabi,Consumer,Office Supplies,Pens,5,0.0,173.3,72.79
ORD-104032,2024-02-06,Dubai,SMB,Furniture,Storage,3,0.1,1195.63,263.04
ORD-101968,2024-02-07,Sharjah,Consumer,Technology,Accessories,4,0.1,1693.01,169.3
ORD-101023,2024-02-07,Dubai,SMB,Furniture,Storage,6,0.0,1932.5,541.1
ORD-105711,2024-02-07,Abu Dhabi,Consumer,Office Supplies,Paper,6,0.0,132.84,55.79
ORD-101064,2024-02-07,Dubai,Consumer,Furniture,Chairs,1,0.1,635.06,139.71
ORD-102009,2024-02-08,Dubai,SMB,Technology,Accessories,4,0.2,3461.61,138.46
ORD-100008,2024-02-08,Dubai,Corporate,Furniture,Storage,7,0.0,1737.4,486.47
ORD-105162,2024-02-08,Abu Dhabi,SMB,Office Supplies,Paper,6,0.2,375.18,112.55
ORD-103519,2024-02-08,Abu Dhabi,SMB,Furniture,Tables,2,0.0,421.32,117.97
ORD-105737,2024-02-08,Northern Emirates,Consumer,Technology,Laptops,7,0.0,4541.48,726.64
ORD-105481,2024-02-08,Abu Dhabi,Corporate,Technology,Laptops,4,0.1,2587.35,258.74
ORD-103383,2024-02-08,Dubai,Consumer,Furniture,Bookcases,6,0.15,2440.27,463.65
ORD-103863,2024-02-08,Abu Dhabi,Consumer,Technology,Laptops,2,0.0,1533.28,245.32
ORD-105300,2024-02-08,Northern Emirates,Corporate,Office Supplies,Paper,2,0.0,76.25,32.02
ORD-103725,2024-02-08,Dubai,Corporate,Furniture,Bookcases,2,0.2,856.13,136.98
ORD-101716,2024-02-08,Abu Dhabi,Consumer,Technology,Accessories,6,0.15,5288.1,370.17
ORD-104210,2024-02-08,Abu Dhabi,Corporate,Furniture,Storage,8,0.1,2505.3,551.17
ORD-105113,2024-02-09,Abu Dhabi,SMB,Furniture,Storage,6,0.3,3205.78,320.58
ORD-105991,2024-02-09,Sharjah,SMB,Technology,Laptops,7,0.1,5119.71,511.97
ORD-103024,2024-02-09,Abu Dhabi,Consumer,Office Supplies,Storage,5,0.0,198.01,83.16
ORD-101631,2024-02-10,Dubai,Consumer,Office Supplies,Paper,3,0.0,134.14,56.34
ORD-101485,2024-02-10,Dubai,Corporate,Office Supplies,Binders,2,0.0,16.0,6.72
ORD-103726,2024-02-10,Dubai,SMB,Furniture,Tables,4,0.0,1146.43,321.0
ORD-100419,2024-02-11,Dubai,Consumer,Technology,Laptops,4,0.0,1368.86,219.02
ORD-102770,2024-02-11,Abu Dhabi,Corporate,Furniture,Chairs,8,0.0,5034.4,1409.63
ORD-105946,2024-02-11,Dubai,Corporate,Furniture,Tables,6,0.1,4049.24,890.83
ORD-104815,2024-02-11,Dubai,SMB,Technology,Accessories,5,0.15,4184.98,292.95
ORD-103013,2024-02-11,Dubai,Consumer,Technology,Monitors,4,0.15,2324.76,162.73
ORD-105580,2024-02-11,Northern Emirates,Consumer,Furniture,Bookcases,5,0.0,3134.54,877.67
ORD-104604,2024-02-12,Sharjah,Consumer,Furniture,Bookcases,8,0.15,2544.23,483.4
ORD-105969,2024-02-12,Dubai,Consumer,Furniture,Chairs,4,0.0,1852.41,518.67
ORD-104035,2024-02-12,Dubai,Consumer,Office Supplies,Pens,3,0.0,129.62,54.44
ORD-100377,2024-02-12,Dubai,Consumer,Office Supplies,Paper,8,0.2,501.03,150.31
ORD-105590,2024-02-12,Dubai,Consumer,Technology,Monitors,4,0.1,2891.67,289.17
ORD-103254,2024-02-12,Abu Dhabi,Corporate,Furniture,Chairs,8,0.15,2495.84,474.21
ORD-102652,2024-02-12,Sharjah,Consumer,Technology,Phones,5,0.0,4397.38,703.58
ORD-100650,2024-02-13,Abu Dhabi,Corporate,Office Supplies,Binders,8,0.0,456.18,191.6
ORD-100678,2024-02-13,Abu Dhabi,Consumer,Technology,Phones,2,0.15,1188.93,83.23
ORD-104146,2024-02-13,Sharjah,Consumer,Technology,Monitors,4,0.0,3494.45,559.11
ORD-103576,2024-02-13,Abu Dhabi,Consumer,Technology,Monitors,5,0.0,3636.27,581.8
ORD-103326,2024-02-13,Dubai,SMB,Furniture,Tables,2,0.2,798.48,127.76
ORD-104844,2024-02-13,Sharjah,Corporate,Furniture,Chairs,2,0.1,1154.57,254.01
ORD-101409,2024-02-13,Sharjah,SMB,Technology,Monitors,5,0.3,3377.4,-67.55
ORD-105338,2024-02-13,Sharjah,SMB,Furniture,Bookcases,8,0.0,3507.85,982.2
ORD-104840,2024-02-13,Sharjah,Consumer,Office Supplies,Pens,1,0.15,32.73,10.8
ORD-102521,2024-02-14,Sharjah,SMB,Office Supplies,Binders,3,0.2,167.69,50.31
ORD-100416,2024-02-14,Abu Dhabi,Corporate,Office Supplies,Paper,1,0.2,38.34,11.5
ORD-100414,2024-02-14,Sharjah,Corporate,Technology,Accessories,3,0.1,1499.06,149.91
ORD-105557,2024-02-14,Abu Dhabi,Consumer,Furniture,Bookcases,6,0.0,2457.81,688.19
ORD-104527,2024-02-14,Dubai,Consumer,Technology,Monitors,2,0.3,1689.4,-33.79
ORD-102124,2024-02-14,Dubai,SMB,Office Supplies,Binders,7,0.0,327.37,137.5
ORD-103075,2024-02-14,Dubai,Consumer,Furniture,Bookcases,5,0.3,2460.62,246.06
ORD-105829,2024-02-14,Dubai,Consumer,Furniture,Storage,7,0.15,1383.14,262.8
ORD-100558,2024-02-14,Northern Emirates,Consumer,Office Supplies,Storage,8,0.0,477.17,200.41
ORD-104370,2024-02-15,Abu Dhabi,Consumer,Furniture,Storage,6,0.1,2073.65,456.2
ORD-105952,2024-02-15,Dubai,SMB,Furniture,Tables,4,0.1,2115.52,465.41
ORD-105312,2024-02-15,Abu Dhabi,Corporate,Technology,Monitors,6,0.0,3300.62,528.1
ORD-105085,2024-02-16,Sharjah,Consumer,Furniture,Chairs,5,0.1,2678.21,589.21
ORD-100875,2024-02-16,Dubai,Corporate,Technology,Monitors,8,0.3,4866.25,-97.32
ORD-104932,2024-02-16,Abu Dhabi,Consumer,Furniture,Tables,4,0.0,2200.76,616.21
ORD-104432,2024-02-16,Dubai,Corporate,Technology,Phones,6,0.15,6816.94,477.19
ORD-102160,2024-02-16,Northern Emirates,Consumer,Office Supplies,Pens,4,0.1,85.76,30.87
ORD-102178,2024-02-16,Abu Dhabi,Consumer,Office Supplies,Paper,4,0.0,251.57,105.66
ORD-103869,2024-02-16,Abu Dhabi,Consumer,Furniture,Tables,1,0.2,514.8,82.37
ORD-103952,2024-02-16,Dubai,Consumer,Technology,Laptops,8,0.0,5739.73,918.36
ORD-101855,2024-02-17,Sharjah,Consumer,Technology,Accessories,5,0.3,2541.21,-50.82
ORD-105266,2024-02-17,Dubai,Consumer,Office Supplies,Paper,3,0.3,146.99,35.28
ORD-100336,2024-02-17,Sharjah,Corporate,Technology,Monitors,8,0.0,6645.38,1063.26
ORD-101754,2024-02-17,Abu Dhabi,Consumer,Technology,Monitors,4,0.0,2483.9,397.42
ORD-104996,2024-02-17,Dubai,SMB,Technology,Accessories,5,0.0,3724.11,595.86
ORD-105353,2024-02-17,Sharjah,Consumer,Furniture,Bookcases,1,0.3,191.05,19.11
ORD-104631,2024-02-17,Abu Dhabi,Consumer,Technology,Monitors,7,0.0,4446.25,711.4
ORD-103312,2024-02-17,Abu Dhabi,Corporate,Technology,Monitors,2,0.1,537.22,53.72
ORD-104938,2024-02-17,Abu Dhabi,SMB,Technology,Accessories,7,0.1,3395.58,339.56
ORD-103792,2024-02-18,Sharjah,Corporate,Technology,Laptops,8,0.15,3612.36,252.87
ORD-102971,2024-02-18,Dubai,Corporate,Furniture,Bookcases,8,0.1,3303.52,726.77
ORD-101622,2024-02-18,Dubai,Consumer,Technology,Monitors,3,0.0,789.86,126.38
ORD-102906,2024-02-18,Abu Dhabi,Corporate,Office Supplies,Storage,5,0.1,184.9,66.56
ORD-104734,2024-02-18,Dubai,Consumer,Office Supplies,Pens,7,0.15,201.89,66.62
ORD-103294,2024-02-19,Dubai,Corporate,Furniture,Bookcases,2,0.2,959.62,153.54
ORD-103401,2024-02-19,Dubai,Consumer,Office Supplies,Binders,4,0.0,117.32,49.27
ORD-102764,2024-02-19,Northern Emirates,Corporate,Furniture,Tables,6,0.2,1977.46,316.39
ORD-101745,2024-02-19,Abu Dhabi,SMB,Office Supplies,Binders,3,0.15,77.1,25.44
ORD-104991,2024-02-19,Abu Dhabi,Corporate,Office Supplies,Paper,5,0.15,270.62,89.3
ORD-104743,2024-02-19,Dubai,SMB,Furniture,Storage,3,0.15,1162.8,220.93
ORD-104913,2024-02-19,Sharjah,Consumer,Furniture,Tables,6,0.0,3524.0,986.72
ORD-102752,2024-02-19,Abu Dhabi,Corporate,Furniture,Tables,3,0.3,1426.03,142.6
ORD-104523,2024-02-19,Abu Dhabi,SMB,Furniture,Chairs,8,0.0,1967.58,550.92
ORD-101472,2024-02-19,Dubai,Consumer,Furniture,Tables,5,0.3,1852.86,185.29
ORD-101856,2024-02-19,Dubai,Corporate,Furniture,Tables,7,0.1,4654.71,1024.04
ORD-101201,2024-02-19,Abu Dhabi,SMB,Office Supplies,Storage,5,0.2,314.14,94.24
ORD-102099,2024-02-19,Northern Emirates,Corporate,Office Supplies,Pens,3,0.0,183.74,77.17
ORD-104333,2024-02-19,Sharjah,Consumer,Office Supplies,Pens,4,0.15,210.97,69.62
ORD-103738,2024-02-20,Abu Dhabi,Corporate,Office Supplies,Pens,3,0.0,191.99,80.64
ORD-101937,2024-02-20,Abu Dhabi,Corporate,Technology,Phones,6,0.15,3258.99,228.13
ORD-104852,2024-02-20,Dubai,Corporate,Technology,Accessories,2,0.2,698.39,27.94
ORD-105303,2024-02-20,Sharjah,Consumer,Furniture,Chairs,2,0.0,469.03,131.33
ORD-103672,2024-02-20,Sharjah,Corporate,Office Supplies,Pens,1,0.1,52.86,19.03
ORD-101043,2024-02-20,Abu Dhabi,Corporate,Office Supplies,Storage,8,0.0,441.88,185.59
ORD-102509,2024-02-20,Abu Dhabi,Corporate,Technology,Laptops,4,0.1,1473.64,147.36
ORD-102580,2024-02-20,Sharjah,Consumer,Office Supplies,Pens,8,0.0,252.36,105.99
ORD-103066,2024-02-21,Dubai,Consumer,Technology,Accessories,1,0.0,999.55,159.93
ORD-100256,2024-02-21,Dubai,Corporate,Technology,Phones,5,0.0,3013.94,482.23
ORD-102267,2024-02-21,Northern Emirates,Corporate,Technology,Accessories,4,0.15,1695.78,118.7
ORD-103048,2024-02-21,Dubai,Consumer,Technology,Laptops,7,0.0,1350.63,216.1
ORD-100772,2024-02-21,Dubai,Consumer,Furniture,Chairs,1,0.15,506.82,96.3
ORD-102926,2024-02-21,Northern Emirates,Consumer,Furniture,Chairs,3,0.0,1214.03,339.93
ORD-102253,2024-02-21,Northern Emirates,Consumer,Technology,Laptops,7,0.0,1905.29,304.85
ORD-102355,2024-02-21,Sharjah,Consumer,Office Supplies,Binders,3,0.0,126.01,52.92
ORD-102047,2024-02-21,Dubai,SMB,Furniture,Tables,5,0.15,2790.61,530.22
ORD-102325,2024-02-21,Northern Emirates,Corporate,Office Supplies,Binders,5,0.0,214.26,89.99
ORD-105373,2024-02-22,Dubai,SMB,Furniture,Tables,2,0.15,800.41,152.08
ORD-103994,2024-02-22,Sharjah,Consumer,Technology,Phones,4,0.0,5084.38,813.5
ORD-102073,2024-02-22,Dubai,Consumer,Office Supplies,Paper,8,0.0,486.08,204.15
ORD-100484,2024-02-22,Northern Emirates,Consumer,Technology,Accessories,7,0.1,56.0,5.6
ORD-101492,2024-02-22,Dubai,Corporate,Furniture,Tables,6,0.15,1849.56,351.42
ORD-102173,2024-02-22,Northern Emirates,Consumer,Technology,Phones,2,0.15,1223.88,85.67
ORD-101423,2024-02-22,Northern Emirates,SMB,Technology,Monitors,4,0.1,3194.31,319.43
ORD-102433,2024-02-23,Abu Dhabi,Consumer,Office Supplies,Paper,4,0.3,167.02,40.08
ORD-100468,2024-02-23,Abu Dhabi,Consumer,Furniture,Storage,8,0.3,3668.04,366.8
ORD-105866,2024-02-23,Northern Emirates,Consumer,Technology,Laptops,3,0.3,1223.75,-24.47
ORD-104240,2024-02-23,Abu Dhabi,Corporate,Technology,Monitors,1,0.15,277.52,19.43
ORD-101599,2024-02-23,Dubai,Consumer,Furniture,Chairs,6,0.2,2612.43,417.99
ORD-101753,2024-02-23,Dubai,Corporate,Office Supplies,Binders,5,0.0,207.48,87.14
ORD-102644,2024-02-23,Northern Emirates,Consumer,Technology,Monitors,6,0.15,5068.91,354.82
ORD-103136,2024-02-23,Abu Dhabi,SMB,Technology,Accessories,2,0.2,1120.07,44.8
ORD-105633,2024-02-24,Dubai,Consumer,Furniture,Storage,8,0.2,4897.48,783.6
ORD-100479,2024-02-24,Dubai,SMB,Office Supplies,Pens,2,0.0,165.9,69.68
ORD-103856,2024-02-24,Dubai,Consumer,Office Supplies,Paper,8,0.1,201.83,72.66
ORD-102741,2024-02-24,Abu Dhabi,Corporate,Technology,Phones,3,0.0,2220.02,355.2
ORD-103270,2024-02-24,Abu Dhabi,Consumer,Technology,Accessories,6,0.0,2635.31,421.65
ORD-100518,2024-02-24,Sharjah,Consumer,Office Supplies,Storage,1,0.0,40.75,17.11
ORD-101123,2024-02-24,Northern Emirates,Consumer,Technology,Accessories,3,0.2,2465.51,98.62
ORD-104511,2024-02-24,Abu Dhabi,Consumer,Furniture,Chairs,6,0.15,1483.11,281.79
ORD-102774,2024-02-25,Dubai,Consumer,Technology,Phones,1,0.15,388.73,27.21
ORD-105536,2024-02-25,Dubai,Corporate,Office Supplies,Paper,6,0.0,202.43,85.02
ORD-103984,2024-02-25,Dubai,Corporate,Technology,Phones,2,0.0,656.21,104.99
ORD-100453,2024-02-25,Sharjah,Consumer,Furniture,Chairs,5,0.0,1808.32,506.33
ORD-104072,2024-02-25,Abu Dhabi,Consumer,Office Supplies,Binders,7,0.1,479.08,172.47
ORD-102790,2024-02-26,Dubai,Consumer,Office Supplies,Binders,8,0.15,329.62,108.77
ORD-103896,2024-02-26,Sharjah,SMB,Technology,Laptops,1,0.0,775.16,124.03
ORD-104954,2024-02-26,Dubai,Corporate,Furniture,Chairs,8,0.0,2568.02,719.05
ORD-104078,2024-02-26,Northern Emirates,SMB,Furniture,Storage,8,0.0,1929.83,540.35
ORD-105348,2024-02-26,Dubai,SMB,Office Supplies,Pens,2,0.0,75.84,31.85
ORD-104700,2024-02-26,Abu Dhabi,Consumer,Office Supplies,Storage,8,0.3,198.23,47.58
ORD-104075,2024-02-26,Abu Dhabi,Consumer,Office Supplies,Pens,2,0.1,76.85,27.67
ORD-105117,2024-02-26,Dubai,Corporate,Furniture,Tables,4,0.3,2182.42,218.24
ORD-105976,2024-02-27,Dubai,SMB,Technology,Monitors,8,0.0,2675.92,428.15
ORD-101244,2024-02-27,Sharjah,Consumer,Furniture,Storage,3,0.1,664.24,146.13
ORD-103424,2024-02-27,Abu Dhabi,Corporate,Office Supplies,Paper,1,0.0,53.3,22.39
ORD-101853,2024-02-27,Sharjah,SMB,Furniture,Chairs,7,0.0,2626.32,735.37
ORD-105507,2024-02-27,Abu Dhabi,Corporate,Technology,Accessories,5,0.0,4719.06,755.05
ORD-101617,2024-02-27,Dubai,SMB,Furniture,Chairs,3,0.3,1291.68,129.17
ORD-100031,2024-02-27,Abu Dhabi,Corporate,Technology,Monitors,7,0.1,4838.38,483.84
ORD-104292,2024-02-27,Abu Dhabi,SMB,Furniture,Chairs,6,0.1,2409.87,530.17
ORD-105295,2024-02-28,Dubai,Corporate,Technology,Laptops,1,0.15,778.12,54.47
ORD-101946,2024-02-28,Dubai,Consumer,Technology,Phones,7,0.1,4059.53,405.95
ORD-103278,2024-02-28,Abu Dhabi,SMB,Office Supplies,Binders,8,0.15,284.27,93.81
ORD-104792,2024-02-28,Northern Emirates,Consumer,Office Supplies,Storage,2,0.0,81.44,34.2
ORD-100768,2024-02-28,Dubai,Consumer,Office Supplies,Binders,5,0.15,197.48,65.17
ORD-104728,2024-02-29,Dubai,Corporate,Technology,Accessories,2,0.1,997.09,99.71
ORD-102616,2024-02-29,Abu Dhabi,Consumer,Technology,Accessories,4,0.15,3708.17,259.57
ORD-104225,2024-02-29,Dubai,Consumer,Furniture,Tables,6,0.1,1869.13,411.21
ORD-104128,2024-02-29,Sharjah,Consumer,Furniture,Tables,7,0.0,2657.68,744.15
ORD-103435,2024-02-29,Abu Dhabi,SMB,Furniture,Chairs,8,0.0,1868.27,523.12
ORD-103943,2024-02-29,Abu Dhabi,Corporate,Technology,Laptops,7,0.0,2696.22,431.4
ORD-100752,2024-02-29,Sharjah,Consumer,Technology,Phones,2,0.15,1186.54,83.06
ORD-100239,2024-02-29,Abu Dhabi,Consumer,Technology,Accessories,5,0.0,4372.2,699.55
ORD-102398,2024-03-01,Dubai,Corporate,Office Supplies,Storage,1,0.15,51.47,16.99
ORD-103868,2024-03-01,Sharjah,Consumer,Office Supplies,Paper,1,0.0,71.8,30.16
ORD-104966,2024-03-01,Abu Dhabi,Consumer,Technology,Monitors,5,0.0,3119.46,499.11
ORD-102350,2024-03-01,Dubai,Corporate,Furniture,Storage,3,0.0,2097.4,587.27
ORD-104915,2024-03-01,Abu Dhabi,Consumer,Technology,Monitors,4,0.15,2919.51,204.37
ORD-101548,2024-03-01,Sharjah,Consumer,Furniture,Storage,6,0.15,2567.96,487.91
ORD-104745,2024-03-01,Dubai,Corporate,Furniture,Storage,1,0.1,366.75,80.69
ORD-104031,2024-03-02,Abu Dhabi,SMB,Technology,Accessories,7,0.0,3656.41,585.03
ORD-103605,2024-03-02,Dubai,Consumer,Furniture,Storage,1,0.15,307.89,58.5
ORD-104855,2024-03-02,Sharjah,Consumer,Office Supplies,Storage,5,0.1,244.28,87.94
ORD-102787,2024-03-02,Abu Dhabi,Consumer,Office Supplies,Storage,2,0.3,80.09,19.22
ORD-105644,2024-03-02,Abu Dhabi,Consumer,Technology,Phones,5,0.3,2147.38,-42.95
ORD-104668,2024-03-02,Abu Dhabi,SMB,Technology,Accessories,1,0.1,506.2,50.62
ORD-103621,2024-03-02,Abu Dhabi,Corporate,Technology,Phones,5,0.0,3119.39,499.1
ORD-105586,2024-03-02,Abu Dhabi,Consumer,Furniture,Storage,2,0.1,637.42,140.23
ORD-100304,2024-03-02,Northern Emirates,Consumer,Furniture,Storage,8,0.0,4157.36,1164.06
ORD-105021,2024-03-02,Abu Dhabi,Consumer,Technology,Phones,3,0.2,1216.1,48.64
ORD-103810,2024-03-02,Dubai,Corporate,Furniture,Bookcases,6,0.2,2521.21,403.39
ORD-100640,2024-03-02,Dubai,Consumer,Office Supplies,Paper,7,0.1,277.61,99.94
ORD-103140,2024-03-03,Abu Dhabi,Corporate,Office Supplies,Paper,1,0.1,58.93,21.21
ORD-105668,2024-03-03,Dubai,SMB,Furniture,Chairs,8,0.15,3946.66,749.87
ORD-100642,2024-03-03,Dubai,Corporate,Furniture,Storage,5,0.3,342.48,34.25
ORD-105543,2024-03-03,Northern Emirates,SMB,Furniture,Tables,8,0.1,2257.14,496.57
ORD-101131,2024-03-03,Northern Emirates,Consumer,Technology,Monitors,3,0.1,2220.93,222.09
ORD-101763,2024-03-03,Abu Dhabi,Consumer,Furniture,Tables,6,0.2,1197.75,191.64
ORD-102144,2024-03-04,Dubai,Consumer,Technology,Accessories,7,0.0,6669.19,1067.07
ORD-100656,2024-03-04,Dubai,Corporate,Furniture,Bookcases,5,0.1,1746.16,384.16
ORD-105150,2024-03-04,Dubai,Consumer,Technology,Phones,2,0.0,1692.56,270.81
ORD-103917,2024-03-04,Abu Dhabi,Consumer,Technology,Accessories,5,0.1,3645.2,364.52
ORD-104600,2024-03-04,Dubai,SMB,Office Supplies,Binders,1,0.15,19.32,6.38
ORD-104101,2024-03-04,Dubai,Consumer,Technology,Laptops,6,0.1,3241.58,324.16
ORD-102689,2024-03-04,Northern Emirates,Consumer,Office Supplies,Storage,4,0.0,181.89,76.39
ORD-101025,2024-03-04,Abu Dhabi,Corporate,Technology,Phones,7,0.0,6938.79,1110.21
ORD-102640,2024-03-04,Abu Dhabi,Consumer,Technology,Monitors,3,0.0,2286.57,365.85
ORD-101359,2024-03-04,Sharjah,SMB,Technology,Laptops,1,0.2,624.05,24.96
ORD-105636,2024-03-04,Northern Emirates,SMB,Technology,Accessories,7,0.3,3082.68,-61.65
ORD-100560,2024-03-04,Dubai,SMB,Office Supplies,Storage,7,0.0,280.04,117.62
ORD-100760,2024-03-04,Dubai,Consumer,Furniture,Tables,7,0.3,3431.35,343.14
ORD-104460,2024-03-04,Sharjah,SMB,Office Supplies,Paper,6,0.2,135.13,40.54
ORD-102396,2024-03-05,Northern Emirates,Consumer,Furniture,Bookcases,2,0.0,1126.31,315.37
ORD-105741,2024-03-05,Sharjah,Corporate,Furniture,Bookcases,6,0.1,3404.37,748.96
ORD-103299,2024-03-05,Dubai,Consumer,Furniture,Tables,4,0.0,1115.43,312.32
ORD-103088,2024-03-05,Dubai,SMB,Office Supplies,Pens,7,0.15,506.58,167.17
ORD-102695,2024-03-05,Northern Emirates,Consumer,Office Supplies,Pens,7,0.0,591.56,248.46
ORD-101820,2024-03-05,Dubai,Consumer,Technology,Phones,8,0.2,3691.07,147.64
ORD-100704,2024-03-05,Abu Dhabi,Consumer,Office Supplies,Binders,2,0.1,58.99,21.24
ORD-102546,2024-03-05,Sharjah,Consumer,Technology,Laptops,2,0.0,1059.3,169.49
ORD-101077,2024-03-05,Dubai,Consumer,Technology,Phones,8,0.15,5758.28,403.08
ORD-104334,2024-03-05,Dubai,SMB,Furniture,Tables,7,0.0,1920.65,537.78
ORD-102070,2024-03-05,Dubai,Consumer,Furniture,Chairs,6,0.1,2341.39,515.11
ORD-100589,2024-03-06,Abu Dhabi,Consumer,Furniture,Chairs,1,0.1,434.5,95.59
ORD-105873,2024-03-06,Abu Dhabi,Consumer,Office Supplies,Paper,5,0.1,101.29,36.46
ORD-102311,2024-03-06,Abu Dhabi,SMB,Technology,Laptops,4,0.0,3440.22,550.44
ORD-102315,2024-03-06,Dubai,Consumer,Office Supplies,Binders,1,0.0,25.71,10.8
ORD-103974,2024-03-06,Abu Dhabi,Consumer,Office Supplies,Storage,2,0.0,59.32,24.91
ORD-104223,2024-03-06,Dubai,Corporate,Furniture,Tables,1,0.0,505.34,141.5
ORD-101999,2024-03-06,Dubai,Corporate,Office Supplies,Paper,6,0.0,373.88,157.03
ORD-100051,2024-03-06,Abu Dhabi,Corporate,Technology,Laptops,4,0.0,2106.73,337.08
ORD-105981,2024-03-06,Abu Dhabi,Consumer,Technology,Accessories,2,0.1,1755.88,175.59
ORD-100771,2024-03-07,Abu Dhabi,Corporate,Technology,Accessories,5,0.0,3942.86,630.86
ORD-100018,2024-03-07,Dubai,SMB,Technology,Laptops,1,0.0,710.24,113.64
ORD-102048,2024-03-07,Abu Dhabi,Consumer,Office Supplies,Pens,7,0.0,392.34,164.78
ORD-101102,2024-03-07,Northern Emirates,SMB,Furniture,Tables,3,0.1,1692.18,372.28
ORD-100979,2024-03-08,Abu Dhabi,SMB,Furniture,Storage,8,0.1,2725.24,599.55
ORD-105934,2024-03-08,Dubai,Consumer,Office Supplies,Paper,5,0.0,158.19,66.44
ORD-101498,2024-03-08,Abu Dhabi,Consumer,Furniture,Bookcases,7,0.0,3158.63,884.42
ORD-105052,2024-03-08,Dubai,SMB,Office Supplies,Storage,5,0.1,244.71,88.1
ORD-105760,2024-03-08,Sharjah,Corporate,Office Supplies,Paper,5,0.0,249.28,104.7
ORD-103832,2024-03-08,Abu Dhabi,Consumer,Technology,Monitors,6,0.15,4317.56,302.23
ORD-100632,2024-03-09,Dubai,SMB,Technology,Laptops,7,0.2,3441.54,137.66
ORD-105658,2024-03-09,Northern Emirates,SMB,Technology,Laptops,1,0.0,718.4,114.94
ORD-105817,2024-03-09,Dubai,Consumer,Office Supplies,Binders,6,0.3,155.75,37.38
ORD-102526,2024-03-09,Abu Dhabi,Consumer,Technology,Phones,7,0.0,4968.73,795.0
ORD-103745,2024-03-09,Dubai,Corporate,Office Supplies,Binders,4,0.3,113.17,27.16
ORD-100808,2024-03-09,Abu Dhabi,Consumer,Technology,Phones,5,0.0,3664.95,586.39
ORD-100334,2024-03-09,Dubai,Corporate,Furniture,Tables,4,0.0,2709.99,758.8
ORD-100698,2024-03-09,Sharjah,Consumer,Furniture,Tables,4,0.0,1949.57,545.88
ORD-104227,2024-03-09,Dubai,Consumer,Furniture,Tables,7,0.0,3448.9,965.69
ORD-104226,2024-03-10,Sharjah,Corporate,Technology,Phones,2,0.0,1003.7,160.59
ORD-101905,2024-03-10,Sharjah,SMB,Office Supplies,Binders,1,0.15,40.75,13.45
ORD-105627,2024-03-10,Dubai,SMB,Office Supplies,Storage,8,0.0,438.03,183.97
ORD-104138,2024-03-10,Dubai,Consumer,Technology,Phones,4,0.2,2519.8,100.79
ORD-102911,2024-03-10,Abu Dhabi,SMB,Technology,Phones,6,0.0,2905.17,464.83
ORD-105391,2024-03-10,Abu Dhabi,Consumer,Furniture,Tables,7,0.2,3504.74,560.76
ORD-100037,2024-03-10,Sharjah,Consumer,Furniture,Chairs,7,0.0,3326.62,931.45
ORD-104992,2024-03-11,Abu Dhabi,Corporate,Technology,Monitors,5,0.3,5047.62,-100.95
ORD-103971,2024-03-11,Dubai,SMB,Technology,Monitors,2,0.1,797.12,79.71
ORD-105662,2024-03-11,Abu Dhabi,SMB,Technology,Monitors,6,0.1,5055.62,505.56
ORD-105376,2024-03-11,Sharjah,Consumer,Furniture,Storage,4,0.1,1930.08,424.62
ORD-102519,2024-03-11,Northern Emirates,Corporate,Technology,Monitors,6,0.0,3864.18,618.27
ORD-105681,2024-03-12,Abu Dhabi,Consumer,Technology,Phones,1,0.0,1032.49,165.2
ORD-101328,2024-03-12,Sharjah,Consumer,Furniture,Tables,5,0.15,1738.95,330.4
ORD-100320,2024-03-12,Sharjah,Corporate,Office Supplies,Storage,3,0.1,61.47,22.13
ORD-105385,2024-03-12,Abu Dhabi,Consumer,Furniture,Bookcases,6,0.1,2858.95,628.97
ORD-101537,2024-03-12,Abu Dhabi,Consumer,Office Supplies,Binders,6,0.15,239.57,79.06
ORD-100022,2024-03-12,Sharjah,Corporate,Furniture,Storage,4,0.3,1811.41,181.14
ORD-101396,2024-03-12,Sharjah,SMB,Furniture,Tables,8,0.0,4552.39,1274.67
ORD-103881,2024-03-12,Abu Dhabi,Corporate,Furniture,Storage,2,0.1,907.24,199.59
ORD-101286,2024-03-12,Dubai,SMB,Furniture,Storage,4,0.2,1406.07,224.97
ORD-105792,2024-03-12,Abu Dhabi,Consumer,Office Supplies,Pens,1,0.1,23.37,8.41
ORD-100278,2024-03-12,Dubai,SMB,Office Supplies,Paper,5,0.0,202.15,84.9
ORD-102973,2024-03-12,Dubai,SMB,Technology,Phones,1,0.0,660.97,105.76
ORD-103934,2024-03-13,Dubai,Consumer,Furniture,Bookcases,5,0.2,1113.83,178.21
ORD-105098,2024-03-13,Sharjah,SMB,Technology,Monitors,7,0.0,56.0,8.96
ORD-104185,2024-03-13,Sharjah,Consumer,Technology,Laptops,8,0.15,5017.69,351.24
ORD-100140,2024-03-13,Dubai,Consumer,Office Supplies,Pens,2,0.0,92.54,38.87
ORD-103110,2024-03-13,Abu Dhabi,Consumer,Office Supplies,Pens,1,0.2,43.63,13.09
ORD-105474,2024-03-13,Abu Dhabi,Corporate,Technology,Monitors,1,0.2,496.97,19.88
ORD-105450,2024-03-13,Sharjah,Consumer,Technology,Laptops,3,0.0,2238.8,358.21
ORD-102034,2024-03-13,Abu Dhabi,Consumer,Office Supplies,Binders,1,0.1,18.5,6.66
ORD-101926,2024-03-13,Dubai,Consumer,Technology,Accessories,2,0.1,1611.43,161.14
ORD-101400,2024-03-13,Dubai,SMB,Office Supplies,Pens,2,0.15,131.39,43.36
ORD-105386,2024-03-13,Abu Dhabi,Consumer,Furniture,Tables,2,0.15,522.21,99.22
ORD-100438,2024-03-13,Dubai,Consumer,Technology,Accessories,7,0.15,5372.27,376.06
ORD-102348,2024-03-13,Abu Dhabi,Consumer,Furniture,Chairs,6,0.1,3526.0,775.72
ORD-103613,2024-03-13,Dubai,Corporate,Office Supplies,Binders,4,0.0,162.02,68.05
ORD-101246,2024-03-14,Abu Dhabi,Consumer,Technology,Accessories,6,0.0,3740.41,598.47
ORD-104978,2024-03-14,Dubai,Corporate,Furniture,Bookcases,6,0.1,2093.59,460.59
ORD-100902,2024-03-14,Sharjah,Consumer,Office Supplies,Paper,4,0.2,323.99,97.2
ORD-104327,2024-03-14,Sharjah,Consumer,Technology,Accessories,1,0.1,678.67,67.87
ORD-100737,2024-03-14,Dubai,SMB,Furniture,Bookcases,5,0.1,1720.4,378.49
ORD-101749,2024-03-15,Dubai,Corporate,Technology,Laptops,1,0.0,127.2,20.35
ORD-101223,2024-03-15,Dubai,Consumer,Furniture,Tables,5,0.1,2037.66,448.29
ORD-105118,2024-03-15,Sharjah,SMB,Technology,Laptops,5,0.0,3699.26,591.88
ORD-103960,2024-03-15,Sharjah,Corporate,Office Supplies,Binders,6,0.15,410.38,135.43
ORD-101168,2024-03-16,Dubai,Consumer,Technology,Laptops,7,0.1,3961.77,396.18
ORD-102206,2024-03-16,Northern Emirates,Consumer,Furniture,Chairs,5,0.0,2349.64,657.9
ORD-105366,2024-03-16,Dubai,Consumer,Technology,Monitors,3,0.1,2476.04,247.6
ORD-104740,2024-03-17,Dubai,Corporate,Furniture,Tables,6,0.3,1462.63,146.26
ORD-105460,2024-03-17,Sharjah,Corporate,Furniture,Storage,7,0.0,4864.96,1362.19
ORD-100763,2024-03-17,Northern Emirates,Corporate,Technology,Accessories,3,0.3,2549.9,-51.0
ORD-105502,2024-03-17,Dubai,Consumer,Office Supplies,Binders,1,0.3,28.11,6.75
ORD-105845,2024-03-17,Dubai,Consumer,Furniture,Storage,4,0.0,1328.57,372.0
ORD-102781,2024-03-17,Abu Dhabi,Corporate,Technology,Accessories,4,0.15,741.47,51.9
ORD-101652,2024-03-17,Dubai,SMB,Technology,Monitors,2,0.1,1444.44,144.44
ORD-101481,2024-03-17,Abu Dhabi,Consumer,Furniture,Bookcases,2,0.1,1199.74,263.94
ORD-105996,2024-03-17,Northern Emirates,Consumer,Office Supplies,Storage,4,0.15,220.52,72.77
ORD-103817,2024-03-18,Dubai,Consumer,Furniture,Storage,7,0.1,3744.81,823.86
ORD-105377,2024-03-18,Abu Dhabi,SMB,Furniture,Tables,8,0.0,4174.15,1168.76
ORD-101901,2024-03-18,Dubai,SMB,Furniture,Tables,6,0.0,3903.19,1092.89
ORD-101614,2024-03-18,Dubai,Consumer,Office Supplies,Paper,1,0.0,28.57,12.0
ORD-104104,2024-03-18,Abu Dhabi,Corporate,Furniture,Chairs,7,0.0,616.94,172.74
ORD-102709,2024-03-18,Abu Dhabi,SMB,Technology,Accessories,6,0.1,4852.19,485.22
ORD-105491,2024-03-18,Sharjah,SMB,Technology,Laptops,6,0.3,3869.46,-77.39
ORD-104688,2024-03-18,Sharjah,Consumer,Technology,Phones,5,0.0,2288.07,366.09
ORD-102677,2024-03-19,Northern Emirates,Consumer,Office Supplies,Storage,8,0.0,328.7,138.05
ORD-105533,2024-03-19,Sharjah,Consumer,Office Supplies,Storage,5,0.2,261.03,78.31
ORD-100365,2024-03-19,Abu Dhabi,Corporate,Technology,Accessories,8,0.3,5603.04,-112.06
ORD-100191,2024-03-19,Sharjah,Corporate,Technology,Monitors,4,0.1,2396.33,239.63
ORD-100045,2024-03-19,Abu Dhabi,Corporate,Furniture,Storage,3,0.0,1333.71,373.44
ORD-101271,2024-03-19,Abu Dhabi,Corporate,Furniture,Storage,1,0.0,485.98,136.07
ORD-105755,2024-03-19,Dubai,SMB,Office Supplies,Binders,5,0.15,278.38,91.87
ORD-100258,2024-03-19,Dubai,Consumer,Technology,Laptops,8,0.2,7576.93,303.08
ORD-104265,2024-03-19,Sharjah,Corporate,Technology,Accessories,1,0.1,617.6,61.76
ORD-100846,2024-03-19,Dubai,Corporate,Technology,Monitors,8,0.1,3867.67,386.77
ORD-103439,2024-03-19,Northern Emirates,Consumer,Office Supplies,Storage,7,0.0,503.55,211.49
ORD-104262,2024-03-20,Dubai,Corporate,Technology,Laptops,5,0.0,3066.96,490.71
ORD-100934,2024-03-20,Dubai,SMB,Technology,Accessories,5,0.0,2895.38,463.26
ORD-105803,2024-03-20,Sharjah,SMB,Technology,Laptops,7,0.3,3637.08,-72.74
ORD-104260,2024-03-20,Dubai,Consumer,Furniture,Storage,2,0.0,967.97,271.03
ORD-100148,2024-03-20,Dubai,Corporate,Technology,Monitors,4,0.0,4661.91,745.91
ORD-101962,2024-03-20,Dubai,Consumer,Office Supplies,Pens,2,0.0,102.23,42.94
ORD-103116,2024-03-20,Sharjah,Consumer,Technology,Laptops,2,0.0,710.37,113.66
ORD-100659,2024-03-20,Northern Emirates,SMB,Office Supplies,Storage,2,0.1,86.29,31.06
ORD-100160,2024-03-20,Dubai,Consumer,Technology,Accessories,7,0.0,2773.47,443.76
ORD-103749,2024-03-20,Dubai,Consumer,Office Supplies,Paper,7,0.1,293.91,105.81
ORD-102136,2024-03-20,Dubai,SMB,Technology,Phones,2,0.15,1119.76,78.38
ORD-104625,2024-03-21,Dubai,Consumer,Technology,Phones,2,0.15,1355.67,94.9
ORD-105875,2024-03-21,Sharjah,Consumer,Office Supplies,Storage,6,0.2,446.0,133.8
ORD-101877,2024-03-21,Abu Dhabi,Consumer,Technology,Monitors,6,0.0,3951.73,632.28
ORD-100325,2024-03-21,Sharjah,Consumer,Furniture,Bookcases,2,0.0,540.76,151.41
ORD-105772,2024-03-21,Sharjah,Corporate,Furniture,Bookcases,4,0.1,2333.0,513.26
ORD-104901,2024-03-21,Dubai,Consumer,Furniture,Chairs,5,0.1,2037.58,448.27
ORD-105320,2024-03-21,Northern Emirates,Consumer,Office Supplies,Storage,6,0.15,173.53,57.26
ORD-100669,2024-03-21,Dubai,Corporate,Office Supplies,Paper,2,0.0,96.09,40.36
ORD-101318,2024-03-22,Abu Dhabi,Corporate,Technology,Laptops,7,0.1,5747.99,574.8
ORD-102824,2024-03-22,Abu Dhabi,Consumer,Office Supplies,Binders,6,0.1,188.0,67.68
ORD-101035,2024-03-22,Northern Emirates,SMB,Technology,Laptops,1,0.1,629.31,62.93
ORD-105251,2024-03-23,Dubai,Corporate,Office Supplies,Pens,6,0.1,235.77,84.88
ORD-101553,2024-03-23,Abu Dhabi,Consumer,Furniture,Chairs,3,0.0,867.46,242.89
ORD-102260,2024-03-23,Dubai,Consumer,Office Supplies,Pens,6,0.0,345.72,145.2
ORD-102874,2024-03-23,Abu Dhabi,SMB,Office Supplies,Pens,8,0.2,112.34,33.7
ORD-102964,2024-03-23,Abu Dhabi,Consumer,Office Supplies,Binders,1,0.0,45.08,18.93
ORD-103904,2024-03-23,Dubai,Corporate,Technology,Monitors,2,0.0,1731.74,277.08
ORD-101521,2024-03-23,Dubai,Consumer,Office Supplies,Storage,2,0.1,105.9,38.12
ORD-101738,2024-03-23,Abu Dhabi,Consumer,Furniture,Tables,4,0.1,2096.2,461.16
ORD-100945,2024-03-24,Northern Emirates,Corporate,Technology,Accessories,8,0.0,5866.77,938.68
ORD-102339,2024-03-24,Dubai,SMB,Furniture,Tables,1,0.2,380.64,60.9
ORD-104097,2024-03-24,Dubai,SMB,Furniture,Tables,5,0.0,2130.88,596.65
ORD-105696,2024-03-24,Abu Dhabi,Consumer,Technology,Phones,2,0.0,1587.93,254.07
ORD-102910,2024-03-24,Dubai,SMB,Office Supplies,Pens,2,0.1,66.33,23.88
ORD-104989,2024-03-24,Abu Dhabi,Corporate,Office Supplies,Pens,6,0.2,304.13,91.24
ORD-103759,2024-03-24,Sharjah,Corporate,Office Supplies,Paper,8,0.0,365.86,153.66
ORD-100754,2024-03-24,Dubai,Consumer,Furniture,Tables,6,0.0,3021.72,846.08
ORD-104025,2024-03-24,Dubai,Consumer,Furniture,Storage,6,0.1,2161.48,475.53
ORD-102777,2024-03-25,Abu Dhabi,SMB,Furniture,Tables,5,0.15,2071.85,393.65
ORD-103651,2024-03-25,Northern Emirates,Consumer,Technology,Monitors,7,0.2,4862.94,194.52
ORD-104384,2024-03-25,Abu Dhabi,Consumer,Office Supplies,Binders,5,0.15,263.03,86.8
ORD-100268,2024-03-25,Abu Dhabi,Corporate,Office Supplies,Pens,3,0.0,184.34,77.42
ORD-100527,2024-03-25,Sharjah,Consumer,Office Supplies,Paper,6,0.1,292.39,105.26
ORD-101144,2024-03-25,Dubai,Consumer,Technology,Monitors,7,0.0,5314.79,850.37
ORD-105232,2024-03-25,Dubai,Consumer,Technology,Laptops,1,0.2,1068.9,42.76
ORD-104925,2024-03-25,Dubai,Consumer,Office Supplies,Storage,8,0.1,64.0,23.04
ORD-100847,2024-03-26,Sharjah,Corporate,Furniture,Tables,6,0.15,2921.7,555.12
ORD-105554,2024-03-26,Northern Emirates,Corporate,Furniture,Storage,8,0.0,3687.24,1032.43
ORD-102043,2024-03-26,Dubai,SMB,Technology,Phones,4,0.0,1190.71,190.51
ORD-100494,2024-03-26,Sharjah,SMB,Technology,Laptops,2,0.0,1535.33,245.65
ORD-105762,2024-03-26,Northern Emirates,SMB,Technology,Phones,7,0.0,5677.81,908.45
ORD-103938,2024-03-26,Northern Emirates,Consumer,Office Supplies,Binders,3,0.0,51.94,21.81
ORD-104541,2024-03-26,Dubai,Consumer,Furniture,Storage,1,0.0,319.4,89.43
ORD-103945,2024-03-26,Dubai,Consumer,Office Supplies,Binders,6,0.3,202.37,48.57
ORD-101384,2024-03-26,Dubai,SMB,Technology,Laptops,8,0.1,6962.46,696.25
ORD-104767,2024-03-26,Northern Emirates,SMB,Office Supplies,Binders,8,0.0,386.35,162.27
ORD-104563,2024-03-26,Dubai,Consumer,Furniture,Storage,5,0.1,944.01,207.68
ORD-104564,2024-03-26,Sharjah,SMB,Technology,Laptops,2,0.0,484.65,77.54
ORD-103021,2024-03-27,Dubai,SMB,Office Supplies,Binders,7,0.1,249.51,89.82
ORD-101312,2024-03-27,Sharjah,Corporate,Technology,Accessories,4,0.1,2786.65,278.67
ORD-103288,2024-03-27,Sharjah,SMB,Furniture,Storage,1,0.0,550.33,154.09
ORD-101920,2024-03-27,Dubai,Consumer,Technology,Monitors,6,0.0,4940.29,790.45
ORD-105457,2024-03-27,Dubai,Corporate,Furniture,Storage,5,0.0,1035.63,289.98
ORD-100602,2024-03-28,Dubai,Consumer,Furniture,Storage,2,0.15,1116.22,212.08
ORD-105929,2024-03-28,Northern Emirates,SMB,Technology,Phones,4,0.0,2443.6,390.98
ORD-100364,2024-03-28,Abu Dhabi,Corporate,Technology,Laptops,7,0.3,4306.0,-86.12
ORD-101385,2024-03-28,Dubai,Consumer,Furniture,Bookcases,4,0.0,1230.26,344.47
ORD-100660,2024-03-28,Sharjah,SMB,Furniture,Bookcases,4,0.3,2075.61,207.56
ORD-105035,2024-03-28,Abu Dhabi,Corporate,Office Supplies,Pens,5,0.0,108.47,45.56
ORD-103035,2024-03-28,Northern Emirates,Consumer,Furniture,Tables,4,0.1,1280.94,281.81
ORD-101128,2024-03-28,Sharjah,Corporate,Furniture,Storage,6,0.0,2546.81,713.11
ORD-101072,2024-03-29,Dubai,Corporate,Office Supplies,Binders,3,0.0,132.92,55.83
ORD-103608,2024-03-29,Dubai,Corporate,Technology,Phones,6,0.3,4099.12,-81.98
ORD-104710,2024-03-29,Northern Emirates,Corporate,Technology,Phones,6,0.0,4332.5,693.2
ORD-103889,2024-03-29,Sharjah,Consumer,Technology,Accessories,2,0.1,1712.01,171.2
ORD-101355,2024-03-29,Dubai,SMB,Furniture,Chairs,2,0.0,670.86,187.84
ORD-100710,2024-03-29,Abu Dhabi,Consumer,Technology,Phones,5,0.15,5223.96,365.68
ORD-105628,2024-03-29,Sharjah,Consumer,Technology,Monitors,8,0.1,7650.58,765.06
ORD-101861,2024-03-29,Dubai,Consumer,Technology,Laptops,3,0.1,1448.36,144.84
ORD-104824,2024-03-29,Sharjah,Corporate,Furniture,Storage,1,0.0,184.74,51.73
ORD-100014,2024-03-29,Dubai,SMB,Technology,Phones,5,0.15,2603.48,182.24
ORD-104588,2024-03-30,Abu Dhabi,Corporate,Office Supplies,Binders,4,0.0,160.52,67.42
ORD-105223,2024-03-30,Abu Dhabi,Corporate,Office Supplies,Paper,6,0.1,220.97,79.55
ORD-102602,2024-03-30,Sharjah,Corporate,Technology,Phones,2,0.0,1434.83,229.57
ORD-105135,2024-03-30,Dubai,SMB,Furniture,Tables,8,0.0,5908.89,1654.49
ORD-101047,2024-03-30,Dubai,Corporate,Office Supplies,Paper,2,0.1,127.26,45.81
ORD-102168,2024-03-30,Sharjah,SMB,Technology,Laptops,2,0.15,1298.56,90.9
ORD-103552,2024-03-30,Sharjah,Consumer,Technology,Monitors,1,0.1,219.45,21.94
ORD-105422,2024-03-30,Northern Emirates,Consumer,Office Supplies,Pens,1,0.1,49.29,17.74
ORD-104010,2024-03-31,Dubai,Consumer,Technology,Phones,3,0.1,2027.63,202.76
ORD-105903,2024-03-31,Dubai,Consumer,Technology,Monitors,3,0.0,2234.45,357.51
ORD-104257,2024-03-31,Abu Dhabi,Consumer,Technology,Laptops,2,0.1,1893.23,189.32
ORD-102618,2024-03-31,Northern Emirates,Consumer,Technology,Accessories,6,0.1,3415.52,341.55
ORD-101786,2024-03-31,Sharjah,Consumer,Technology,Phones,2,0.0,1389.49,222.32
ORD-105278,2024-03-31,Dubai,Corporate,Furniture,Storage,7,0.15,2387.02,453.53
ORD-103797,2024-03-31,Northern Emirates,Consumer,Furniture,Tables,4,0.0,1076.71,301.48
ORD-102006,2024-03-31,Northern Emirates,Consumer,Technology,Laptops,3,0.0,1641.55,262.65
ORD-100712,2024-04-01,Sharjah,Corporate,Furniture,Storage,7,0.0,2522.92,706.42
ORD-101698,2024-04-01,Dubai,SMB,Technology,Monitors,2,0.0,734.09,117.45
ORD-103482,2024-04-01,Abu Dhabi,Corporate,Office Supplies,Binders,1,0.0,51.97,21.83
ORD-104686,2024-04-01,Dubai,Corporate,Furniture,Chairs,3,0.0,666.22,186.54
ORD-102810,2024-04-02,Sharjah,Corporate,Technology,Accessories,2,0.0,618.27,98.92
ORD-101413,2024-04-02,Dubai,Corporate,Technology,Accessories,7,0.1,4400.49,440.05
ORD-105335,2024-04-02,Abu Dhabi,SMB,Technology,Accessories,8,0.0,4555.76,728.92
ORD-104397,2024-04-02,Sharjah,Corporate,Technology,Laptops,6,0.1,3418.77,341.88
ORD-102921,2024-04-03,Dubai,Corporate,Office Supplies,Pens,3,0.15,157.45,51.96
ORD-102753,2024-04-03,Dubai,Corporate,Office Supplies,Paper,1,0.3,56.04,13.45
ORD-103899,2024-04-03,Abu Dhabi,Consumer,Technology,Laptops,8,0.15,2868.68,200.81
ORD-101904,2024-04-03,Sharjah,Corporate,Technology,Accessories,8,0.1,6924.58,692.46
ORD-103476,2024-04-03,Dubai,Consumer,Office Supplies,Storage,1,0.15,63.15,20.84
ORD-103189,2024-04-03,Northern Emirates,Consumer,Office Supplies,Binders,1,0.1,37.9,13.64
ORD-104993,2024-04-03,Abu Dhabi,Consumer,Technology,Phones,6,0.15,4448.75,311.41
ORD-105656,2024-04-03,Dubai,Corporate,Office Supplies,Storage,7,0.1,211.99,76.32
ORD-103495,2024-04-04,Abu Dhabi,Corporate,Furniture,Bookcases,7,0.0,1967.83,550.99
ORD-103619,2024-04-04,Dubai,Corporate,Furniture,Storage,4,0.0,895.11,250.63
ORD-105509,2024-04-04,Dubai,Consumer,Office Supplies,Paper,3,0.2,186.63,55.99
ORD-100056,2024-04-04,Abu Dhabi,SMB,Technology,Laptops,6,0.0,3067.73,490.84
ORD-100384,2024-04-04,Abu Dhabi,Consumer,Furniture,Chairs,1,0.3,446.46,44.65
ORD-101428,2024-04-04,Abu Dhabi,Consumer,Technology,Laptops,8,0.3,5795.26,-115.91
ORD-104650,2024-04-04,Abu Dhabi,Corporate,Furniture,Tables,4,0.2,2816.37,450.62
ORD-105494,2024-04-04,Dubai,SMB,Technology,Phones,1,0.1,249.0,24.9
ORD-105617,2024-04-04,Dubai,SMB,Furniture,Tables,7,0.0,1185.76,332.01
ORD-104583,2024-04-05,Dubai,Consumer,Technology,Phones,7,0.0,5218.54,834.97
ORD-101665,2024-04-05,Abu Dhabi,Consumer,Technology,Laptops,3,0.15,2362.79,165.4
ORD-102945,2024-04-05,Dubai,Corporate,Technology,Laptops,2,0.0,1496.73,239.48
ORD-104995,2024-04-05,Dubai,Corporate,Office Supplies,Binders,8,0.0,64.0,26.88
ORD-102354,2024-04-05,Northern Emirates,Corporate,Furniture,Bookcases,2,0.1,696.09,153.14
ORD-102170,2024-04-05,Northern Emirates,SMB,Office Supplies,Paper,4,0.0,158.57,66.6
ORD-101713,2024-04-05,Dubai,SMB,Technology,Monitors,4,0.0,2555.45,408.87
ORD-100351,2024-04-05,Dubai,Corporate,Office Supplies,Paper,7,0.0,368.71,154.86
ORD-102963,2024-04-05,Northern Emirates,Consumer,Technology,Phones,2,0.0,1200.63,192.1
ORD-101358,2024-04-06,Abu Dhabi,Corporate,Technology,Accessories,4,0.3,3423.84,-68.48
ORD-104123,2024-04-06,Abu Dhabi,Corporate,Furniture,Storage,1,0.0,90.6,25.37
ORD-105033,2024-04-06,Dubai,Corporate,Office Supplies,Paper,2,0.0,109.38,45.94
ORD-100196,2024-04-06,Dubai,Consumer,Technology,Phones,5,0.1,3138.61,313.86
ORD-104493,2024-04-07,Sharjah,SMB,Technology,Phones,8,0.0,2803.34,448.53
ORD-102699,2024-04-07,Dubai,Corporate,Furniture,Storage,5,0.0,1810.94,507.06
ORD-100964,2024-04-07,Abu Dhabi,Consumer,Furniture,Chairs,5,0.0,2026.8,567.5
ORD-101669,2024-04-07,Dubai,Consumer,Technology,Phones,2,0.0,574.66,91.95
ORD-100213,2024-04-07,Abu Dhabi,Corporate,Office Supplies,Paper,3,0.0,141.64,59.49
ORD-103093,2024-04-07,Dubai,Consumer,Technology,Phones,4,0.15,2001.51,140.11
ORD-101408,2024-04-07,Dubai,Consumer,Furniture,Tables,8,0.0,3386.55,948.23
ORD-101041,2024-04-08,Abu Dhabi,SMB,Office Supplies,Storage,6,0.0,210.08,88.23
ORD-100909,2024-04-08,Abu Dhabi,Consumer,Technology,Phones,4,0.1,1137.27,113.73
ORD-100237,2024-04-08,Abu Dhabi,Consumer,Office Supplies,Storage,5,0.2,325.41,97.62
ORD-102675,2024-04-08,Sharjah,Consumer,Office Supplies,Binders,3,0.2,179.64,53.89
ORD-103800,2024-04-08,Abu Dhabi,SMB,Furniture,Chairs,6,0.15,2531.42,480.97
ORD-103874,2024-04-08,Sharjah,Corporate,Technology,Accessories,4,0.3,2130.22,-42.6
ORD-104733,2024-04-08,Dubai,Consumer,Technology,Phones,1,0.1,966.53,96.65
ORD-103577,2024-04-08,Abu Dhabi,Consumer,Furniture,Chairs,1,0.0,700.2,196.06
ORD-101155,2024-04-08,Abu Dhabi,Corporate,Office Supplies,Binders,7,0.0,425.19,178.58
ORD-104325,2024-04-09,Dubai,Corporate,Office Supplies,Binders,7,0.0,513.16,215.53
ORD-105939,2024-04-09,Abu Dhabi,Consumer,Technology,Laptops,3,0.1,1549.24,154.92
ORD-104620,2024-04-09,Dubai,Corporate,Technology,Accessories,5,0.1,2085.57,208.56
ORD-103421,2024-04-09,Dubai,Corporate,Technology,Laptops,4,0.3,3657.72,-73.15
ORD-104673,2024-04-09,Abu Dhabi,Corporate,Office Supplies,Pens,2,0.0,96.59,40.57
ORD-100071,2024-04-10,Abu Dhabi,Consumer,Furniture,Bookcases,5,0.0,749.33,209.81
ORD-103231,2024-04-10,Dubai,SMB,Technology,Phones,2,0.0,16.0,2.56
ORD-103107,2024-04-10,Sharjah,Consumer,Office Supplies,Storage,7,0.0,368.31,154.69
ORD-101640,2024-04-10,Abu Dhabi,Corporate,Technology,Laptops,1,0.1,572.19,57.22
ORD-105227,2024-04-10,Northern Emirates,SMB,Office Supplies,Pens,3,0.15,115.73,38.19
ORD-105980,2024-04-10,Sharjah,SMB,Office Supplies,Storage,2,0.15,105.06,34.67
ORD-102404,2024-04-10,Dubai,SMB,Technology,Accessories,2,0.1,1243.76,124.38
ORD-103617,2024-04-10,Abu Dhabi,Consumer,Office Supplies,Binders,3,0.0,205.21,86.19
ORD-103902,2024-04-10,Abu Dhabi,SMB,Furniture,Tables,2,0.0,1017.24,284.83
ORD-105006,2024-04-10,Sharjah,Consumer,Furniture,Storage,6,0.0,2906.73,813.88
ORD-103228,2024-04-10,Dubai,Consumer,Furniture,Storage,7,0.1,3769.67,829.33
ORD-102718,2024-04-10,Northern Emirates,Corporate,Office Supplies,Binders,5,0.0,264.54,111.11
ORD-104750,2024-04-11,Dubai,Consumer,Technology,Laptops,4,0.1,268.86,26.89
ORD-102374,2024-04-11,Dubai,Consumer,Technology,Laptops,5,0.1,1520.17,152.02
ORD-102368,2024-04-11,Sharjah,Corporate,Office Supplies,Paper,5,0.1,278.87,100.39
ORD-103555,2024-04-11,Abu Dhabi,Corporate,Technology,Laptops,1,0.0,767.68,122.83
ORD-100770,2024-04-11,Abu Dhabi,SMB,Technology,Monitors,4,0.15,1602.29,112.16
ORD-104946,2024-04-11,Dubai,Consumer,Furniture,Chairs,3,0.0,303.36,84.94
ORD-102102,2024-04-12,Sharjah,Corporate,Office Supplies,Storage,3,0.0,134.48,56.48
ORD-102488,2024-04-12,Dubai,Consumer,Technology,Accessories,7,0.1,5039.48,503.95
ORD-102569,2024-04-12,Dubai,Consumer,Office Supplies,Binders,7,0.0,549.18,230.66
ORD-101892,2024-04-12,Abu Dhabi,Consumer,Technology,Phones,8,0.0,6690.33,1070.45
ORD-103755,2024-04-12,Northern Emirates,Corporate,Office Supplies,Storage,1,0.15,32.64,10.77
ORD-104774,2024-04-12,Dubai,SMB,Technology,Laptops,8,0.0,5461.71,873.87
ORD-100228,2024-04-13,Dubai,Consumer,Technology,Monitors,7,0.15,4809.54,336.67
ORD-104916,2024-04-13,Dubai,SMB,Office Supplies,Storage,3,0.3,129.09,30.98
ORD-100075,2024-04-13,Northern Emirates,Corporate,Technology,Phones,3,0.0,1387.5,222.0
ORD-102872,2024-04-13,Dubai,SMB,Technology,Monitors,1,0.1,481.45,48.14
ORD-103728,2024-04-13,Sharjah,Consumer,Technology,Phones,5,0.0,519.18,83.07
ORD-102109,2024-04-13,Sharjah,SMB,Technology,Laptops,5,0.15,2563.5,179.45
ORD-105607,2024-04-13,Abu Dhabi,SMB,Technology,Phones,5,0.0,4894.64,783.14
ORD-100035,2024-04-13,Abu Dhabi,Corporate,Technology,Monitors,5,0.0,3218.38,514.94
ORD-100091,2024-04-13,Dubai,Consumer,Office Supplies,Pens,3,0.0,82.33,34.58
ORD-105973,2024-04-14,Abu Dhabi,Consumer,Technology,Laptops,7,0.0,1492.96,238.87
ORD-105431,2024-04-14,Abu Dhabi,Consumer,Office Supplies,Paper,8,0.0,256.12,107.57
ORD-105017,2024-04-14,Dubai,Corporate,Technology,Phones,8,0.0,8367.36,1338.78
ORD-105191,2024-04-14,Dubai,Corporate,Furniture,Storage,6,0.2,3790.39,606.46
ORD-100063,2024-04-14,Dubai,SMB,Office Supplies,Pens,2,0.0,37.69,15.83
ORD-101799,2024-04-14,Sharjah,Consumer,Technology,Monitors,3,0.0,1078.42,172.55
ORD-105615,2024-04-14,Abu Dhabi,Consumer,Furniture,Bookcases,3,0.3,1414.35,141.44
ORD-105994,2024-04-14,Abu Dhabi,Consumer,Technology,Phones,3,0.1,1283.88,128.39
ORD-102212,2024-04-14,Dubai,Consumer,Office Supplies,Pens,3,0.0,130.15,54.66
ORD-100580,2024-04-15,Northern Emirates,Consumer,Office Supplies,Storage,2,0.1,110.78,39.88
ORD-101921,2024-04-15,Sharjah,Consumer,Technology,Monitors,8,0.2,4967.21,198.69
ORD-100093,2024-04-15,Northern Emirates,Corporate,Office Supplies,Storage,3,0.0,157.08,65.97
ORD-102118,2024-04-15,Abu Dhabi,SMB,Furniture,Tables,8,0.1,1803.35,396.74
ORD-105938,2024-04-15,Dubai,Consumer,Technology,Laptops,8,0.1,3301.82,330.18
ORD-101689,2024-04-15,Dubai,Corporate,Office Supplies,Paper,4,0.1,170.31,61.31
ORD-103289,2024-04-15,Abu Dhabi,SMB,Technology,Laptops,7,0.0,5123.84,819.81
ORD-105659,2024-04-16,Sharjah,Consumer,Office Supplies,Binders,7,0.0,561.31,235.75
ORD-103920,2024-04-16,Abu Dhabi,Consumer,Technology,Phones,8,0.15,7467.28,522.71
ORD-105880,2024-04-16,Sharjah,Consumer,Technology,Monitors,1,0.1,716.07,71.61
ORD-104791,2024-04-17,Dubai,Consumer,Technology,Laptops,2,0.0,1548.52,247.76
ORD-104375,2024-04-17,Dubai,SMB,Office Supplies,Paper,2,0.15,151.54,50.01
ORD-103403,2024-04-17,Northern Emirates,Corporate,Furniture,Tables,4,0.0,1657.96,464.23
ORD-103486,2024-04-17,Abu Dhabi,Consumer,Office Supplies,Pens,1,0.0,49.49,20.79
ORD-104051,2024-04-17,Sharjah,Corporate,Technology,Laptops,4,0.0,3293.83,527.01
ORD-103260,2024-04-17,Abu Dhabi,Corporate,Technology,Laptops,2,0.2,1174.05,46.96
ORD-105181,2024-04-17,Abu Dhabi,Corporate,Technology,Monitors,1,0.1,653.81,65.38
ORD-102283,2024-04-18,Dubai,Consumer,Furniture,Bookcases,3,0.0,1526.39,427.39
ORD-100499,2024-04-18,Abu Dhabi,SMB,Technology,Accessories,1,0.0,308.62,49.38
ORD-102182,2024-04-18,Dubai,Consumer,Technology,Laptops,8,0.3,3412.21,-68.24
ORD-103010,2024-04-18,Abu Dhabi,Consumer,Furniture,Storage,2,0.15,717.83,136.39
ORD-105641,2024-04-18,Dubai,Consumer,Technology,Accessories,2,0.1,1382.3,138.23
ORD-104773,2024-04-18,Northern Emirates,Consumer,Office Supplies,Binders,6,0.0,75.04,31.52
ORD-103456,2024-04-18,Dubai,Corporate,Furniture,Bookcases,6,0.3,4219.79,421.98
ORD-101412,2024-04-18,Abu Dhabi,Consumer,Technology,Phones,1,0.1,719.28,71.93
ORD-104942,2024-04-18,Sharjah,Consumer,Furniture,Bookcases,8,0.1,2432.08,535.06
ORD-101704,2024-04-19,Abu Dhabi,SMB,Office Supplies,Paper,7,0.2,230.67,69.2
ORD-101319,2024-04-19,Dubai,Corporate,Furniture,Storage,1,0.0,265.49,74.34
ORD-101569,2024-04-19,Northern Emirates,Corporate,Office Supplies,Paper,7,0.2,187.99,56.4
ORD-105930,2024-04-19,Abu Dhabi,Consumer,Furniture,Bookcases,1,0.0,772.02,216.17
ORD-103508,2024-04-19,Sharjah,Corporate,Furniture,Tables,3,0.1,1161.5,255.53
ORD-103553,2024-04-19,Sharjah,Consumer,Furniture,Storage,5,0.0,3795.31,1062.69
ORD-104684,2024-04-19,Northern Emirates,Corporate,Office Supplies,Pens,3,0.15,191.28,63.12
ORD-101243,2024-04-19,Sharjah,Corporate,Furniture,Storage,6,0.0,2499.56,699.88
ORD-100052,2024-04-20,Dubai,Consumer,Furniture,Storage,5,0.15,1090.45,207.19
ORD-105225,2024-04-20,Dubai,Consumer,Furniture,Bookcases,5,0.1,2817.51,619.85
ORD-105058,2024-04-20,Dubai,Corporate,Office Supplies,Paper,4,0.0,125.5,52.71
ORD-105913,2024-04-20,Sharjah,SMB,Technology,Laptops,7,0.15,4951.11,346.58
ORD-105702,2024-04-20,Abu Dhabi,Corporate,Technology,Laptops,7,0.0,6946.95,1111.51
ORD-101367,2024-04-21,Northern Emirates,Consumer,Furniture,Chairs,8,0.0,2838.16,794.68
ORD-100978,2024-04-21,Abu Dhabi,Consumer,Technology,Laptops,2,0.2,1474.56,58.98
ORD-105430,2024-04-21,Abu Dhabi,Consumer,Office Supplies,Storage,4,0.3,158.24,37.98
ORD-105756,2024-04-21,Abu Dhabi,SMB,Technology,Monitors,1,0.0,449.74,71.96
ORD-104294,2024-04-21,Abu Dhabi,Corporate,Furniture,Tables,3,0.2,1996.13,319.38
ORD-100860,2024-04-21,Abu Dhabi,SMB,Office Supplies,Pens,5,0.15,252.19,83.22
ORD-100762,2024-04-22,Sharjah,SMB,Technology,Laptops,7,0.0,4047.91,647.67
ORD-102654,2024-04-22,Dubai,Consumer,Technology,Laptops,1,0.0,714.04,114.25
ORD-101509,2024-04-22,Abu Dhabi,Consumer,Technology,Laptops,3,0.15,2212.41,154.87
ORD-105344,2024-04-22,Abu Dhabi,Consumer,Furniture,Bookcases,5,0.0,879.55,246.27
ORD-101439,2024-04-22,Abu Dhabi,Consumer,Office Supplies,Pens,7,0.0,242.77,101.96
ORD-103709,2024-04-22,Dubai,SMB,Furniture,Bookcases,3,0.0,1553.57,435.0
ORD-103550,2024-04-22,Sharjah,SMB,Furniture,Chairs,7,0.0,1504.99,421.4
ORD-102444,2024-04-22,Sharjah,SMB,Furniture,Storage,5,0.0,2718.94,761.3
ORD-104413,2024-04-22,Sharjah,SMB,Technology,Phones,6,0.0,3625.93,580.15
ORD-101372,2024-04-22,Dubai,Corporate,Office Supplies,Storage,6,0.2,391.41,117.42
ORD-105734,2024-04-22,Dubai,Consumer,Furniture,Chairs,4,0.15,1375.6,261.36
ORD-101529,2024-04-23,Abu Dhabi,Corporate,Furniture,Tables,6,0.0,2658.52,744.39
ORD-100625,2024-04-23,Abu Dhabi,SMB,Furniture,Chairs,3,0.0,949.23,265.78
ORD-103005,2024-04-23,Abu Dhabi,Consumer,Furniture,Storage,8,0.2,3021.96,483.51
ORD-101462,2024-04-23,Sharjah,Consumer,Office Supplies,Storage,7,0.3,306.23,73.5
ORD-104917,2024-04-23,Dubai,Corporate,Office Supplies,Pens,2,0.0,111.48,46.82
ORD-104867,2024-04-23,Dubai,Corporate,Furniture,Bookcases,8,0.0,4012.95,1123.63
ORD-101117,2024-04-24,Sharjah,Consumer,Furniture,Bookcases,1,0.15,505.84,96.11
ORD-101983,2024-04-24,Dubai,Consumer,Office Supplies,Pens,2,0.2,116.91,35.07
ORD-100041,2024-04-24,Sharjah,Consumer,Office Supplies,Storage,3,0.0,110.19,46.28
ORD-102157,2024-04-24,Dubai,Consumer,Office Supplies,Pens,2,0.0,72.87,30.61
ORD-102032,2024-04-24,Dubai,Corporate,Office Supplies,Paper,7,0.1,312.93,112.65
ORD-105167,2024-04-24,Dubai,Consumer,Furniture,Storage,8,0.0,5560.2,1556.86
ORD-103521,2024-04-24,Dubai,Corporate,Furniture,Bookcases,5,0.0,1605.6,449.57
ORD-104663,2024-04-24,Dubai,Consumer,Furniture,Tables,6,0.1,2675.42,588.59
ORD-102482,2024-04-24,Northern Emirates,Consumer,Office Supplies,Binders,4,0.0,177.28,74.46
ORD-102601,2024-04-24,Dubai,Corporate,Furniture,Chairs,8,0.0,5946.89,1665.13
ORD-100776,2024-04-25,Dubai,Consumer,Furniture,Chairs,7,0.0,3902.64,1092.74
ORD-103018,2024-04-25,Dubai,SMB,Technology,Laptops,8,0.15,6391.93,447.44
ORD-102951,2024-04-25,Sharjah,Consumer,Office Supplies,Storage,1,0.0,62.7,26.33
ORD-100126,2024-04-25,Dubai,Consumer,Technology,Accessories,2,0.1,1340.08,134.01
ORD-103349,2024-04-25,Dubai,Consumer,Furniture,Chairs,8,0.1,4633.61,1019.39
ORD-101252,2024-04-25,Dubai,Corporate,Office Supplies,Pens,2,0.0,113.37,47.62
ORD-104819,2024-04-26,Northern Emirates,Consumer,Office Supplies,Pens,5,0.0,93.55,39.29
ORD-102327,2024-04-26,Dubai,Consumer,Furniture,Chairs,7,0.1,3588.49,789.47
ORD-102430,2024-04-26,Dubai,Consumer,Technology,Laptops,1,0.3,450.85,-9.02
ORD-100750,2024-04-26,Sharjah,Corporate,Office Supplies,Paper,1,0.0,39.15,16.44
ORD-105907,2024-04-26,Abu Dhabi,Corporate,Office Supplies,Pens,7,0.0,266.24,111.82
ORD-105222,2024-04-26,Dubai,Corporate,Technology,Phones,5,0.0,2723.74,435.8
ORD-102539,2024-04-26,Northern Emirates,SMB,Furniture,Bookcases,5,0.0,1678.69,470.03
ORD-104601,2024-04-26,Sharjah,Corporate,Furniture,Storage,4,0.1,782.36,172.12
ORD-101934,2024-04-26,Dubai,Corporate,Office Supplies,Storage,2,0.15,126.21,41.65
ORD-102190,2024-04-26,Dubai,Corporate,Technology,Accessories,2,0.0,1107.64,177.22
ORD-100816,2024-04-26,Northern Emirates,Consumer,Furniture,Chairs,6,0.1,2186.33,480.99
ORD-101122,2024-04-26,Dubai,Consumer,Furniture,Tables,7,0.2,2483.2,397.31
ORD-104529,2024-04-27,Northern Emirates,SMB,Office Supplies,Paper,8,0.0,536.21,225.21
ORD-101342,2024-04-27,Dubai,Consumer,Office Supplies,Pens,6,0.0,399.26,167.69
ORD-100188,2024-04-27,Dubai,SMB,Technology,Accessories,2,0.0,1178.32,188.53
ORD-105023,2024-04-27,Abu Dhabi,Consumer,Office Supplies,Paper,8,0.0,296.55,124.55
ORD-100289,2024-04-27,Sharjah,Corporate,Office Supplies,Storage,1,0.15,53.14,17.54
ORD-102330,2024-04-27,Dubai,Corporate,Technology,Accessories,8,0.2,5944.13,237.77
ORD-104667,2024-04-27,Sharjah,Consumer,Technology,Monitors,6,0.0,5018.9,803.02
ORD-101194,2024-04-27,Sharjah,Corporate,Furniture,Tables,8,0.15,3867.7,734.86
ORD-103741,2024-04-27,Abu Dhabi,SMB,Technology,Phones,7,0.0,3185.59,509.69
ORD-100844,2024-04-27,Dubai,Consumer,Office Supplies,Storage,1,0.1,38.78,13.96
ORD-103128,2024-04-28,Northern Emirates,Consumer,Office Supplies,Binders,4,0.0,121.76,51.14
ORD-101534,2024-04-28,Sharjah,SMB,Office Supplies,Storage,1,0.1,32.48,11.69
ORD-103205,2024-04-28,Dubai,SMB,Furniture,Chairs,1,0.0,349.41,97.83
ORD-103283,2024-04-28,Abu Dhabi,Consumer,Technology,Laptops,7,0.0,3197.51,511.6
ORD-102229,2024-04-28,Sharjah,SMB,Office Supplies,Storage,2,0.1,71.29,25.66
ORD-102125,2024-04-28,Dubai,Corporate,Office Supplies,Binders,8,0.0,245.2,102.98
ORD-100630,2024-04-28,Abu Dhabi,Consumer,Technology,Monitors,5,0.0,3238.51,518.16
ORD-101871,2024-04-28,Dubai,Consumer,Office Supplies,Binders,2,0.0,94.08,39.51
ORD-102024,2024-04-28,Dubai,SMB,Office Supplies,Storage,6,0.0,144.56,60.72
ORD-102799,2024-04-29,Northern Emirates,Consumer,Office Supplies,Binders,1,0.0,75.19,31.58
ORD-104670,2024-04-29,Dubai,Consumer,Technology,Phones,6,0.1,4775.1,477.51
ORD-101686,2024-04-29,Dubai,Consumer,Technology,Accessories,4,0.0,3389.46,542.31
ORD-103210,2024-04-29,Abu Dhabi,SMB,Furniture,Tables,4,0.0,753.62,211.01
ORD-100489,2024-04-29,Dubai,Corporate,Technology,Phones,3,0.1,2668.08,266.81
ORD-101501,2024-04-29,Abu Dhabi,SMB,Office Supplies,Pens,1,0.2,16.34,4.9
ORD-104738,2024-04-29,Dubai,Consumer,Technology,Accessories,7,0.2,4442.66,177.71
ORD-101456,2024-04-29,Sharjah,Consumer,Technology,Phones,4,0.1,3118.19,311.82
ORD-105638,2024-04-29,Abu Dhabi,Corporate,Technology,Laptops,6,0.0,3371.83,539.49
ORD-103772,2024-04-29,Abu Dhabi,Consumer,Technology,Monitors,3,0.2,1830.55,73.22
ORD-103188,2024-04-29,Dubai,Consumer,Technology,Phones,2,0.2,1792.43,71.7
ORD-101527,2024-04-30,Abu Dhabi,Corporate,Furniture,Tables,3,0.1,1341.83,295.2
ORD-104374,2024-04-30,Dubai,Consumer,Technology,Laptops,1,0.0,1195.71,191.31
ORD-104970,2024-04-30,Abu Dhabi,Consumer,Office Supplies,Pens,3,0.15,177.25,58.49
ORD-105439,2024-04-30,Northern Emirates,Consumer,Office Supplies,Paper,3,0.0,173.16,72.73
ORD-103471,2024-04-30,Abu Dhabi,Consumer,Technology,Accessories,7,0.0,7029.51,1124.72
ORD-100609,2024-04-30,Abu Dhabi,SMB,Technology,Monitors,8,0.15,7008.83,490.62
ORD-103620,2024-04-30,Dubai,SMB,Technology,Monitors,2,0.15,1153.31,80.73
ORD-104514,2024-05-01,Sharjah,Corporate,Office Supplies,Storage,8,0.2,429.11,128.73
ORD-104263,2024-05-01,Dubai,Consumer,Office Supplies,Binders,4,0.1,222.89,80.24
ORD-104677,2024-05-01,Abu Dhabi,Consumer,Furniture,Chairs,7,0.0,2824.85,790.96
ORD-103753,2024-05-01,Northern Emirates,SMB,Technology,Monitors,3,0.0,1707.74,273.24
ORD-103352,2024-05-02,Dubai,Consumer,Furniture,Tables,5,0.0,2799.55,783.87
ORD-105070,2024-05-02,Sharjah,Corporate,Furniture,Storage,3,0.1,1801.58,396.35
ORD-104861,2024-05-02,Dubai,Consumer,Furniture,Bookcases,2,0.0,750.15,210.04
ORD-104033,2024-05-02,Dubai,Corporate,Furniture,Storage,8,0.15,4409.81,837.86
ORD-100973,2024-05-02,Abu Dhabi,Consumer,Office Supplies,Paper,6,0.0,225.67,94.78
ORD-104021,2024-05-02,Dubai,SMB,Office Supplies,Storage,6,0.0,186.26,78.23
ORD-104357,2024-05-02,Dubai,SMB,Technology,Laptops,5,0.0,3274.78,523.96
ORD-103184,2024-05-02,Northern Emirates,Corporate,Furniture,Tables,7,0.15,3282.69,623.71
ORD-100406,2024-05-03,Dubai,Corporate,Furniture,Storage,8,0.2,1123.54,179.77
ORD-102289,2024-05-03,Dubai,Consumer,Office Supplies,Binders,5,0.2,206.36,61.91
ORD-101290,2024-05-03,Sharjah,SMB,Furniture,Tables,5,0.0,40.0,11.2
ORD-102334,2024-05-03,Sharjah,Corporate,Furniture,Storage,3,0.0,1985.8,556.02
ORD-105889,2024-05-03,Dubai,Consumer,Office Supplies,Binders,4,0.0,212.8,89.38
ORD-105820,2024-05-03,Sharjah,SMB,Office Supplies,Pens,2,0.2,109.22,32.77
ORD-103503,2024-05-03,Dubai,Consumer,Technology,Monitors,7,0.0,4782.36,765.18
ORD-104394,2024-05-04,Northern Emirates,Consumer,Furniture,Bookcases,6,0.3,1745.1,174.51
ORD-102948,2024-05-04,Dubai,Consumer,Office Supplies,Paper,5,0.0,307.97,129.35
ORD-102660,2024-05-04,Sharjah,Consumer,Office Supplies,Paper,3,0.3,128.78,30.91
ORD-104094,2024-05-04,Abu Dhabi,Consumer,Office Supplies,Paper,5,0.0,269.73,113.29
ORD-104438,2024-05-04,Abu Dhabi,SMB,Technology,Phones,8,0.1,7449.81,744.98
ORD-102768,2024-05-04,Abu Dhabi,Consumer,Technology,Accessories,4,0.0,2718.53,434.96
ORD-100291,2024-05-04,Dubai,Corporate,Technology,Phones,2,0.15,2059.56,144.17
ORD-103203,2024-05-04,Dubai,Corporate,Technology,Monitors,6,0.1,4599.53,459.95
ORD-104283,2024-05-04,Abu Dhabi,Consumer,Office Supplies,Paper,8,0.0,449.15,188.64
ORD-105188,2024-05-05,Sharjah,Consumer,Technology,Accessories,5,0.0,3361.31,537.81
ORD-103479,2024-05-05,Sharjah,Corporate,Office Supplies,Pens,1,0.0,39.76,16.7
ORD-104749,2024-05-05,Dubai,Consumer,Technology,Laptops,1,0.1,906.05,90.6
ORD-105694,2024-05-05,Dubai,Consumer,Technology,Accessories,3,0.0,2459.68,393.55
ORD-103898,2024-05-05,Dubai,Corporate,Office Supplies,Pens,1,0.0,35.76,15.02
ORD-101918,2024-05-05,Sharjah,Consumer,Furniture,Tables,4,0.0,2003.3,560.92
ORD-102754,2024-05-05,Dubai,Corporate,Office Supplies,Pens,2,0.0,102.82,43.18
ORD-105484,2024-05-05,Dubai,SMB,Furniture,Tables,7,0.1,3418.12,751.99
ORD-104014,2024-05-05,Dubai,Consumer,Office Supplies,Binders,4,0.0,83.9,35.24
ORD-101272,2024-05-05,Abu Dhabi,Consumer,Technology,Accessories,1,0.1,596.94,59.69
ORD-103413,2024-05-05,Dubai,Corporate,Technology,Laptops,4,0.0,3700.26,592.04
ORD-102527,2024-05-05,Sharjah,Consumer,Office Supplies,Storage,3,0.2,219.41,65.82
ORD-100005,2024-05-05,Dubai,SMB,Furniture,Bookcases,6,0.1,3483.57,766.39
ORD-100810,2024-05-06,Sharjah,Consumer,Furniture,Chairs,2,0.1,669.15,147.21
ORD-100775,2024-05-06,Abu Dhabi,Consumer,Technology,Monitors,8,0.0,5593.75,895.0
ORD-100528,2024-05-06,Dubai,Consumer,Furniture,Storage,1,0.3,97.89,9.79
ORD-105247,2024-05-06,Sharjah,Consumer,Office Supplies,Storage,7,0.1,379.14,136.49
ORD-100341,2024-05-06,Northern Emirates,Consumer,Furniture,Storage,2,0.0,1151.44,322.4
ORD-104022,2024-05-06,Abu Dhabi,Consumer,Office Supplies,Pens,6,0.1,336.75,121.23
ORD-103014,2024-05-06,Northern Emirates,Corporate,Furniture,Chairs,4,0.0,1081.94,302.94
ORD-105293,2024-05-06,Dubai,SMB,Technology,Monitors,3,0.3,883.92,-17.68
ORD-104337,2024-05-06,Abu Dhabi,Consumer,Furniture,Tables,2,0.3,311.17,31.12
ORD-103100,2024-05-06,Sharjah,Consumer,Office Supplies,Pens,5,0.0,294.82,123.82
ORD-105159,2024-05-07,Dubai,Consumer,Technology,Accessories,1,0.1,473.76,47.38
ORD-104681,2024-05-07,Sharjah,SMB,Furniture,Bookcases,2,0.15,1056.22,200.68
ORD-101026,2024-05-07,Northern Emirates,Corporate,Furniture,Tables,1,0.1,515.53,113.42
ORD-104794,2024-05-07,Abu Dhabi,Consumer,Technology,Monitors,6,0.3,3854.97,-77.1
ORD-103513,2024-05-07,Dubai,SMB,Furniture,Storage,3,0.0,847.87,237.4
ORD-101836,2024-05-07,Sharjah,Consumer,Office Supplies,Binders,4,0.3,40.86,9.81
ORD-104565,2024-05-07,Sharjah,Consumer,Office Supplies,Paper,2,0.2,63.73,19.12
ORD-100996,2024-05-07,Abu Dhabi,Consumer,Office Supplies,Paper,4,0.0,174.95,73.48
ORD-104609,2024-05-07,Dubai,SMB,Furniture,Bookcases,1,0.0,279.51,78.26
ORD-100798,2024-05-07,Dubai,Corporate,Technology,Accessories,7,0.15,7968.67,557.81
ORD-101851,2024-05-08,Sharjah,Corporate,Furniture,Bookcases,6,0.0,2811.02,787.09
ORD-103320,2024-05-08,Abu Dhabi,SMB,Furniture,Tables,4,0.3,1868.17,186.82
ORD-105488,2024-05-08,Dubai,Consumer,Furniture,Chairs,4,0.0,1895.38,530.71
ORD-103963,2024-05-08,Northern Emirates,Corporate,Office Supplies,Pens,6,0.1,330.54,118.99
ORD-105920,2024-05-08,Dubai,Corporate,Furniture,Chairs,5,0.3,2265.06,226.51
ORD-104854,2024-05-08,Northern Emirates,Consumer,Technology,Accessories,4,0.15,1463.48,102.44
ORD-101540,2024-05-08,Northern Emirates,Consumer,Technology,Accessories,7,0.15,6414.35,449.0
ORD-102659,2024-05-08,Abu Dhabi,Consumer,Technology,Monitors,4,0.0,2826.69,452.27
ORD-102323,2024-05-09,Northern Emirates,Consumer,Office Supplies,Storage,6,0.3,229.11,54.99
ORD-102447,2024-05-09,Dubai,SMB,Furniture,Tables,8,0.0,2592.23,725.82
ORD-104972,2024-05-09,Dubai,Consumer,Office Supplies,Storage,7,0.15,110.06,36.32
ORD-103816,2024-05-09,Abu Dhabi,Consumer,Technology,Accessories,6,0.0,3346.36,535.42
ORD-103170,2024-05-09,Abu Dhabi,SMB,Furniture,Storage,6,0.1,2335.06,513.71
ORD-103914,2024-05-09,Northern Emirates,Corporate,Furniture,Storage,8,0.2,2936.63,469.86
ORD-101672,2024-05-09,Abu Dhabi,SMB,Furniture,Tables,1,0.0,480.43,134.52
ORD-105630,2024-05-09,Dubai,Corporate,Office Supplies,Paper,2,0.1,106.87,38.47
ORD-101097,2024-05-09,Northern Emirates,Consumer,Technology,Accessories,6,0.1,1836.1,183.61
ORD-105160,2024-05-09,Dubai,Consumer,Office Supplies,Binders,8,0.0,232.54,97.67
ORD-102740,2024-05-09,Dubai,Consumer,Furniture,Chairs,8,0.0,2015.5,564.34
ORD-103536,2024-05-09,Abu Dhabi,Consumer,Technology,Laptops,4,0.15,665.05,46.55
ORD-105967,2024-05-10,Abu Dhabi,Consumer,Technology,Accessories,2,0.0,1330.6,212.9
ORD-101054,2024-05-10,Abu Dhabi,Consumer,Furniture,Chairs,4,0.15,1518.23,288.46
ORD-104497,2024-05-10,Sharjah,SMB,Technology,Phones,5,0.1,2937.41,293.74
ORD-105625,2024-05-10,Dubai,Consumer,Furniture,Storage,6,0.3,2501.99,250.2
ORD-102407,2024-05-10,Northern Emirates,Consumer,Office Supplies,Paper,5,0.1,314.24,113.13
ORD-100787,2024-05-10,Sharjah,SMB,Technology,Accessories,6,0.1,3249.44,324.94
ORD-101935,2024-05-10,Dubai,Consumer,Office Supplies,Storage,1,0.0,45.31,19.03
ORD-103166,2024-05-10,Abu Dhabi,Consumer,Technology,Phones,1,0.1,504.74,50.47
ORD-100481,2024-05-10,Sharjah,SMB,Technology,Laptops,7,0.0,4815.58,770.49
ORD-105328,2024-05-10,Dubai,Consumer,Office Supplies,Paper,4,0.0,109.73,46.09
ORD-103711,2024-05-10,Abu Dhabi,Consumer,Office Supplies,Binders,3,0.1,72.48,26.09
ORD-101004,2024-05-11,Abu Dhabi,Corporate,Technology,Accessories,1,0.0,750.1,120.02
ORD-103933,2024-05-11,Sharjah,Consumer,Technology,Phones,3,0.0,556.32,89.01
ORD-102359,2024-05-11,Dubai,Consumer,Office Supplies,Storage,2,0.0,106.78,44.85
ORD-105783,2024-05-11,Dubai,SMB,Furniture,Bookcases,3,0.0,1614.26,451.99
ORD-103774,2024-05-11,Sharjah,Consumer,Technology,Phones,7,0.2,5664.04,226.56
ORD-100296,2024-05-12,Dubai,Corporate,Technology,Monitors,8,0.0,6897.71,1103.63
ORD-101484,2024-05-12,Abu Dhabi,Consumer,Furniture,Bookcases,1,0.0,422.97,118.43
ORD-102848,2024-05-12,Abu Dhabi,SMB,Technology,Monitors,5,0.2,3664.52,146.58
ORD-102108,2024-05-12,Sharjah,Consumer,Furniture,Tables,6,0.15,1561.57,296.7
ORD-104536,2024-05-12,Northern Emirates,SMB,Technology,Monitors,6,0.15,6083.49,425.84
ORD-100506,2024-05-12,Dubai,SMB,Technology,Laptops,2,0.0,947.29,151.57
ORD-102209,2024-05-12,Sharjah,Corporate,Furniture,Chairs,6,0.2,2140.36,342.46
ORD-103274,2024-05-12,Abu Dhabi,Consumer,Technology,Accessories,4,0.0,3411.97,545.92
ORD-103782,2024-05-13,Dubai,Consumer,Technology,Monitors,2,0.1,463.79,46.38
ORD-103212,2024-05-13,Dubai,Consumer,Technology,Phones,2,0.0,986.05,157.77
ORD-104407,2024-05-13,Dubai,Consumer,Furniture,Tables,5,0.2,1839.17,294.27
ORD-104141,2024-05-13,Dubai,SMB,Technology,Laptops,1,0.0,752.55,120.41
ORD-102870,2024-05-13,Dubai,Corporate,Furniture,Storage,7,0.0,3875.08,1085.02
ORD-104000,2024-05-14,Northern Emirates,SMB,Office Supplies,Binders,6,0.1,237.23,85.4
ORD-103855,2024-05-14,Sharjah,SMB,Furniture,Tables,4,0.0,516.61,144.65
ORD-102669,2024-05-14,Abu Dhabi,Corporate,Furniture,Chairs,2,0.15,967.66,183.86
ORD-105637,2024-05-15,Abu Dhabi,SMB,Office Supplies,Binders,7,0.0,382.89,160.81
ORD-101039,2024-05-15,Sharjah,SMB,Technology,Phones,2,0.0,1062.71,170.03
ORD-101679,2024-05-15,Sharjah,Consumer,Technology,Laptops,8,0.0,5223.45,835.75
ORD-101625,2024-05-15,Dubai,Consumer,Technology,Phones,3,0.1,2400.39,240.04
ORD-100407,2024-05-15,Abu Dhabi,Consumer,Office Supplies,Paper,8,0.0,304.44,127.86
ORD-102975,2024-05-15,Sharjah,Corporate,Technology,Accessories,1,0.15,593.81,41.57
ORD-103492,2024-05-15,Sharjah,SMB,Office Supplies,Binders,1,0.3,60.34,14.48
ORD-100049,2024-05-15,Dubai,Corporate,Furniture,Bookcases,8,0.0,3509.29,982.6
ORD-101237,2024-05-15,Dubai,Corporate,Technology,Phones,7,0.0,4733.53,757.36
ORD-102122,2024-05-15,Dubai,Corporate,Office Supplies,Pens,2,0.0,104.94,44.07
ORD-105751,2024-05-15,Abu Dhabi,Corporate,Furniture,Storage,8,0.1,3301.55,726.34
ORD-101827,2024-05-15,Dubai,Corporate,Technology,Phones,2,0.2,941.59,37.66
ORD-103911,2024-05-16,Abu Dhabi,Corporate,Office Supplies,Storage,4,0.3,173.53,41.65
ORD-102465,2024-05-16,Abu Dhabi,Corporate,Office Supplies,Binders,5,0.1,223.49,80.46
ORD-103462,2024-05-16,Abu Dhabi,Consumer,Furniture,Storage,1,0.1,279.48,61.49
ORD-101840,2024-05-16,Sharjah,Corporate,Office Supplies,Binders,4,0.0,252.72,106.14
ORD-103735,2024-05-16,Abu Dhabi,Consumer,Furniture,Chairs,5,0.3,2209.17,220.92
ORD-102343,2024-05-16,Dubai,Consumer,Office Supplies,Binders,5,0.2,321.51,96.45
ORD-103658,2024-05-16,Dubai,Consumer,Technology,Accessories,1,0.2,835.83,33.43
ORD-100722,2024-05-16,Dubai,Consumer,Furniture,Bookcases,6,0.0,1882.22,527.02
ORD-101270,2024-05-16,Sharjah,Consumer,Technology,Phones,5,0.1,3261.53,326.15
ORD-104671,2024-05-17,Dubai,Consumer,Office Supplies,Binders,4,0.1,112.0,40.32
ORD-105895,2024-05-17,Dubai,Consumer,Office Supplies,Pens,5,0.3,244.32,58.64
ORD-103381,2024-05-17,Sharjah,SMB,Furniture,Chairs,5,0.15,1329.01,252.51
ORD-104769,2024-05-17,Northern Emirates,Consumer,Furniture,Chairs,5,0.0,2666.34,746.58
ORD-101220,2024-05-17,Dubai,Consumer,Furniture,Tables,6,0.15,3432.53,652.18
ORD-104724,2024-05-17,Abu Dhabi,Consumer,Furniture,Storage,6,0.15,2142.66,407.11
ORD-104364,2024-05-18,Dubai,Consumer,Technology,Accessories,7,0.0,5738.79,918.21
ORD-105477,2024-05-18,Northern Emirates,SMB,Office Supplies,Paper,2,0.15,105.74,34.89
ORD-105437,2024-05-18,Northern Emirates,Consumer,Technology,Phones,7,0.0,4640.71,742.51
ORD-102293,2024-05-18,Dubai,Consumer,Technology,Laptops,8,0.0,3192.0,510.72
ORD-104744,2024-05-18,Dubai,Consumer,Technology,Phones,3,0.0,1668.71,266.99
ORD-103964,2024-05-18,Sharjah,Consumer,Office Supplies,Paper,5,0.0,258.26,108.47
ORD-103223,2024-05-18,Sharjah,Consumer,Office Supplies,Paper,8,0.2,524.54,157.36
ORD-105988,2024-05-18,Abu Dhabi,SMB,Office Supplies,Storage,8,0.0,323.72,135.96
ORD-100090,2024-05-18,Dubai,Corporate,Furniture,Bookcases,2,0.0,901.81,252.51
ORD-105733,2024-05-18,Sharjah,Corporate,Technology,Accessories,7,0.15,3689.16,258.24
ORD-100936,2024-05-18,Abu Dhabi,Consumer,Furniture,Bookcases,1,0.0,557.45,156.09
ORD-102534,2024-05-19,Dubai,Consumer,Furniture,Bookcases,4,0.15,1920.36,364.87
ORD-100774,2024-05-19,Dubai,Corporate,Technology,Phones,8,0.15,5921.46,414.5
ORD-101280,2024-05-19,Dubai,Corporate,Furniture,Tables,2,0.0,890.49,249.34
ORD-105990,2024-05-19,Dubai,Corporate,Office Supplies,Storage,1,0.1,42.75,15.39
ORD-103361,2024-05-19,Sharjah,Consumer,Furniture,Tables,5,0.0,1021.34,285.98
ORD-101751,2024-05-19,Sharjah,SMB,Office Supplies,Paper,5,0.15,167.75,55.36
ORD-105726,2024-05-19,Dubai,Consumer,Furniture,Tables,7,0.2,3268.68,522.99
ORD-102449,2024-05-19,Dubai,Consumer,Technology,Accessories,6,0.0,2470.94,395.35
ORD-100807,2024-05-20,Northern Emirates,Consumer,Furniture,Bookcases,7,0.3,1794.95,179.5
ORD-101913,2024-05-20,Sharjah,Corporate,Furniture,Storage,3,0.2,1054.65,168.74
ORD-103257,2024-05-20,Dubai,Consumer,Furniture,Chairs,4,0.2,1359.7,217.55
ORD-100896,2024-05-20,Dubai,Consumer,Furniture,Tables,2,0.0,1206.44,337.8
ORD-103846,2024-05-20,Abu Dhabi,Consumer,Furniture,Chairs,2,0.2,1196.75,191.48
ORD-103154,2024-05-20,Northern Emirates,Consumer,Office Supplies,Binders,8,0.0,334.68,140.57
ORD-105197,2024-05-20,Northern Emirates,SMB,Technology,Accessories,5,0.3,1593.45,-31.87
ORD-104017,2024-05-20,Dubai,SMB,Office Supplies,Binders,6,0.1,285.96,102.95
ORD-101778,2024-05-20,Dubai,SMB,Office Supplies,Binders,1,0.2,68.34,20.5
ORD-105040,2024-05-21,Northern Emirates,Consumer,Furniture,Tables,6,0.15,2796.95,531.42
ORD-104930,2024-05-21,Sharjah,Corporate,Furniture,Storage,1,0.15,847.93,161.11
ORD-105582,2024-05-21,Sharjah,Corporate,Office Supplies,Storage,4,0.0,114.49,48.09
ORD-103924,2024-05-21,Dubai,Consumer,Technology,Phones,1,0.3,455.46,-9.11
ORD-105680,2024-05-21,Abu Dhabi,Consumer,Office Supplies,Storage,3,0.0,158.3,66.49
ORD-101235,2024-05-21,Abu Dhabi,SMB,Office Supplies,Binders,6,0.15,157.17,51.87
ORD-102211,2024-05-21,Dubai,Corporate,Furniture,Tables,3,0.2,1073.02,171.68
ORD-101245,2024-05-21,Dubai,Consumer,Technology,Phones,5,0.1,3719.45,371.94
ORD-102402,2024-05-21,Dubai,Consumer,Office Supplies,Paper,3,0.1,140.63,50.63
ORD-103187,2024-05-21,Northern Emirates,Corporate,Technology,Phones,6,0.15,4713.25,329.93
ORD-104576,2024-05-21,Dubai,Consumer,Furniture,Storage,2,0.15,346.46,65.83
ORD-104705,2024-05-21,Abu Dhabi,Corporate,Technology,Accessories,7,0.0,5867.94,938.87
ORD-104843,2024-05-21,Dubai,SMB,Office Supplies,Paper,6,0.0,196.97,82.73
ORD-100257,2024-05-21,Dubai,Corporate,Furniture,Storage,5,0.0,1341.06,375.5
ORD-100514,2024-05-22,Abu Dhabi,SMB,Technology,Laptops,3,0.0,2355.15,376.82
ORD-102065,2024-05-22,Sharjah,SMB,Furniture,Storage,4,0.0,1188.6,332.81
ORD-101980,2024-05-22,Dubai,Corporate,Technology,Laptops,8,0.0,3182.34,509.17
ORD-104064,2024-05-22,Northern Emirates,Corporate,Office Supplies,Paper,8,0.1,308.48,111.05
ORD-103072,2024-05-23,Sharjah,Consumer,Technology,Laptops,2,0.0,2332.44,373.19
ORD-102587,2024-05-23,Sharjah,Consumer,Technology,Laptops,5,0.0,4649.64,743.94
ORD-105349,2024-05-23,Sharjah,Consumer,Office Supplies,Pens,1,0.0,31.51,13.23
ORD-104113,2024-05-23,Sharjah,Corporate,Technology,Accessories,8,0.0,5536.7,885.87
ORD-103582,2024-05-23,Northern Emirates,Corporate,Technology,Laptops,6,0.0,2850.84,456.13
ORD-100501,2024-05-23,Abu Dhabi,Corporate,Technology,Accessories,6,0.0,4153.38,664.54
ORD-100562,2024-05-23,Abu Dhabi,Corporate,Furniture,Bookcases,6,0.15,1908.32,362.58
ORD-105436,2024-05-23,Dubai,Corporate,Technology,Laptops,4,0.0,2409.25,385.48
ORD-103483,2024-05-24,Northern Emirates,Consumer,Office Supplies,Storage,3,0.15,111.75,36.88
ORD-105265,2024-05-24,Sharjah,Corporate,Technology,Accessories,2,0.1,887.3,88.73
ORD-103016,2024-05-24,Northern Emirates,Consumer,Technology,Monitors,5,0.15,4131.47,289.2
ORD-101129,2024-05-24,Abu Dhabi,SMB,Technology,Monitors,8,0.3,4426.45,-88.53
ORD-101915,2024-05-25,Sharjah,Consumer,Office Supplies,Pens,7,0.1,338.58,121.89
ORD-102908,2024-05-25,Abu Dhabi,Consumer,Office Supplies,Storage,4,0.15,156.94,51.79
ORD-103030,2024-05-25,Abu Dhabi,Consumer,Technology,Accessories,1,0.3,626.83,-12.54
ORD-100921,2024-05-25,Sharjah,Corporate,Furniture,Bookcases,5,0.0,1931.17,540.73
ORD-104608,2024-05-26,Sharjah,Corporate,Furniture,Bookcases,4,0.1,1080.86,237.79
ORD-101916,2024-05-26,Abu Dhabi,Corporate,Furniture,Tables,3,0.1,1476.38,324.8
ORD-101931,2024-05-26,Abu Dhabi,Corporate,Office Supplies,Pens,6,0.15,489.56,161.55
ORD-100848,2024-05-26,Dubai,Consumer,Technology,Phones,7,0.15,5939.32,415.75
ORD-100834,2024-05-26,Abu Dhabi,Consumer,Office Supplies,Pens,4,0.2,184.1,55.23
ORD-105192,2024-05-26,Northern Emirates,Consumer,Office Supplies,Paper,1,0.2,52.89,15.87
ORD-104093,2024-05-26,Abu Dhabi,SMB,Office Supplies,Storage,1,0.2,22.09,6.63
ORD-104215,2024-05-26,Sharjah,Consumer,Technology,Phones,6,0.2,4079.54,163.18
ORD-104838,2024-05-27,Dubai,Corporate,Office Supplies,Paper,8,0.0,281.15,118.08
ORD-104515,2024-05-27,Sharjah,Consumer,Furniture,Tables,6,0.1,3155.93,694.3
ORD-101083,2024-05-27,Dubai,Corporate,Furniture,Tables,1,0.0,540.31,151.29
ORD-100946,2024-05-27,Abu Dhabi,Corporate,Technology,Laptops,3,0.0,92.34,14.77
ORD-103771,2024-05-27,Dubai,Consumer,Office Supplies,Binders,2,0.0,155.69,65.39
ORD-100469,2024-05-28,Sharjah,Corporate,Office Supplies,Pens,8,0.1,278.74,100.35
ORD-101339,2024-05-28,Dubai,SMB,Office Supplies,Storage,1,0.0,56.73,23.83
ORD-102362,2024-05-28,Sharjah,Corporate,Technology,Accessories,7,0.0,5405.44,864.87
ORD-101798,2024-05-28,Abu Dhabi,SMB,Office Supplies,Paper,7,0.0,108.71,45.66
ORD-100428,2024-05-28,Abu Dhabi,Consumer,Technology,Monitors,3,0.3,1509.01,-30.18
ORD-103426,2024-05-28,Dubai,Consumer,Office Supplies,Pens,6,0.1,138.08,49.71
ORD-104491,2024-05-29,Sharjah,Consumer,Technology,Monitors,8,0.2,4592.91,183.72
ORD-100880,2024-05-29,Northern Emirates,Consumer,Furniture,Chairs,8,0.15,7175.53,1363.35
ORD-103247,2024-05-29,Abu Dhabi,Corporate,Technology,Phones,6,0.0,5017.12,802.74
ORD-105986,2024-05-29,Northern Emirates,Consumer,Technology,Monitors,5,0.1,3487.19,348.72
ORD-104850,2024-05-29,Abu Dhabi,Consumer,Furniture,Bookcases,5,0.2,2197.94,351.67
ORD-104387,2024-05-29,Sharjah,Consumer,Furniture,Tables,2,0.2,544.96,87.19
ORD-104478,2024-05-29,Dubai,Corporate,Technology,Monitors,6,0.0,4850.74,776.12
ORD-103395,2024-05-30,Northern Emirates,Corporate,Furniture,Bookcases,7,0.1,2106.27,463.38
ORD-102685,2024-05-30,Abu Dhabi,Corporate,Office Supplies,Paper,1,0.0,49.66,20.86
ORD-103008,2024-05-30,Dubai,Corporate,Technology,Laptops,5,0.0,2931.57,469.05
ORD-105826,2024-05-30,Sharjah,Consumer,Technology,Laptops,3,0.3,1717.71,-34.35
ORD-104126,2024-05-30,Dubai,SMB,Furniture,Bookcases,5,0.2,2101.26,336.2
ORD-100565,2024-05-30,Sharjah,Consumer,Furniture,Storage,1,0.15,473.77,90.02
ORD-100672,2024-05-30,Sharjah,SMB,Furniture,Tables,1,0.0,8.0,2.24
ORD-104627,2024-05-30,Sharjah,SMB,Technology,Laptops,7,0.15,4757.51,333.03
ORD-105358,2024-05-30,Dubai,Corporate,Office Supplies,Storage,4,0.2,135.48,40.64
ORD-105858,2024-05-30,Dubai,SMB,Furniture,Tables,8,0.2,2394.69,383.15
ORD-100169,2024-05-31,Sharjah,Corporate,Office Supplies,Storage,8,0.0,318.31,133.69
ORD-100153,2024-05-31,Northern Emirates,Corporate,Technology,Laptops,4,0.2,3184.75,127.39
ORD-103186,2024-05-31,Dubai,Corporate,Furniture,Chairs,8,0.1,3782.53,832.16
ORD-101289,2024-05-31,Sharjah,Corporate,Technology,Phones,8,0.3,5889.29,-117.79
ORD-105330,2024-05-31,Dubai,Corporate,Furniture,Storage,1,0.0,263.26,73.71
ORD-100652,2024-05-31,Sharjah,Consumer,Technology,Phones,3,0.0,2894.1,463.06
ORD-100417,2024-05-31,Northern Emirates,Consumer,Office Supplies,Pens,8,0.2,322.76,96.83
ORD-104713,2024-05-31,Dubai,Corporate,Technology,Monitors,1,0.15,333.83,23.37
ORD-102771,2024-05-31,Sharjah,Consumer,Furniture,Tables,2,0.2,829.02,132.64
ORD-100685,2024-05-31,Abu Dhabi,Corporate,Furniture,Chairs,5,0.1,2811.49,618.53
ORD-102828,2024-05-31,Northern Emirates,Corporate,Technology,Monitors,5,0.1,3216.47,321.65
ORD-100892,2024-06-01,Sharjah,Corporate,Furniture,Tables,7,0.2,3316.41,530.63
ORD-105950,2024-06-01,Dubai,SMB,Furniture,Storage,6,0.2,1582.72,253.24
ORD-100295,2024-06-01,Sharjah,Consumer,Office Supplies,Paper,2,0.0,105.64,44.37
ORD-104624,2024-06-01,Northern Emirates,Consumer,Technology,Monitors,5,0.0,5145.34,823.25
ORD-104592,2024-06-01,Abu Dhabi,Corporate,Technology,Laptops,1,0.0,904.33,144.69
ORD-101769,2024-06-02,Sharjah,Consumer,Office Supplies,Pens,2,0.15,110.19,36.36
ORD-104821,2024-06-02,Abu Dhabi,SMB,Technology,Phones,4,0.15,2023.76,141.66
ORD-100072,2024-06-02,Dubai,Consumer,Furniture,Bookcases,3,0.3,1114.03,111.4
ORD-101941,2024-06-02,Abu Dhabi,Consumer,Furniture,Bookcases,2,0.15,693.55,131.77
ORD-103695,2024-06-02,Northern Emirates,Corporate,Technology,Accessories,5,0.0,649.59,103.93
ORD-101042,2024-06-02,Abu Dhabi,SMB,Office Supplies,Binders,1,0.15,35.46,11.7
ORD-101099,2024-06-02,Abu Dhabi,SMB,Technology,Phones,8,0.1,5245.99,524.6
ORD-102746,2024-06-02,Abu Dhabi,Consumer,Furniture,Chairs,8,0.0,3466.58,970.64
ORD-101353,2024-06-02,Dubai,Consumer,Office Supplies,Storage,8,0.0,379.4,159.35
ORD-100913,2024-06-02,Northern Emirates,Corporate,Technology,Phones,7,0.2,3464.94,138.6
ORD-103751,2024-06-02,Sharjah,Consumer,Office Supplies,Storage,1,0.2,34.11,10.23
ORD-100352,2024-06-02,Northern Emirates,Corporate,Furniture,Chairs,7,0.1,4526.03,995.73
ORD-102920,2024-06-03,Abu Dhabi,Consumer,Technology,Phones,5,0.0,1312.6,210.02
ORD-100001,2024-06-03,Abu Dhabi,Consumer,Technology,Accessories,5,0.1,3175.77,317.58
ORD-101591,2024-06-03,Sharjah,Corporate,Furniture,Bookcases,6,0.0,2575.99,721.28
ORD-103839,2024-06-03,Dubai,Consumer,Furniture,Bookcases,6,0.0,2253.73,631.04
ORD-105640,2024-06-03,Sharjah,Corporate,Office Supplies,Binders,2,0.1,82.49,29.7
ORD-105847,2024-06-03,Dubai,Corporate,Furniture,Bookcases,1,0.0,346.19,96.93
ORD-104382,2024-06-03,Dubai,Consumer,Furniture,Chairs,5,0.0,1751.62,490.45
ORD-104528,2024-06-03,Dubai,SMB,Office Supplies,Binders,4,0.0,125.52,52.72
ORD-101720,2024-06-03,Dubai,Corporate,Furniture,Storage,6,0.1,1631.46,358.92
ORD-105849,2024-06-03,Dubai,Consumer,Office Supplies,Storage,4,0.0,140.0,58.8
ORD-105177,2024-06-04,Abu Dhabi,Consumer,Office Supplies,Binders,2,0.0,99.57,41.82
ORD-100222,2024-06-04,Dubai,Consumer,Office Supplies,Storage,7,0.0,440.1,184.84
ORD-100993,2024-06-04,Dubai,SMB,Technology,Phones,3,0.15,2896.53,202.76
ORD-101442,2024-06-04,Northern Emirates,Consumer,Office Supplies,Binders,2,0.0,93.5,39.27
ORD-104216,2024-06-04,Dubai,Consumer,Technology,Phones,3,0.15,1455.24,101.87
ORD-101760,2024-06-05,Abu Dhabi,Consumer,Technology,Accessories,8,0.0,4186.35,669.82
ORD-100975,2024-06-05,Dubai,Consumer,Technology,Accessories,2,0.0,1069.9,171.18
ORD-103925,2024-06-05,Northern Emirates,Consumer,Furniture,Storage,2,0.15,982.87,186.75
ORD-100806,2024-06-05,Dubai,Consumer,Furniture,Tables,4,0.1,1480.54,325.72
ORD-103389,2024-06-05,Northern Emirates,Corporate,Furniture,Bookcases,5,0.15,2336.84,444.0
ORD-102649,2024-06-05,Northern Emirates,Corporate,Office Supplies,Binders,5,0.2,292.58,87.77
ORD-100906,2024-06-06,Dubai,SMB,Technology,Phones,8,0.15,4541.67,317.92
ORD-105978,2024-06-06,Sharjah,Consumer,Technology,Phones,5,0.0,2711.86,433.9
ORD-102090,2024-06-06,Dubai,Consumer,Office Supplies,Storage,4,0.15,173.2,57.16
ORD-105498,2024-06-06,Abu Dhabi,SMB,Technology,Laptops,5,0.2,2394.26,95.77
ORD-101255,2024-06-06,Dubai,Consumer,Technology,Laptops,5,0.15,4940.16,345.81
ORD-101817,2024-06-06,Dubai,Corporate,Technology,Monitors,2,0.2,1421.13,56.85
ORD-102935,2024-06-06,Dubai,Consumer,Technology,Accessories,3,0.0,2709.21,433.47
ORD-101602,2024-06-06,Abu Dhabi,Consumer,Technology,Accessories,6,0.0,5287.21,845.95
ORD-101495,2024-06-06,Dubai,Corporate,Office Supplies,Storage,2,0.0,82.57,34.68
ORD-105012,2024-06-06,Dubai,Corporate,Office Supplies,Storage,7,0.0,261.93,110.01
ORD-105286,2024-06-06,Sharjah,SMB,Technology,Monitors,2,0.0,2199.01,351.84
ORD-100420,2024-06-06,Abu Dhabi,Corporate,Office Supplies,Storage,3,0.0,113.25,47.56
ORD-104089,2024-06-07,Abu Dhabi,Consumer,Office Supplies,Pens,3,0.2,206.68,62.0
ORD-103593,2024-06-07,Dubai,Corporate,Furniture,Tables,8,0.0,3618.11,1013.07
ORD-102678,2024-06-07,Abu Dhabi,Consumer,Office Supplies,Pens,2,0.2,113.46,34.04
ORD-105487,2024-06-07,Dubai,Consumer,Office Supplies,Binders,3,0.2,178.15,53.44
ORD-102705,2024-06-07,Sharjah,Consumer,Office Supplies,Paper,8,0.0,634.73,266.59
ORD-102889,2024-06-07,Dubai,SMB,Technology,Laptops,2,0.2,1193.31,47.73
ORD-100691,2024-06-07,Dubai,Corporate,Office Supplies,Storage,2,0.0,82.34,34.58
ORD-101502,2024-06-07,Abu Dhabi,Corporate,Technology,Accessories,8,0.0,5052.51,808.4
ORD-100914,2024-06-07,Dubai,Consumer,Office Supplies,Paper,7,0.2,332.68,99.8
ORD-102673,2024-06-08,Sharjah,SMB,Furniture,Tables,1,0.0,400.74,112.21
ORD-104383,2024-06-08,Sharjah,Consumer,Furniture,Tables,8,0.0,3393.2,950.1
ORD-101070,2024-06-08,Sharjah,SMB,Furniture,Chairs,8,0.3,2357.65,235.77
ORD-102470,2024-06-08,Northern Emirates,Consumer,Technology,Monitors,8,0.0,4647.1,743.54
ORD-100244,2024-06-08,Abu Dhabi,Consumer,Office Supplies,Pens,5,0.0,131.68,55.31
ORD-102840,2024-06-08,Dubai,Consumer,Office Supplies,Binders,8,0.0,576.93,242.31
ORD-104149,2024-06-08,Sharjah,Consumer,Office Supplies,Pens,5,0.1,107.36,38.65
ORD-101299,2024-06-08,Northern Emirates,Corporate,Office Supplies,Storage,3,0.0,239.05,100.4
ORD-100546,2024-06-08,Dubai,Corporate,Technology,Phones,4,0.1,2044.3,204.43
ORD-105092,2024-06-08,Abu Dhabi,Consumer,Office Supplies,Storage,4,0.15,198.03,65.35
ORD-100132,2024-06-09,Abu Dhabi,Consumer,Furniture,Chairs,8,0.1,3934.55,865.6
ORD-102202,2024-06-09,Abu Dhabi,SMB,Furniture,Bookcases,3,0.15,1732.29,329.14
ORD-100871,2024-06-09,Sharjah,Consumer,Technology,Laptops,7,0.15,3762.08,263.35
ORD-103558,2024-06-09,Sharjah,Corporate,Furniture,Chairs,1,0.15,329.65,62.63
ORD-101152,2024-06-09,Dubai,Consumer,Technology,Accessories,2,0.2,1861.4,74.46
ORD-103720,2024-06-09,Abu Dhabi,Consumer,Furniture,Tables,5,0.15,1520.69,288.93
ORD-103882,2024-06-09,Abu Dhabi,Consumer,Furniture,Chairs,1,0.0,366.44,102.6
ORD-101615,2024-06-09,Abu Dhabi,Corporate,Office Supplies,Pens,5,0.1,196.15,70.61
ORD-101585,2024-06-09,Abu Dhabi,Consumer,Technology,Laptops,1,0.3,631.91,-12.64
ORD-105545,2024-06-09,Northern Emirates,Consumer,Furniture,Bookcases,6,0.0,2324.5,650.86
ORD-104918,2024-06-09,Sharjah,Corporate,Furniture,Chairs,7,0.0,2480.69,694.59
ORD-101577,2024-06-09,Abu Dhabi,Consumer,Furniture,Storage,2,0.0,345.65,96.78
ORD-105975,2024-06-10,Northern Emirates,SMB,Office Supplies,Pens,6,0.0,157.83,66.29
ORD-100819,2024-06-10,Northern Emirates,SMB,Furniture,Tables,6,0.0,3778.55,1057.99
ORD-100968,2024-06-10,Dubai,Consumer,Office Supplies,Pens,6,0.2,229.44,68.83
ORD-100991,2024-06-10,Dubai,SMB,Office Supplies,Storage,1,0.1,45.68,16.44
ORD-103675,2024-06-10,Dubai,Consumer,Furniture,Chairs,7,0.1,4282.91,942.24
ORD-101308,2024-06-10,Northern Emirates,Corporate,Furniture,Chairs,6,0.0,1825.86,511.24
ORD-104026,2024-06-10,Dubai,SMB,Furniture,Chairs,2,0.2,693.47,110.96
ORD-100634,2024-06-11,Sharjah,Consumer,Furniture,Tables,5,0.0,1421.87,398.12
ORD-103037,2024-06-11,Abu Dhabi,Corporate,Furniture,Bookcases,2,0.1,1304.68,287.03
ORD-100055,2024-06-11,Dubai,SMB,Furniture,Bookcases,7,0.2,4683.15,749.3
ORD-101839,2024-06-11,Dubai,Corporate,Technology,Accessories,8,0.3,6820.84,-136.42
ORD-102172,2024-06-11,Sharjah,Consumer,Technology,Phones,8,0.1,5979.32,597.93
ORD-100207,2024-06-11,Northern Emirates,Corporate,Furniture,Bookcases,4,0.2,1403.76,224.6
ORD-105410,2024-06-11,Dubai,Corporate,Technology,Accessories,5,0.3,5277.42,-105.55
ORD-104720,2024-06-11,Sharjah,Corporate,Furniture,Storage,1,0.3,521.4,52.14
ORD-100400,2024-06-11,Northern Emirates,Corporate,Technology,Laptops,6,0.2,6363.35,254.53
ORD-103531,2024-06-11,Abu Dhabi,Corporate,Technology,Accessories,1,0.0,603.51,96.56
ORD-100277,2024-06-11,Dubai,Consumer,Office Supplies,Binders,3,0.1,78.43,28.23
ORD-105350,2024-06-12,Northern Emirates,Consumer,Office Supplies,Paper,5,0.3,146.43,35.14
ORD-100312,2024-06-12,Abu Dhabi,SMB,Furniture,Chairs,4,0.2,1661.99,265.92
ORD-103169,2024-06-12,Abu Dhabi,Consumer,Office Supplies,Storage,7,0.0,257.68,108.23
ORD-102143,2024-06-12,Abu Dhabi,Consumer,Technology,Monitors,2,0.3,1345.91,-26.92
ORD-100526,2024-06-12,Dubai,SMB,Furniture,Tables,4,0.1,1479.03,325.39
ORD-105571,2024-06-12,Sharjah,Corporate,Furniture,Chairs,4,0.2,1723.96,275.83
ORD-104137,2024-06-12,Abu Dhabi,Corporate,Office Supplies,Storage,2,0.3,59.58,14.3
ORD-103548,2024-06-12,Dubai,Corporate,Furniture,Bookcases,2,0.0,1252.68,350.75
ORD-103646,2024-06-12,Dubai,Consumer,Office Supplies,Paper,5,0.3,95.51,22.92
ORD-102780,2024-06-13,Dubai,SMB,Office Supplies,Paper,5,0.1,200.01,72.0
ORD-100989,2024-06-13,Dubai,Consumer,Furniture,Bookcases,5,0.2,2161.51,345.84
ORD-104956,2024-06-13,Dubai,SMB,Furniture,Bookcases,5,0.0,3623.65,1014.62
ORD-100279,2024-06-14,Dubai,Consumer,Office Supplies,Pens,1,0.0,54.78,23.01
ORD-103680,2024-06-14,Sharjah,Consumer,Technology,Phones,3,0.1,1518.77,151.88
ORD-101709,2024-06-14,Sharjah,SMB,Furniture,Tables,7,0.2,2260.78,361.72
ORD-101629,2024-06-14,Dubai,Consumer,Technology,Phones,3,0.0,769.78,123.16
ORD-102862,2024-06-14,Dubai,SMB,Technology,Phones,4,0.1,2326.45,232.64
ORD-100315,2024-06-14,Northern Emirates,Corporate,Office Supplies,Binders,3,0.0,170.46,71.59
ORD-100765,2024-06-14,Dubai,Corporate,Technology,Laptops,8,0.2,6228.76,249.15
ORD-102855,2024-06-14,Dubai,SMB,Technology,Laptops,1,0.3,1099.79,-22.0
ORD-100317,2024-06-14,Abu Dhabi,Corporate,Furniture,Bookcases,4,0.1,1798.56,395.68
ORD-101392,2024-06-14,Sharjah,Corporate,Technology,Accessories,4,0.2,1644.94,65.8
ORD-103796,2024-06-15,Dubai,Consumer,Technology,Laptops,5,0.1,4648.39,464.84
ORD-101191,2024-06-15,Abu Dhabi,Corporate,Furniture,Storage,1,0.0,451.83,126.51
ORD-100423,2024-06-15,Dubai,Corporate,Office Supplies,Storage,6,0.3,298.59,71.66
ORD-102126,2024-06-15,Abu Dhabi,Corporate,Technology,Phones,1,0.1,1046.01,104.6
ORD-101932,2024-06-15,Sharjah,Corporate,Office Supplies,Pens,3,0.2,75.53,22.66
ORD-105243,2024-06-15,Dubai,Corporate,Furniture,Chairs,8,0.15,3818.0,725.42
ORD-100110,2024-06-15,Sharjah,Corporate,Furniture,Chairs,8,0.0,3820.94,1069.86
ORD-102912,2024-06-15,Sharjah,Consumer,Office Supplies,Pens,6,0.0,149.7,62.87
ORD-102131,2024-06-16,Dubai,Consumer,Technology,Laptops,3,0.3,1892.24,-37.84
ORD-103346,2024-06-16,Dubai,Consumer,Office Supplies,Binders,8,0.0,208.64,87.63
ORD-100826,2024-06-16,Northern Emirates,Consumer,Office Supplies,Storage,6,0.0,165.02,69.31
ORD-105292,2024-06-16,Dubai,Corporate,Office Supplies,Storage,3,0.1,94.29,33.94
ORD-104360,2024-06-16,Dubai,Consumer,Technology,Accessories,3,0.1,1072.67,107.27
ORD-100510,2024-06-16,Dubai,Consumer,Furniture,Tables,8,0.1,2792.06,614.25
ORD-105514,2024-06-16,Sharjah,Consumer,Office Supplies,Binders,1,0.2,14.36,4.31
ORD-103793,2024-06-16,Sharjah,Corporate,Furniture,Chairs,5,0.0,1165.21,326.26
ORD-104044,2024-06-16,Sharjah,Corporate,Office Supplies,Binders,6,0.0,201.09,84.46
ORD-105003,2024-06-16,Dubai,Consumer,Office Supplies,Paper,3,0.15,159.24,52.55
ORD-101522,2024-06-16,Dubai,Consumer,Furniture,Chairs,5,0.1,940.23,206.85
ORD-103604,2024-06-17,Sharjah,Consumer,Technology,Laptops,3,0.3,2827.02,-56.54
ORD-105928,2024-06-17,Northern Emirates,Consumer,Furniture,Storage,7,0.0,2792.45,781.89
ORD-105140,2024-06-17,Dubai,Consumer,Furniture,Bookcases,3,0.0,1146.21,320.94
ORD-100360,2024-06-17,Abu Dhabi,Corporate,Office Supplies,Binders,5,0.0,238.8,100.3
ORD-102322,2024-06-17,Northern Emirates,SMB,Technology,Accessories,3,0.0,2519.86,403.18
ORD-100285,2024-06-17,Abu Dhabi,Corporate,Office Supplies,Binders,4,0.0,146.53,61.54
ORD-101624,2024-06-17,Abu Dhabi,Consumer,Furniture,Chairs,5,0.0,1601.5,448.42
ORD-105933,2024-06-17,Abu Dhabi,Consumer,Furniture,Tables,2,0.1,845.73,186.06
ORD-103712,2024-06-18,Abu Dhabi,Corporate,Technology,Phones,2,0.1,871.1,87.11
ORD-104649,2024-06-18,Dubai,Corporate,Office Supplies,Pens,7,0.1,273.68,98.52
ORD-103744,2024-06-18,Dubai,Consumer,Technology,Accessories,5,0.0,4965.07,794.41
ORD-100066,2024-06-18,Northern Emirates,SMB,Technology,Laptops,1,0.0,788.09,126.09
ORD-105698,2024-06-18,Abu Dhabi,Corporate,Office Supplies,Storage,1,0.1,37.57,13.53
ORD-102628,2024-06-19,Abu Dhabi,Corporate,Technology,Laptops,7,0.15,6162.72,431.39
ORD-102750,2024-06-19,Northern Emirates,Consumer,Office Supplies,Paper,4,0.0,208.54,87.59
ORD-105244,2024-06-19,Northern Emirates,Corporate,Furniture,Storage,5,0.2,2854.24,456.68
ORD-102813,2024-06-19,Sharjah,Corporate,Office Supplies,Storage,4,0.0,133.2,55.94
ORD-103591,2024-06-19,Northern Emirates,Consumer,Furniture,Chairs,4,0.15,1297.74,246.57
ORD-100144,2024-06-19,Dubai,Corporate,Furniture,Chairs,8,0.3,2716.57,271.66
ORD-104787,2024-06-19,Dubai,Consumer,Office Supplies,Storage,5,0.0,249.96,104.98
ORD-103879,2024-06-19,Dubai,Consumer,Technology,Accessories,7,0.0,4111.49,657.84
ORD-101928,2024-06-19,Abu Dhabi,Consumer,Furniture,Tables,7,0.2,3596.62,575.46
ORD-102943,2024-06-20,Sharjah,Consumer,Furniture,Storage,6,0.0,3190.09,893.23
ORD-105394,2024-06-20,Dubai,Consumer,Technology,Accessories,3,0.3,2548.88,-50.98
ORD-102232,2024-06-20,Sharjah,Corporate,Office Supplies,Binders,1,0.1,34.4,12.38
ORD-105453,2024-06-20,Abu Dhabi,Consumer,Office Supplies,Pens,8,0.0,453.25,190.36
ORD-103739,2024-06-20,Sharjah,Consumer,Furniture,Tables,5,0.0,1374.55,384.87
ORD-103947,2024-06-20,Abu Dhabi,Consumer,Furniture,Storage,7,0.0,2911.99,815.36
ORD-104505,2024-06-20,Sharjah,Consumer,Furniture,Bookcases,1,0.2,351.13,56.18
ORD-101403,2024-06-20,Dubai,Consumer,Technology,Monitors,7,0.0,4738.99,758.24
ORD-101870,2024-06-20,Dubai,Consumer,Furniture,Storage,1,0.1,462.24,101.69
ORD-103387,2024-06-20,Abu Dhabi,SMB,Technology,Laptops,4,0.3,1849.03,-36.98
ORD-105116,2024-06-20,Abu Dhabi,Consumer,Technology,Phones,1,0.1,786.48,78.65
ORD-105235,2024-06-21,Abu Dhabi,Consumer,Furniture,Chairs,5,0.1,2086.66,459.07
ORD-100812,2024-06-21,Dubai,SMB,Furniture,Storage,3,0.1,1648.16,362.6
ORD-104015,2024-06-21,Dubai,Consumer,Furniture,Storage,8,0.0,2832.91,793.21
ORD-101224,2024-06-21,Dubai,SMB,Technology,Phones,7,0.0,6606.27,1057.0
ORD-103029,2024-06-21,Dubai,Corporate,Furniture,Bookcases,7,0.0,3168.98,887.31
ORD-102552,2024-06-21,Sharjah,SMB,Furniture,Tables,3,0.3,1452.9,145.29
ORD-105540,2024-06-21,Dubai,SMB,Furniture,Tables,7,0.2,1050.33,168.05
ORD-104909,2024-06-21,Abu Dhabi,Consumer,Furniture,Chairs,3,0.0,2051.51,574.42
ORD-101678,2024-06-21,Abu Dhabi,SMB,Technology,Phones,2,0.0,2062.91,330.07
ORD-103382,2024-06-21,Sharjah,Consumer,Office Supplies,Pens,8,0.0,523.41,219.83
ORD-100067,2024-06-21,Dubai,SMB,Furniture,Chairs,3,0.0,1918.27,537.12
ORD-103124,2024-06-21,Sharjah,Consumer,Furniture,Storage,7,0.2,3736.6,597.86
ORD-100184,2024-06-21,Dubai,SMB,Technology,Laptops,4,0.15,2958.9,207.12
ORD-102634,2024-06-21,Abu Dhabi,Consumer,Technology,Monitors,7,0.15,4698.29,328.88
ORD-102651,2024-06-21,Dubai,SMB,Office Supplies,Binders,5,0.15,186.38,61.51
ORD-100006,2024-06-22,Sharjah,Corporate,Office Supplies,Storage,3,0.2,202.23,60.67
ORD-102825,2024-06-22,Dubai,Consumer,Technology,Accessories,2,0.0,960.96,153.75
ORD-105043,2024-06-22,Dubai,Consumer,Furniture,Tables,6,0.0,676.66,189.46
ORD-100645,2024-06-23,Abu Dhabi,Corporate,Furniture,Chairs,7,0.15,3270.0,621.3
ORD-101619,2024-06-23,Dubai,SMB,Office Supplies,Binders,6,0.0,467.15,196.2
ORD-101073,2024-06-23,Dubai,Consumer,Office Supplies,Pens,6,0.0,165.25,69.4
ORD-101095,2024-06-23,Sharjah,Consumer,Office Supplies,Binders,7,0.1,253.74,91.35
ORD-105501,2024-06-23,Northern Emirates,SMB,Furniture,Tables,2,0.2,846.28,135.4
ORD-104379,2024-06-23,Dubai,SMB,Furniture,Tables,3,0.0,1090.34,305.3
ORD-103790,2024-06-23,Abu Dhabi,Consumer,Furniture,Bookcases,8,0.15,2176.29,413.5
ORD-102491,2024-06-24,Abu Dhabi,Consumer,Technology,Accessories,7,0.2,5305.6,212.22
ORD-102574,2024-06-24,Abu Dhabi,Consumer,Technology,Accessories,2,0.0,408.03,65.28
ORD-105814,2024-06-24,Northern Emirates,Corporate,Furniture,Bookcases,5,0.0,1674.32,468.81
ORD-102869,2024-06-24,Abu Dhabi,Consumer,Office Supplies,Storage,5,0.2,334.18,100.25
ORD-103999,2024-06-24,Sharjah,Consumer,Office Supplies,Binders,6,0.1,415.26,149.49
ORD-104471,2024-06-24,Dubai,Consumer,Office Supplies,Pens,4,0.0,210.86,88.56
ORD-101888,2024-06-25,Sharjah,Consumer,Office Supplies,Storage,3,0.0,46.18,19.4
ORD-100724,2024-06-25,Abu Dhabi,Consumer,Technology,Phones,8,0.2,2003.28,80.13
ORD-100323,2024-06-25,Sharjah,Consumer,Furniture,Chairs,8,0.0,6399.8,1791.94
ORD-102861,2024-06-25,Dubai,Consumer,Office Supplies,Paper,5,0.15,78.92,26.04
ORD-103103,2024-06-25,Sharjah,Consumer,Technology,Accessories,3,0.1,1585.5,158.55
ORD-101304,2024-06-25,Abu Dhabi,Consumer,Technology,Accessories,4,0.0,3042.58,486.81
ORD-101662,2024-06-26,Abu Dhabi,Corporate,Technology,Phones,8,0.0,3397.73,543.64
ORD-104484,2024-06-26,Abu Dhabi,Corporate,Office Supplies,Storage,3,0.1,162.78,58.6
ORD-101482,2024-06-26,Northern Emirates,Consumer,Technology,Laptops,7,0.1,2821.69,282.17
ORD-102667,2024-06-26,Sharjah,Consumer,Technology,Accessories,1,0.15,789.46,55.26
ORD-103870,2024-06-26,Sharjah,SMB,Furniture,Bookcases,5,0.15,2139.26,406.46
ORD-100845,2024-06-26,Abu Dhabi,Consumer,Technology,Monitors,2,0.0,1485.06,237.61
ORD-102101,2024-06-26,Northern Emirates,Corporate,Technology,Monitors,8,0.15,5766.42,403.65
ORD-101847,2024-06-26,Dubai,SMB,Technology,Phones,4,0.3,4001.86,-80.04
ORD-103742,2024-06-26,Dubai,Consumer,Technology,Monitors,1,0.0,608.08,97.29
ORD-100220,2024-06-26,Dubai,Corporate,Office Supplies,Binders,6,0.15,278.23,91.82
ORD-103238,2024-06-26,Dubai,Consumer,Office Supplies,Pens,5,0.15,195.03,64.36
ORD-100173,2024-06-26,Dubai,Consumer,Furniture,Chairs,5,0.3,1705.44,170.54
ORD-104593,2024-06-27,Dubai,SMB,Office Supplies,Storage,8,0.0,386.66,162.4
ORD-101293,2024-06-27,Northern Emirates,Corporate,Technology,Accessories,1,0.0,685.81,109.73
ORD-102559,2024-06-27,Dubai,Corporate,Technology,Laptops,5,0.15,3293.2,230.52
ORD-103862,2024-06-27,Dubai,Consumer,Technology,Accessories,4,0.0,3464.31,554.29
ORD-102438,2024-06-27,Abu Dhabi,Corporate,Office Supplies,Pens,8,0.0,447.74,188.05
ORD-104230,2024-06-27,Dubai,SMB,Technology,Monitors,2,0.0,965.41,154.47
ORD-103784,2024-06-27,Dubai,SMB,Furniture,Storage,6,0.0,2841.83,795.71
ORD-100039,2024-06-27,Dubai,Consumer,Technology,Laptops,8,0.15,5588.07,391.16
ORD-104968,2024-06-28,Dubai,Corporate,Technology,Monitors,8,0.0,4596.5,735.44
ORD-100728,2024-06-28,Abu Dhabi,Consumer,Technology,Phones,6,0.0,5671.91,907.51
ORD-105517,2024-06-28,Sharjah,SMB,Furniture,Chairs,6,0.0,2192.36,613.86
ORD-104943,2024-06-28,Dubai,Corporate,Technology,Accessories,4,0.3,3172.9,-63.46
ORD-104830,2024-06-28,Abu Dhabi,Consumer,Technology,Laptops,2,0.15,1734.89,121.44
ORD-104029,2024-06-29,Dubai,Consumer,Office Supplies,Paper,7,0.1,186.51,67.14
ORD-103706,2024-06-29,Abu Dhabi,Consumer,Office Supplies,Binders,8,0.3,254.87,61.17
ORD-103303,2024-06-29,Dubai,Consumer,Technology,Monitors,6,0.0,4758.83,761.41
ORD-105547,2024-06-29,Sharjah,Corporate,Technology,Monitors,6,0.0,2469.68,395.15
ORD-102303,2024-06-29,Abu Dhabi,Corporate,Technology,Laptops,6,0.0,5165.24,826.44
ORD-101952,2024-06-29,Abu Dhabi,Consumer,Technology,Phones,3,0.1,3434.4,343.44
ORD-100604,2024-06-29,Dubai,Corporate,Technology,Phones,4,0.0,1949.98,312.0
ORD-104662,2024-06-29,Northern Emirates,Corporate,Technology,Monitors,2,0.0,1506.17,240.99
ORD-105336,2024-06-29,Dubai,Corporate,Technology,Accessories,6,0.3,2549.54,-50.99
ORD-101452,2024-06-30,Abu Dhabi,Consumer,Office Supplies,Pens,1,0.2,35.16,10.55
ORD-100054,2024-06-30,Abu Dhabi,SMB,Office Supplies,Paper,4,0.3,189.78,45.55
ORD-101356,2024-06-30,Abu Dhabi,SMB,Office Supplies,Paper,4,0.2,216.14,64.84
ORD-102765,2024-06-30,Abu Dhabi,Consumer,Office Supplies,Binders,2,0.0,72.64,30.51
ORD-105993,2024-06-30,Dubai,SMB,Technology,Accessories,2,0.0,1289.85,206.38
ORD-102385,2024-06-30,Abu Dhabi,Corporate,Technology,Phones,7,0.0,3889.15,622.26
ORD-103438,2024-06-30,Dubai,SMB,Technology,Phones,1,0.0,773.42,123.75
ORD-100663,2024-06-30,Northern Emirates,SMB,Office Supplies,Paper,4,0.2,129.46,38.84
ORD-102918,2024-06-30,Abu Dhabi,SMB,Technology,Accessories,1,0.2,931.03,37.24
ORD-101584,2024-06-30,Dubai,Corporate,Furniture,Storage,5,0.0,1847.8,517.38
ORD-103033,2024-06-30,Dubai,SMB,Furniture,Storage,3,0.0,1155.08,323.42
ORD-105767,2024-06-30,Sharjah,Corporate,Technology,Phones,4,0.3,1346.85,-26.94
ORD-102843,2024-06-30,Sharjah,Consumer,Technology,Laptops,7,0.15,4671.72,327.02
ORD-101955,2024-06-30,Dubai,Consumer,Office Supplies,Pens,6,0.2,181.18,54.35
ORD-101914,2024-07-01,Dubai,Corporate,Office Supplies,Pens,3,0.15,68.23,22.52
ORD-102680,2024-07-01,Dubai,SMB,Office Supplies,Pens,6,0.3,100.73,24.18
ORD-100791,2024-07-01,Dubai,Consumer,Technology,Laptops,5,0.0,5220.38,835.26
ORD-101112,2024-07-01,Abu Dhabi,Corporate,Furniture,Bookcases,3,0.1,46.28,10.18
ORD-103561,2024-07-01,Northern Emirates,Corporate,Office Supplies,Binders,4,0.0,148.23,62.26
ORD-101499,2024-07-01,Abu Dhabi,SMB,Furniture,Storage,3,0.0,789.72,221.12
ORD-102128,2024-07-02,Dubai,Corporate,Technology,Accessories,5,0.3,1491.87,-29.84
ORD-105925,2024-07-02,Abu Dhabi,Consumer,Office Supplies,Paper,7,0.15,485.84,160.33
ORD-101770,2024-07-02,Abu Dhabi,Consumer,Technology,Laptops,6,0.0,2878.71,460.59
ORD-100118,2024-07-02,Dubai,Consumer,Technology,Accessories,4,0.0,2184.03,349.44
ORD-102940,2024-07-02,Sharjah,SMB,Furniture,Chairs,7,0.0,1566.59,438.65
ORD-102941,2024-07-02,Sharjah,Consumer,Technology,Monitors,5,0.15,2853.55,199.75
ORD-104772,2024-07-02,Abu Dhabi,Consumer,Office Supplies,Pens,3,0.0,197.88,83.11
ORD-103511,2024-07-02,Dubai,Consumer,Technology,Laptops,4,0.0,2557.57,409.21
ORD-100219,2024-07-02,Dubai,Corporate,Furniture,Storage,4,0.15,2360.12,448.42
ORD-103936,2024-07-02,Sharjah,Consumer,Technology,Monitors,7,0.1,1863.33,186.33
ORD-100048,2024-07-02,Abu Dhabi,Consumer,Office Supplies,Binders,6,0.2,172.03,51.61
ORD-104142,2024-07-03,Dubai,Consumer,Technology,Laptops,3,0.0,3493.87,559.02
ORD-101647,2024-07-03,Sharjah,Consumer,Technology,Laptops,4,0.1,3871.77,387.18
ORD-103009,2024-07-03,Sharjah,Consumer,Furniture,Bookcases,4,0.0,1553.48,434.97
ORD-100553,2024-07-03,Dubai,Corporate,Furniture,Bookcases,2,0.3,845.91,84.59
ORD-100161,2024-07-03,Dubai,SMB,Technology,Phones,1,0.0,772.49,123.6
ORD-100940,2024-07-03,Sharjah,Consumer,Furniture,Tables,4,0.15,2023.8,384.52
ORD-101381,2024-07-03,Northern Emirates,SMB,Office Supplies,Storage,4,0.1,111.49,40.14
ORD-104222,2024-07-03,Northern Emirates,Consumer,Office Supplies,Binders,5,0.15,331.86,109.51
ORD-102939,2024-07-03,Dubai,Consumer,Furniture,Chairs,2,0.0,788.17,220.69
ORD-104933,2024-07-03,Dubai,Consumer,Office Supplies,Pens,7,0.2,231.05,69.32
ORD-100530,2024-07-03,Sharjah,Consumer,Technology,Accessories,2,0.0,1288.36,206.14
ORD-105226,2024-07-03,Abu Dhabi,Corporate,Office Supplies,Paper,3,0.15,172.06,56.78
ORD-104573,2024-07-04,Dubai,Corporate,Office Supplies,Storage,1,0.2,40.01,12.0
ORD-105521,2024-07-04,Dubai,SMB,Technology,Phones,3,0.0,2488.51,398.16
ORD-101397,2024-07-04,Dubai,Consumer,Office Supplies,Pens,3,0.0,213.8,89.8
ORD-101048,2024-07-04,Dubai,Consumer,Furniture,Tables,2,0.0,675.19,189.05
ORD-104356,2024-07-04,Abu Dhabi,Corporate,Technology,Phones,1,0.0,768.59,122.97
ORD-103736,2024-07-04,Abu Dhabi,Consumer,Furniture,Chairs,5,0.1,2077.08,456.96
ORD-105971,2024-07-04,Dubai,SMB,Office Supplies,Pens,6,0.15,165.89,54.74
ORD-100483,2024-07-04,Northern Emirates,Corporate,Technology,Accessories,6,0.2,2417.13,96.69
ORD-100654,2024-07-04,Abu Dhabi,SMB,Furniture,Chairs,1,0.0,456.67,127.87
ORD-105936,2024-07-05,Northern Emirates,Corporate,Furniture,Tables,6,0.15,1795.73,341.19
ORD-100962,2024-07-05,Dubai,Consumer,Technology,Phones,5,0.15,1891.51,132.41
ORD-101739,2024-07-05,Abu Dhabi,Corporate,Technology,Phones,2,0.3,1378.97,-27.58
ORD-100211,2024-07-05,Dubai,Consumer,Technology,Laptops,7,0.0,3467.08,554.73
ORD-105215,2024-07-05,Northern Emirates,Consumer,Office Supplies,Paper,2,0.15,102.69,33.89
ORD-105943,2024-07-05,Abu Dhabi,Corporate,Technology,Laptops,3,0.0,281.13,44.98
ORD-103122,2024-07-05,Dubai,Consumer,Office Supplies,Pens,7,0.2,163.19,48.96
ORD-101715,2024-07-05,Abu Dhabi,SMB,Furniture,Storage,1,0.0,398.65,111.62
ORD-102953,2024-07-05,Abu Dhabi,Corporate,Technology,Phones,4,0.0,2852.79,456.45
ORD-101171,2024-07-06,Sharjah,SMB,Technology,Monitors,3,0.1,2573.55,257.36
ORD-104802,2024-07-06,Abu Dhabi,Consumer,Office Supplies,Binders,2,0.0,104.07,43.71
ORD-101029,2024-07-06,Sharjah,Corporate,Office Supplies,Paper,8,0.0,325.91,136.88
ORD-105095,2024-07-06,Abu Dhabi,SMB,Furniture,Chairs,7,0.1,3586.94,789.13
ORD-103182,2024-07-06,Sharjah,SMB,Technology,Accessories,1,0.0,557.45,89.19
ORD-105995,2024-07-06,Abu Dhabi,Consumer,Technology,Phones,8,0.15,5703.55,399.25
ORD-102888,2024-07-06,Sharjah,SMB,Office Supplies,Pens,5,0.0,297.2,124.82
ORD-100234,2024-07-06,Sharjah,Consumer,Technology,Phones,3,0.0,1664.66,266.35
ORD-105155,2024-07-06,Dubai,Consumer,Furniture,Bookcases,1,0.1,253.96,55.87
ORD-100874,2024-07-06,Dubai,Corporate,Technology,Monitors,8,0.1,5228.08,522.81
ORD-100636,2024-07-06,Dubai,Consumer,Furniture,Bookcases,2,0.0,675.53,189.15
ORD-103159,2024-07-06,Dubai,Consumer,Office Supplies,Storage,7,0.0,315.34,132.44
ORD-100231,2024-07-07,Sharjah,SMB,Technology,Accessories,8,0.0,6460.9,1033.74
ORD-100517,2024-07-07,Dubai,Consumer,Furniture,Storage,7,0.3,2802.83,280.28
ORD-105019,2024-07-07,Dubai,Corporate,Office Supplies,Binders,5,0.1,164.71,59.3
ORD-102632,2024-07-07,Abu Dhabi,SMB,Office Supplies,Paper,2,0.15,132.53,43.73
ORD-103404,2024-07-07,Sharjah,Consumer,Technology,Accessories,8,0.2,2123.09,84.92
ORD-103149,2024-07-07,Abu Dhabi,Consumer,Office Supplies,Binders,4,0.2,289.21,86.76
ORD-105974,2024-07-07,Sharjah,Consumer,Office Supplies,Storage,1,0.0,40.33,16.94
ORD-101460,2024-07-07,Abu Dhabi,Consumer,Furniture,Bookcases,2,0.2,1084.7,173.55
ORD-103853,2024-07-08,Dubai,Corporate,Technology,Laptops,5,0.0,3479.88,556.78
ORD-105629,2024-07-08,Dubai,Corporate,Technology,Phones,4,0.1,2775.13,277.51
ORD-100190,2024-07-08,Dubai,Consumer,Furniture,Tables,5,0.2,1878.41,300.55
ORD-100869,2024-07-08,Dubai,Consumer,Furniture,Storage,4,0.15,2070.04,393.31
ORD-101315,2024-07-08,Abu Dhabi,Corporate,Technology,Accessories,4,0.15,2870.91,200.96
ORD-104858,2024-07-08,Dubai,Consumer,Furniture,Storage,3,0.1,1157.33,254.61
ORD-105208,2024-07-08,Abu Dhabi,Consumer,Technology,Laptops,5,0.0,3929.93,628.79
ORD-103302,2024-07-09,Sharjah,SMB,Furniture,Storage,2,0.2,821.59,131.45
ORD-103042,2024-07-09,Abu Dhabi,Corporate,Furniture,Chairs,8,0.0,2720.29,761.68
ORD-102252,2024-07-09,Dubai,Consumer,Office Supplies,Binders,2,0.3,64.49,15.48
ORD-103886,2024-07-09,Sharjah,Corporate,Office Supplies,Storage,2,0.0,59.57,25.02
ORD-101143,2024-07-09,Dubai,Corporate,Office Supplies,Paper,4,0.0,171.93,72.21
ORD-102216,2024-07-09,Sharjah,Consumer,Technology,Accessories,3,0.3,2556.2,-51.12
ORD-100381,2024-07-10,Sharjah,Consumer,Technology,Accessories,3,0.0,1957.06,313.13
ORD-102475,2024-07-10,Dubai,Consumer,Office Supplies,Binders,4,0.1,163.96,59.03
ORD-101938,2024-07-10,Northern Emirates,Corporate,Office Supplies,Storage,6,0.1,186.8,67.25
ORD-104152,2024-07-10,Northern Emirates,Consumer,Furniture,Bookcases,7,0.1,2479.85,545.57
ORD-105420,2024-07-10,Sharjah,Consumer,Office Supplies,Paper,5,0.0,224.19,94.16
ORD-102927,2024-07-10,Northern Emirates,SMB,Furniture,Chairs,6,0.0,1651.7,462.48
ORD-101104,2024-07-10,Abu Dhabi,Corporate,Office Supplies,Storage,5,0.1,246.68,88.8
ORD-105009,2024-07-10,Dubai,Corporate,Furniture,Tables,3,0.0,1656.13,463.72
ORD-100522,2024-07-11,Sharjah,Consumer,Office Supplies,Paper,8,0.1,558.49,201.06
ORD-104516,2024-07-11,Sharjah,Consumer,Technology,Phones,7,0.15,8647.5,605.33
ORD-104727,2024-07-11,Dubai,SMB,Technology,Accessories,1,0.0,554.71,88.75
ORD-101650,2024-07-11,Sharjah,Corporate,Office Supplies,Binders,1,0.1,67.28,24.22
ORD-104939,2024-07-11,Northern Emirates,Corporate,Furniture,Chairs,4,0.0,1038.93,290.9
ORD-104428,2024-07-11,Dubai,Consumer,Technology,Phones,2,0.1,1247.02,124.7
ORD-102946,2024-07-11,Abu Dhabi,Consumer,Furniture,Bookcases,5,0.0,2130.89,596.65
ORD-102555,2024-07-12,Dubai,Consumer,Technology,Laptops,1,0.0,634.01,101.44
ORD-102703,2024-07-12,Abu Dhabi,Corporate,Technology,Accessories,8,0.2,6028.68,241.15
ORD-104977,2024-07-12,Abu Dhabi,Consumer,Office Supplies,Binders,5,0.15,253.41,83.63
ORD-103263,2024-07-12,Sharjah,Consumer,Technology,Phones,8,0.1,7182.03,718.2
ORD-105575,2024-07-12,Sharjah,Consumer,Office Supplies,Storage,4,0.0,142.96,60.04
ORD-100456,2024-07-12,Abu Dhabi,SMB,Office Supplies,Storage,4,0.0,106.9,44.9
ORD-105435,2024-07-13,Abu Dhabi,Consumer,Office Supplies,Storage,8,0.2,195.2,58.56
ORD-103628,2024-07-13,Abu Dhabi,Consumer,Technology,Phones,5,0.2,3532.37,141.29
ORD-101742,2024-07-13,Abu Dhabi,Consumer,Office Supplies,Storage,5,0.2,199.41,59.82
ORD-103118,2024-07-13,Abu Dhabi,Consumer,Furniture,Chairs,1,0.0,716.96,200.75
ORD-100004,2024-07-13,Northern Emirates,Consumer,Technology,Phones,5,0.0,2591.27,414.6
ORD-102922,2024-07-13,Dubai,Consumer,Office Supplies,Storage,8,0.0,243.23,102.16
ORD-105893,2024-07-13,Dubai,Corporate,Office Supplies,Pens,8,0.0,495.71,208.2
ORD-105138,2024-07-14,Abu Dhabi,Consumer,Technology,Laptops,5,0.0,2752.33,440.37
ORD-105609,2024-07-14,Dubai,Consumer,Office Supplies,Binders,1,0.0,47.17,19.81
ORD-100743,2024-07-14,Abu Dhabi,Consumer,Furniture,Bookcases,1,0.1,668.37,147.04
ORD-103697,2024-07-14,Abu Dhabi,Consumer,Furniture,Storage,5,0.0,867.46,242.89
ORD-104475,2024-07-14,Sharjah,SMB,Technology,Monitors,2,0.0,1491.6,238.66
ORD-102878,2024-07-14,Abu Dhabi,Corporate,Furniture,Chairs,2,0.1,1033.56,227.38
ORD-103059,2024-07-14,Abu Dhabi,Corporate,Technology,Phones,7,0.15,1485.59,103.99
ORD-104610,2024-07-14,Dubai,Consumer,Furniture,Bookcases,8,0.15,2961.5,562.69
ORD-103117,2024-07-14,Abu Dhabi,Consumer,Furniture,Bookcases,5,0.0,1308.99,366.52
ORD-104322,2024-07-15,Dubai,Corporate,Technology,Monitors,4,0.0,3223.38,515.74
ORD-103614,2024-07-15,Northern Emirates,Corporate,Office Supplies,Binders,4,0.3,262.89,63.09
ORD-101661,2024-07-15,Sharjah,Consumer,Office Supplies,Storage,8,0.2,515.0,154.5
ORD-100159,2024-07-15,Abu Dhabi,Consumer,Office Supplies,Storage,7,0.0,291.28,122.34
ORD-100651,2024-07-15,Northern Emirates,Corporate,Furniture,Storage,7,0.15,3946.24,749.79
ORD-101424,2024-07-15,Dubai,Corporate,Furniture,Chairs,3,0.2,1240.96,198.55
ORD-103137,2024-07-15,Sharjah,Corporate,Furniture,Chairs,7,0.15,3064.47,582.25
ORD-105434,2024-07-15,Abu Dhabi,SMB,Technology,Phones,2,0.2,2014.25,80.57
ORD-105499,2024-07-15,Sharjah,Corporate,Office Supplies,Storage,6,0.1,346.68,124.8
ORD-101557,2024-07-15,Sharjah,Consumer,Office Supplies,Pens,7,0.0,338.96,142.36
ORD-104136,2024-07-15,Dubai,Consumer,Office Supplies,Binders,4,0.1,274.94,98.98
ORD-101887,2024-07-16,Northern Emirates,Consumer,Technology,Phones,5,0.15,5943.51,416.05
ORD-100454,2024-07-16,Sharjah,Corporate,Office Supplies,Storage,5,0.2,248.27,74.48
ORD-104881,2024-07-16,Dubai,Consumer,Office Supplies,Pens,7,0.0,315.21,132.39
ORD-101329,2024-07-16,Dubai,Consumer,Technology,Monitors,1,0.2,739.51,29.58
ORD-104005,2024-07-16,Abu Dhabi,Corporate,Technology,Monitors,4,0.3,2772.48,-55.45
ORD-100181,2024-07-16,Abu Dhabi,Consumer,Technology,Phones,4,0.1,2428.11,242.81
ORD-105245,2024-07-16,Northern Emirates,Consumer,Office Supplies,Pens,7,0.0,159.67,67.06
ORD-101671,2024-07-16,Sharjah,SMB,Technology,Phones,6,0.1,3503.77,350.38
ORD-104447,2024-07-16,Sharjah,Consumer,Technology,Phones,7,0.0,4661.22,745.8
ORD-102851,2024-07-16,Dubai,SMB,Technology,Monitors,2,0.2,1073.93,42.96
ORD-105657,2024-07-16,Dubai,SMB,Office Supplies,Pens,3,0.0,180.55,75.83
ORD-103957,2024-07-17,Northern Emirates,Consumer,Technology,Phones,1,0.3,835.78,-16.72
ORD-102316,2024-07-17,Dubai,Consumer,Technology,Accessories,8,0.0,8181.94,1309.11
ORD-104088,2024-07-17,Abu Dhabi,Consumer,Furniture,Bookcases,1,0.15,607.24,115.38
ORD-104171,2024-07-17,Abu Dhabi,Consumer,Furniture,Chairs,5,0.0,862.42,241.48
ORD-100911,2024-07-17,Abu Dhabi,Consumer,Technology,Laptops,4,0.0,2945.42,471.27
ORD-105959,2024-07-17,Dubai,Consumer,Office Supplies,Binders,3,0.0,181.31,76.15
ORD-101638,2024-07-17,Abu Dhabi,Corporate,Furniture,Storage,7,0.0,3063.14,857.68
ORD-104764,2024-07-18,Sharjah,SMB,Technology,Phones,2,0.15,1012.29,70.86
ORD-102604,2024-07-18,Northern Emirates,Consumer,Technology,Laptops,4,0.0,3488.57,558.17
ORD-102537,2024-07-18,Abu Dhabi,Consumer,Furniture,Bookcases,4,0.15,1584.93,301.14
ORD-102598,2024-07-18,Sharjah,Corporate,Furniture,Tables,1,0.0,267.32,74.85
ORD-103532,2024-07-18,Dubai,Corporate,Furniture,Bookcases,8,0.15,4237.16,805.06
ORD-105526,2024-07-18,Abu Dhabi,Corporate,Furniture,Tables,4,0.0,1667.65,466.94
ORD-105603,2024-07-18,Dubai,Corporate,Technology,Laptops,3,0.0,2355.88,376.94
ORD-105810,2024-07-18,Sharjah,Consumer,Furniture,Bookcases,3,0.0,881.54,246.83
ORD-104525,2024-07-18,Sharjah,Consumer,Technology,Laptops,4,0.2,1624.46,64.98
ORD-103175,2024-07-18,Abu Dhabi,Consumer,Office Supplies,Binders,6,0.2,358.4,107.52
ORD-102386,2024-07-19,Dubai,Consumer,Technology,Monitors,1,0.15,533.08,37.32
ORD-103305,2024-07-19,Dubai,Consumer,Furniture,Chairs,7,0.0,898.29,251.52
ORD-102351,2024-07-19,Northern Emirates,Corporate,Office Supplies,Binders,1,0.3,32.46,7.79
ORD-103155,2024-07-19,Dubai,Corporate,Furniture,Chairs,3,0.15,1627.6,309.24
ORD-103701,2024-07-19,Dubai,Corporate,Furniture,Storage,2,0.1,655.63,144.24
ORD-100576,2024-07-19,Dubai,Consumer,Office Supplies,Storage,8,0.0,435.08,182.73
ORD-102477,2024-07-20,Dubai,Corporate,Office Supplies,Storage,7,0.1,428.8,154.37
ORD-104895,2024-07-20,Northern Emirates,SMB,Furniture,Storage,7,0.15,2115.12,401.87
ORD-104780,2024-07-20,Sharjah,Consumer,Technology,Phones,1,0.0,878.42,140.55
ORD-102928,2024-07-20,Northern Emirates,Consumer,Furniture,Bookcases,7,0.0,3423.15,958.48
ORD-105876,2024-07-20,Dubai,SMB,Technology,Phones,6,0.3,2480.04,-49.6
ORD-100813,2024-07-20,Abu Dhabi,Consumer,Technology,Phones,6,0.1,1699.49,169.95
ORD-104890,2024-07-20,Dubai,Consumer,Technology,Phones,2,0.0,1630.93,260.95
ORD-101536,2024-07-20,Abu Dhabi,Consumer,Technology,Accessories,3,0.15,938.88,65.72
ORD-100944,2024-07-20,Northern Emirates,Corporate,Technology,Monitors,7,0.3,3494.8,-69.9
ORD-102672,2024-07-20,Abu Dhabi,SMB,Office Supplies,Storage,7,0.15,245.87,81.14
ORD-102589,2024-07-20,Dubai,SMB,Office Supplies,Storage,5,0.0,190.05,79.82
ORD-102064,2024-07-21,Northern Emirates,Corporate,Furniture,Storage,8,0.2,2830.84,452.93
ORD-103060,2024-07-21,Dubai,Consumer,Technology,Monitors,1,0.15,1057.52,74.03
ORD-104272,2024-07-21,Dubai,Consumer,Furniture,Chairs,4,0.2,1531.41,245.03
ORD-103692,2024-07-21,Dubai,SMB,Furniture,Storage,1,0.0,468.69,131.23
ORD-103512,2024-07-21,Dubai,Consumer,Furniture,Tables,3,0.1,1219.99,268.4
ORD-102806,2024-07-21,Sharjah,Corporate,Office Supplies,Binders,2,0.15,75.15,24.8
ORD-101573,2024-07-22,Abu Dhabi,Corporate,Technology,Monitors,1,0.15,752.83,52.7
ORD-102682,2024-07-22,Dubai,Consumer,Furniture,Chairs,2,0.0,1150.4,322.11
ORD-102456,2024-07-22,Abu Dhabi,Corporate,Technology,Phones,2,0.3,2054.4,-41.09
ORD-100671,2024-07-22,Abu Dhabi,Consumer,Office Supplies,Binders,6,0.2,271.39,81.42
ORD-103295,2024-07-22,Dubai,Corporate,Office Supplies,Storage,8,0.2,423.83,127.15
ORD-105690,2024-07-22,Sharjah,Consumer,Office Supplies,Pens,6,0.15,314.13,103.66
ORD-105722,2024-07-23,Abu Dhabi,Consumer,Technology,Phones,6,0.0,1930.8,308.93
ORD-103397,2024-07-23,Abu Dhabi,Consumer,Technology,Accessories,7,0.15,4125.66,288.8
ORD-103909,2024-07-23,Abu Dhabi,Consumer,Furniture,Chairs,2,0.15,811.76,154.23
ORD-102886,2024-07-23,Abu Dhabi,Consumer,Furniture,Chairs,1,0.2,529.68,84.75
ORD-101258,2024-07-23,Sharjah,Corporate,Office Supplies,Paper,7,0.15,311.63,102.84
ORD-100095,2024-07-23,Sharjah,SMB,Technology,Accessories,2,0.3,1360.64,-27.21
ORD-103940,2024-07-23,Northern Emirates,Consumer,Furniture,Chairs,2,0.2,1321.84,211.49
ORD-102028,2024-07-23,Dubai,Consumer,Technology,Laptops,6,0.0,4104.93,656.79
ORD-103287,2024-07-24,Abu Dhabi,Consumer,Technology,Laptops,4,0.1,3603.26,360.33
ORD-100707,2024-07-24,Abu Dhabi,SMB,Technology,Monitors,7,0.15,6662.1,466.35
ORD-101610,2024-07-24,Sharjah,Consumer,Office Supplies,Binders,6,0.1,257.85,92.83
ORD-101192,2024-07-24,Dubai,SMB,Technology,Monitors,8,0.0,2479.3,396.69
ORD-104990,2024-07-25,Abu Dhabi,Consumer,Technology,Laptops,3,0.2,2665.14,106.61
ORD-100340,2024-07-25,Abu Dhabi,Consumer,Furniture,Bookcases,3,0.0,2155.7,603.6
ORD-103481,2024-07-25,Abu Dhabi,Consumer,Office Supplies,Storage,2,0.1,43.65,15.71
ORD-103255,2024-07-25,Northern Emirates,Consumer,Office Supplies,Binders,3,0.2,149.28,44.78
ORD-101398,2024-07-25,Northern Emirates,Consumer,Technology,Accessories,4,0.0,3478.03,556.48
ORD-103329,2024-07-25,Dubai,Corporate,Technology,Accessories,6,0.0,3140.4,502.46
ORD-105103,2024-07-25,Abu Dhabi,Consumer,Technology,Phones,3,0.0,2156.45,345.03
ORD-105039,2024-07-25,Northern Emirates,Corporate,Office Supplies,Storage,4,0.0,236.11,99.17
ORD-101130,2024-07-25,Abu Dhabi,Consumer,Technology,Accessories,5,0.0,3920.16,627.23
ORD-102369,2024-07-25,Dubai,Consumer,Furniture,Storage,4,0.0,2306.14,645.72
ORD-100753,2024-07-25,Dubai,Consumer,Office Supplies,Pens,6,0.15,425.53,140.42
ORD-104098,2024-07-26,Dubai,SMB,Office Supplies,Paper,4,0.0,126.61,53.18
ORD-100226,2024-07-26,Northern Emirates,Consumer,Technology,Monitors,2,0.1,1454.36,145.44
ORD-103622,2024-07-26,Sharjah,Consumer,Technology,Monitors,5,0.15,2533.67,177.36
ORD-100214,2024-07-26,Dubai,Corporate,Office Supplies,Storage,7,0.2,446.71,134.01
ORD-101196,2024-07-26,Sharjah,Corporate,Technology,Phones,4,0.0,2563.87,410.22
ORD-105867,2024-07-26,Northern Emirates,Corporate,Office Supplies,Storage,8,0.2,492.96,147.89
ORD-104606,2024-07-26,Sharjah,SMB,Office Supplies,Storage,3,0.0,150.42,63.18
ORD-105057,2024-07-26,Abu Dhabi,Consumer,Furniture,Bookcases,2,0.15,733.45,139.36
ORD-102690,2024-07-26,Dubai,SMB,Furniture,Storage,4,0.2,1668.08,266.89
ORD-101160,2024-07-26,Sharjah,Consumer,Technology,Laptops,5,0.15,3373.21,236.12
ORD-103477,2024-07-26,Dubai,Corporate,Technology,Laptops,6,0.1,3891.0,389.1
ORD-103011,2024-07-26,Abu Dhabi,SMB,Technology,Monitors,2,0.1,1926.01,192.6
ORD-104682,2024-07-26,Northern Emirates,Consumer,Furniture,Chairs,7,0.2,5809.11,929.46
ORD-104584,2024-07-27,Abu Dhabi,Corporate,Office Supplies,Binders,1,0.1,36.55,13.16
ORD-105997,2024-07-27,Northern Emirates,SMB,Technology,Phones,5,0.15,3371.71,236.02
ORD-104278,2024-07-27,Northern Emirates,Consumer,Technology,Laptops,3,0.0,3689.4,590.3
ORD-102085,2024-07-27,Dubai,Consumer,Furniture,Bookcases,4,0.3,1215.09,121.51
ORD-102500,2024-07-27,Sharjah,Consumer,Office Supplies,Paper,5,0.0,209.76,88.1
ORD-103064,2024-07-27,Dubai,SMB,Technology,Accessories,3,0.0,1009.09,161.45
ORD-101273,2024-07-27,Abu Dhabi,Consumer,Office Supplies,Binders,8,0.0,614.67,258.16
ORD-103731,2024-07-27,Dubai,Consumer,Furniture,Chairs,8,0.0,4005.15,1121.44
ORD-103054,2024-07-27,Abu Dhabi,SMB,Office Supplies,Pens,5,0.2,269.62,80.89
ORD-102962,2024-07-27,Northern Emirates,Consumer,Technology,Phones,7,0.2,4438.39,177.54
ORD-102609,2024-07-27,Dubai,Corporate,Office Supplies,Pens,4,0.1,292.6,105.34
ORD-102445,2024-07-27,Dubai,Consumer,Office Supplies,Storage,1,0.1,45.73,16.46
ORD-105143,2024-07-28,Abu Dhabi,Consumer,Technology,Monitors,6,0.0,6334.9,1013.58
ORD-103493,2024-07-28,Sharjah,Consumer,Technology,Accessories,6,0.3,2989.01,-59.78
ORD-101608,2024-07-28,Abu Dhabi,Consumer,Office Supplies,Binders,4,0.2,202.98,60.89
ORD-105175,2024-07-28,Sharjah,Consumer,Technology,Laptops,5,0.0,4149.17,663.87
ORD-103044,2024-07-28,Sharjah,Corporate,Furniture,Storage,3,0.3,1673.22,167.32
ORD-101314,2024-07-29,Sharjah,Corporate,Furniture,Storage,4,0.2,744.12,119.06
ORD-104628,2024-07-29,Dubai,Corporate,Technology,Monitors,3,0.3,1959.06,-39.18
ORD-101291,2024-07-29,Dubai,Consumer,Furniture,Tables,6,0.0,1535.01,429.8
ORD-101764,2024-07-29,Dubai,SMB,Technology,Laptops,8,0.0,8637.22,1381.96
ORD-101336,2024-07-29,Abu Dhabi,Corporate,Office Supplies,Pens,1,0.15,40.06,13.22
ORD-101588,2024-07-29,Abu Dhabi,Consumer,Technology,Laptops,8,0.3,6656.1,-133.12
ORD-105708,2024-07-30,Abu Dhabi,Corporate,Office Supplies,Storage,1,0.1,30.68,11.04
ORD-105534,2024-07-30,Northern Emirates,Consumer,Furniture,Chairs,7,0.0,3276.23,917.34
ORD-103165,2024-07-30,Dubai,Corporate,Office Supplies,Paper,3,0.0,198.78,83.49
ORD-103101,2024-07-30,Dubai,Consumer,Technology,Phones,4,0.1,1829.25,182.92
ORD-102518,2024-07-30,Sharjah,SMB,Technology,Monitors,1,0.15,745.76,52.2
ORD-105695,2024-07-30,Abu Dhabi,Corporate,Office Supplies,Binders,6,0.2,276.25,82.88
ORD-104520,2024-07-30,Dubai,Consumer,Office Supplies,Binders,2,0.0,53.1,22.3
ORD-101153,2024-07-30,Dubai,Corporate,Office Supplies,Binders,2,0.1,132.81,47.81
ORD-100447,2024-07-30,Dubai,Consumer,Office Supplies,Paper,3,0.0,39.31,16.51
ORD-105743,2024-07-31,Dubai,Corporate,Technology,Phones,7,0.15,5563.55,389.45
ORD-102177,2024-07-31,Dubai,Consumer,Furniture,Storage,6,0.0,2770.39,775.71
ORD-101262,2024-07-31,Dubai,Corporate,Furniture,Tables,4,0.0,1583.43,443.36
ORD-103857,2024-07-31,Abu Dhabi,SMB,Technology,Laptops,3,0.1,1779.78,177.98
ORD-100851,2024-07-31,Dubai,Consumer,Office Supplies,Storage,5,0.2,190.32,57.1
ORD-101943,2024-07-31,Sharjah,Consumer,Technology,Phones,4,0.2,1908.39,76.34
ORD-104368,2024-07-31,Dubai,Consumer,Technology,Monitors,1,0.0,444.35,71.1
ORD-100890,2024-07-31,Sharjah,Consumer,Office Supplies,Pens,2,0.2,64.91,19.47
ORD-101784,2024-07-31,Sharjah,Corporate,Technology,Laptops,1,0.0,888.24,142.12
ORD-101001,2024-07-31,Dubai,SMB,Office Supplies,Paper,2,0.3,98.99,23.76
ORD-100610,2024-08-01,Abu Dhabi,Consumer,Office Supplies,Pens,7,0.0,378.05,158.78
ORD-104494,2024-08-01,Abu Dhabi,Corporate,Office Supplies,Binders,4,0.0,167.26,70.25
ORD-105710,2024-08-01,Dubai,Consumer,Technology,Monitors,6,0.0,3792.06,606.73
ORD-103225,2024-08-01,Northern Emirates,Corporate,Technology,Accessories,6,0.0,5204.84,832.77
ORD-105233,2024-08-01,Sharjah,Corporate,Technology,Accessories,4,0.0,1941.44,310.63
ORD-103419,2024-08-01,Dubai,SMB,Technology,Monitors,7,0.1,6736.69,673.67
ORD-105846,2024-08-01,Dubai,Corporate,Furniture,Tables,3,0.0,1301.4,364.39
ORD-104931,2024-08-02,Abu Dhabi,Corporate,Furniture,Chairs,2,0.0,448.96,125.71
ORD-105005,2024-08-02,Dubai,SMB,Technology,Laptops,2,0.1,1892.23,189.22
ORD-102999,2024-08-02,Abu Dhabi,Corporate,Technology,Phones,5,0.2,5306.31,212.25
ORD-101959,2024-08-02,Dubai,Consumer,Furniture,Bookcases,4,0.1,2134.3,469.55
ORD-103864,2024-08-02,Abu Dhabi,SMB,Office Supplies,Paper,1,0.0,39.3,16.51
ORD-103719,2024-08-02,Dubai,Corporate,Office Supplies,Pens,1,0.1,43.59,15.69
ORD-101607,2024-08-02,Sharjah,SMB,Office Supplies,Binders,6,0.0,354.0,148.68
ORD-101953,2024-08-02,Dubai,SMB,Furniture,Bookcases,4,0.3,1707.11,170.71
ORD-102098,2024-08-02,Dubai,Consumer,Technology,Accessories,2,0.0,902.89,144.46
ORD-102156,2024-08-02,Dubai,Consumer,Office Supplies,Storage,6,0.3,119.27,28.62
ORD-102645,2024-08-02,Sharjah,SMB,Furniture,Chairs,3,0.15,751.84,142.85
ORD-101011,2024-08-02,Dubai,Corporate,Office Supplies,Pens,5,0.15,165.4,54.58
ORD-103087,2024-08-02,Sharjah,Consumer,Technology,Laptops,7,0.2,4372.76,174.91
ORD-102309,2024-08-02,Abu Dhabi,SMB,Furniture,Bookcases,1,0.0,389.24,108.99
ORD-105290,2024-08-03,Northern Emirates,Consumer,Technology,Monitors,5,0.0,2690.87,430.54
ORD-102684,2024-08-03,Dubai,SMB,Technology,Monitors,7,0.0,5015.25,802.44
ORD-105713,2024-08-03,Dubai,Corporate,Furniture,Chairs,4,0.0,696.15,194.92
ORD-104063,2024-08-03,Abu Dhabi,Consumer,Technology,Phones,6,0.0,1781.5,285.04
ORD-101556,2024-08-03,Dubai,Corporate,Office Supplies,Paper,1,0.0,48.62,20.42
ORD-100840,2024-08-03,Northern Emirates,Consumer,Technology,Laptops,4,0.1,865.37,86.54
ORD-104393,2024-08-03,Northern Emirates,SMB,Office Supplies,Pens,4,0.1,108.0,38.88
ORD-102510,2024-08-03,Dubai,Corporate,Technology,Accessories,7,0.2,3722.45,148.9
ORD-101549,2024-08-04,Sharjah,SMB,Office Supplies,Paper,3,0.0,135.35,56.85
ORD-102466,2024-08-04,Abu Dhabi,Consumer,Furniture,Tables,2,0.0,656.61,183.85
ORD-101772,2024-08-04,Northern Emirates,Corporate,Office Supplies,Pens,7,0.15,278.21,91.81
ORD-100747,2024-08-04,Dubai,Consumer,Technology,Phones,1,0.0,618.54,98.97
ORD-102882,2024-08-04,Abu Dhabi,Corporate,Furniture,Tables,7,0.0,895.49,250.74
ORD-102786,2024-08-04,Dubai,SMB,Technology,Monitors,2,0.0,2464.49,394.32
ORD-105443,2024-08-04,Abu Dhabi,Consumer,Technology,Monitors,4,0.0,3280.39,524.86
ORD-101574,2024-08-05,Abu Dhabi,SMB,Technology,Accessories,5,0.3,3946.93,-78.94
ORD-100146,2024-08-05,Dubai,Corporate,Technology,Monitors,7,0.15,5813.27,406.93
ORD-102760,2024-08-05,Dubai,Corporate,Furniture,Tables,7,0.0,2015.76,564.41
ORD-100958,2024-08-05,Abu Dhabi,Consumer,Furniture,Bookcases,2,0.2,635.21,101.63
ORD-105268,2024-08-05,Dubai,Corporate,Technology,Phones,3,0.2,1860.49,74.42
ORD-105279,2024-08-05,Dubai,Consumer,Office Supplies,Pens,3,0.1,92.11,33.16
ORD-105778,2024-08-05,Dubai,Consumer,Office Supplies,Binders,3,0.0,132.77,55.76
ORD-101084,2024-08-05,Abu Dhabi,SMB,Office Supplies,Pens,1,0.0,49.81,20.92
ORD-101174,2024-08-06,Sharjah,Corporate,Office Supplies,Storage,1,0.0,60.14,25.26
ORD-100739,2024-08-06,Sharjah,Consumer,Technology,Accessories,8,0.0,4545.26,727.24
ORD-104003,2024-08-06,Dubai,SMB,Office Supplies,Paper,4,0.15,282.48,93.22
ORD-100246,2024-08-06,Dubai,SMB,Office Supplies,Paper,1,0.0,35.15,14.76
ORD-102501,2024-08-06,Sharjah,Consumer,Office Supplies,Pens,4,0.3,306.06,73.45
ORD-103644,2024-08-07,Dubai,Consumer,Technology,Phones,4,0.0,1920.58,307.29
ORD-102916,2024-08-07,Dubai,Corporate,Technology,Monitors,2,0.0,1145.81,183.33
ORD-100350,2024-08-07,Dubai,Consumer,Technology,Accessories,7,0.15,4410.2,308.71
ORD-100778,2024-08-07,Abu Dhabi,SMB,Office Supplies,Paper,6,0.0,324.32,136.21
ORD-103770,2024-08-07,Dubai,Consumer,Office Supplies,Storage,8,0.2,588.55,176.56
ORD-101489,2024-08-07,Dubai,Consumer,Technology,Laptops,7,0.1,4493.71,449.37
ORD-102515,2024-08-07,Abu Dhabi,SMB,Furniture,Storage,1,0.0,766.09,214.51
ORD-101710,2024-08-07,Northern Emirates,Consumer,Technology,Accessories,8,0.3,1622.35,-32.45
ORD-103324,2024-08-08,Dubai,Corporate,Technology,Phones,5,0.15,2955.31,206.87
ORD-101618,2024-08-08,Abu Dhabi,Corporate,Office Supplies,Binders,1,0.1,49.05,17.66
ORD-103578,2024-08-08,Sharjah,Corporate,Technology,Monitors,7,0.0,6326.25,1012.2
ORD-105927,2024-08-08,Sharjah,Corporate,Office Supplies,Pens,2,0.1,86.09,30.99
ORD-101981,2024-08-08,Dubai,Corporate,Furniture,Bookcases,8,0.0,585.09,163.83
ORD-101371,2024-08-08,Dubai,Consumer,Technology,Monitors,5,0.0,3058.05,489.29
ORD-105833,2024-08-08,Sharjah,Corporate,Office Supplies,Binders,8,0.0,465.23,195.4
ORD-100177,2024-08-08,Dubai,Consumer,Technology,Monitors,3,0.1,2692.76,269.28
ORD-102164,2024-08-08,Dubai,Consumer,Office Supplies,Binders,5,0.0,317.98,133.55
ORD-101327,2024-08-08,Sharjah,Consumer,Furniture,Chairs,7,0.2,2756.43,441.03
ORD-103702,2024-08-09,Dubai,Consumer,Furniture,Storage,5,0.0,1838.76,514.85
ORD-101659,2024-08-09,Dubai,SMB,Office Supplies,Storage,4,0.1,256.95,92.5
ORD-100866,2024-08-09,Dubai,SMB,Technology,Phones,7,0.0,5213.42,834.15
ORD-105562,2024-08-09,Northern Emirates,Corporate,Office Supplies,Binders,2,0.15,116.17,38.34
ORD-104716,2024-08-09,Sharjah,SMB,Technology,Accessories,1,0.1,354.09,35.41
ORD-104464,2024-08-09,Abu Dhabi,Corporate,Furniture,Bookcases,4,0.0,829.21,232.18
ORD-101296,2024-08-09,Abu Dhabi,Corporate,Furniture,Storage,7,0.0,1565.25,438.27
ORD-104030,2024-08-09,Dubai,Corporate,Furniture,Storage,4,0.15,1648.49,313.21
ORD-103942,2024-08-10,Dubai,Consumer,Technology,Accessories,4,0.0,3458.03,553.28
ORD-105046,2024-08-10,Sharjah,Consumer,Furniture,Bookcases,5,0.1,2780.27,611.66
ORD-102338,2024-08-10,Northern Emirates,Corporate,Furniture,Tables,8,0.15,2955.9,561.62
ORD-100555,2024-08-10,Sharjah,Consumer,Office Supplies,Paper,7,0.15,221.44,73.08
ORD-105364,2024-08-10,Dubai,Consumer,Furniture,Bookcases,2,0.0,1091.35,305.58
ORD-102358,2024-08-10,Abu Dhabi,Corporate,Office Supplies,Paper,3,0.0,143.48,60.26
ORD-101287,2024-08-10,Northern Emirates,Consumer,Office Supplies,Binders,1,0.3,60.36,14.49
ORD-100106,2024-08-10,Northern Emirates,Consumer,Office Supplies,Binders,1,0.15,47.98,15.83
ORD-103150,2024-08-10,Sharjah,Consumer,Office Supplies,Pens,3,0.0,194.9,81.86
ORD-102850,2024-08-11,Abu Dhabi,Corporate,Furniture,Chairs,7,0.2,3689.54,590.33
ORD-105404,2024-08-11,Sharjah,Corporate,Technology,Monitors,7,0.15,2363.24,165.43
ORD-101528,2024-08-11,Dubai,Consumer,Technology,Laptops,1,0.0,394.56,63.13
ORD-100516,2024-08-11,Abu Dhabi,SMB,Furniture,Bookcases,5,0.0,2254.71,631.32
ORD-104922,2024-08-11,Abu Dhabi,SMB,Furniture,Storage,4,0.0,2061.3,577.16
ORD-101109,2024-08-11,Sharjah,Corporate,Furniture,Chairs,2,0.0,1297.59,363.33
ORD-101028,2024-08-11,Abu Dhabi,Corporate,Technology,Monitors,4,0.0,2112.04,337.93
ORD-103432,2024-08-12,Dubai,Consumer,Technology,Monitors,6,0.0,5402.47,864.4
ORD-101364,2024-08-12,Dubai,Consumer,Technology,Monitors,7,0.1,2636.23,263.62
ORD-101190,2024-08-12,Dubai,Consumer,Furniture,Chairs,4,0.2,1558.95,249.43
ORD-100905,2024-08-12,Dubai,Corporate,Office Supplies,Storage,8,0.3,283.83,68.12
ORD-104532,2024-08-12,Sharjah,SMB,Furniture,Storage,6,0.0,951.24,266.35
ORD-104100,2024-08-12,Dubai,Corporate,Office Supplies,Paper,3,0.1,70.77,25.48
ORD-100887,2024-08-12,Dubai,Consumer,Office Supplies,Storage,8,0.0,347.94,146.13
ORD-101380,2024-08-13,Dubai,SMB,Office Supplies,Pens,6,0.0,139.16,58.45
ORD-101295,2024-08-13,Abu Dhabi,Consumer,Furniture,Tables,7,0.0,5381.58,1506.84
ORD-101373,2024-08-13,Dubai,Corporate,Office Supplies,Pens,4,0.2,149.62,44.89
ORD-104656,2024-08-13,Dubai,Consumer,Technology,Phones,6,0.1,3389.58,338.96
ORD-101221,2024-08-13,Dubai,Consumer,Technology,Laptops,4,0.3,1934.86,-38.7
ORD-100986,2024-08-13,Northern Emirates,Corporate,Technology,Laptops,6,0.0,3343.44,534.95
ORD-101357,2024-08-14,Northern Emirates,Corporate,Technology,Laptops,1,0.3,169.12,-3.38
ORD-104495,2024-08-14,Abu Dhabi,Consumer,Technology,Phones,7,0.0,6295.82,1007.33
ORD-103657,2024-08-14,Dubai,SMB,Technology,Accessories,3,0.0,1984.74,317.56
ORD-103070,2024-08-14,Dubai,Consumer,Furniture,Tables,8,0.0,3155.28,883.48
ORD-101005,2024-08-14,Dubai,Consumer,Office Supplies,Pens,3,0.1,50.2,18.07
ORD-105752,2024-08-14,Northern Emirates,Consumer,Furniture,Chairs,3,0.0,1128.78,316.06
ORD-100156,2024-08-14,Dubai,Corporate,Furniture,Storage,2,0.1,1330.18,292.64
ORD-100963,2024-08-14,Dubai,Consumer,Office Supplies,Binders,3,0.0,210.39,88.36
ORD-101579,2024-08-14,Dubai,Corporate,Office Supplies,Paper,3,0.0,172.54,72.47
ORD-103341,2024-08-14,Dubai,Corporate,Office Supplies,Binders,7,0.15,300.23,99.08
ORD-102511,2024-08-15,Dubai,Corporate,Furniture,Tables,5,0.0,2324.31,650.81
ORD-104009,2024-08-15,Abu Dhabi,Consumer,Technology,Phones,1,0.1,515.73,51.57
ORD-102571,2024-08-15,Northern Emirates,Corporate,Furniture,Bookcases,8,0.1,3024.9,665.48
ORD-105642,2024-08-15,Sharjah,Consumer,Technology,Accessories,6,0.2,5392.43,215.7
ORD-101590,2024-08-15,Dubai,Consumer,Furniture,Chairs,1,0.3,491.67,49.17
ORD-100924,2024-08-15,Abu Dhabi,Corporate,Furniture,Chairs,8,0.0,3120.98,873.87
ORD-103716,2024-08-15,Dubai,Corporate,Technology,Monitors,3,0.0,1975.47,316.08
ORD-105821,2024-08-15,Sharjah,Consumer,Furniture,Chairs,5,0.0,2160.92,605.06
ORD-100525,2024-08-15,Northern Emirates,Consumer,Technology,Phones,8,0.15,7320.67,512.45
ORD-105862,2024-08-15,Dubai,Consumer,Technology,Laptops,7,0.0,2701.19,432.19
ORD-101930,2024-08-15,Sharjah,Consumer,Technology,Laptops,7,0.0,1287.22,205.96
ORD-103371,2024-08-16,Dubai,SMB,Furniture,Tables,5,0.2,2249.07,359.85
ORD-104952,2024-08-16,Sharjah,Corporate,Technology,Phones,4,0.15,4085.21,285.96
ORD-104430,2024-08-16,Dubai,Consumer,Office Supplies,Pens,2,0.2,139.96,41.99
ORD-100627,2024-08-16,Abu Dhabi,Consumer,Furniture,Chairs,5,0.0,1505.35,421.5
ORD-102468,2024-08-16,Dubai,Corporate,Office Supplies,Storage,3,0.0,68.33,28.7
ORD-100950,2024-08-17,Abu Dhabi,Consumer,Office Supplies,Storage,2,0.2,155.21,46.56
ORD-105999,2024-08-17,Dubai,Consumer,Technology,Laptops,5,0.0,3049.12,487.86
ORD-101395,2024-08-17,Dubai,Corporate,Technology,Laptops,5,0.15,1437.45,100.62
ORD-102287,2024-08-17,Sharjah,SMB,Office Supplies,Binders,6,0.0,352.27,147.95
ORD-102026,2024-08-17,Dubai,Consumer,Technology,Accessories,6,0.0,5050.51,808.08
ORD-104034,2024-08-17,Sharjah,Corporate,Furniture,Chairs,8,0.0,1457.94,408.22
ORD-101600,2024-08-17,Sharjah,Consumer,Technology,Monitors,3,0.0,608.21,97.31
ORD-101815,2024-08-18,Dubai,Consumer,Technology,Laptops,4,0.1,2114.11,211.41
ORD-104311,2024-08-18,Sharjah,Corporate,Technology,Monitors,5,0.15,1948.47,136.39
ORD-102579,2024-08-18,Dubai,Consumer,Furniture,Storage,1,0.1,622.48,136.95
ORD-102835,2024-08-18,Dubai,Corporate,Furniture,Chairs,1,0.15,404.08,76.78
ORD-105375,2024-08-18,Abu Dhabi,Consumer,Furniture,Storage,6,0.0,1149.2,321.78
ORD-101376,2024-08-19,Sharjah,SMB,Office Supplies,Binders,4,0.0,240.99,101.22
ORD-101606,2024-08-19,Dubai,Corporate,Technology,Phones,5,0.2,3821.07,152.84
ORD-103365,2024-08-19,Northern Emirates,Consumer,Office Supplies,Storage,5,0.3,244.53,58.69
ORD-105154,2024-08-19,Abu Dhabi,SMB,Technology,Laptops,2,0.2,1354.65,54.19
ORD-105069,2024-08-19,Dubai,SMB,Furniture,Bookcases,2,0.1,1201.73,264.38
ORD-105001,2024-08-20,Abu Dhabi,Corporate,Furniture,Bookcases,4,0.0,745.08,208.62
ORD-100664,2024-08-20,Dubai,Consumer,Technology,Laptops,4,0.15,3228.56,226.0
ORD-100841,2024-08-20,Dubai,Corporate,Technology,Monitors,8,0.2,2637.51,105.5
ORD-105053,2024-08-20,Abu Dhabi,SMB,Technology,Laptops,7,0.2,3914.33,156.57
ORD-104839,2024-08-20,Northern Emirates,Consumer,Furniture,Storage,3,0.15,1063.2,202.01
ORD-105585,2024-08-20,Dubai,SMB,Office Supplies,Paper,5,0.0,140.18,58.88
ORD-101967,2024-08-21,Sharjah,Consumer,Furniture,Storage,5,0.0,2276.4,637.39
ORD-101241,2024-08-21,Abu Dhabi,Consumer,Furniture,Bookcases,8,0.2,1525.38,244.06
ORD-102180,2024-08-21,Dubai,Consumer,Technology,Monitors,8,0.0,5995.78,959.32
ORD-103806,2024-08-21,Dubai,Corporate,Furniture,Bookcases,7,0.0,3633.92,1017.5
ORD-103928,2024-08-21,Sharjah,Consumer,Office Supplies,Pens,3,0.0,217.0,91.14
ORD-102798,2024-08-21,Dubai,Corporate,Technology,Phones,6,0.2,4435.48,177.42
ORD-102674,2024-08-22,Northern Emirates,Consumer,Office Supplies,Pens,1,0.1,34.66,12.48
ORD-101399,2024-08-22,Sharjah,SMB,Office Supplies,Paper,3,0.0,151.18,63.5
ORD-101826,2024-08-22,Sharjah,Corporate,Technology,Monitors,6,0.15,1953.26,136.73
ORD-104007,2024-08-23,Dubai,Consumer,Furniture,Bookcases,7,0.1,2617.64,575.88
ORD-104454,2024-08-23,Dubai,Consumer,Furniture,Storage,4,0.0,1223.7,342.64
ORD-105692,2024-08-23,Sharjah,Corporate,Furniture,Chairs,8,0.15,4479.58,851.12
ORD-104754,2024-08-24,Sharjah,SMB,Furniture,Bookcases,6,0.15,3311.91,629.26
ORD-103785,2024-08-24,Dubai,Consumer,Technology,Laptops,1,0.0,498.66,79.79
ORD-104286,2024-08-24,Dubai,SMB,Office Supplies,Storage,5,0.15,265.75,87.7
ORD-101808,2024-08-24,Northern Emirates,SMB,Office Supplies,Storage,4,0.3,217.16,52.12
ORD-100168,2024-08-24,Dubai,Consumer,Furniture,Tables,6,0.3,48.0,4.8
ORD-104510,2024-08-24,Abu Dhabi,Consumer,Office Supplies,Binders,5,0.0,168.98,70.97
ORD-105522,2024-08-24,Abu Dhabi,Corporate,Furniture,Tables,6,0.1,2738.55,602.48
ORD-104997,2024-08-25,Abu Dhabi,Corporate,Technology,Phones,7,0.0,5501.74,880.28
ORD-102352,2024-08-25,Dubai,SMB,Technology,Laptops,7,0.0,7043.41,1126.95
ORD-101936,2024-08-25,Dubai,Corporate,Technology,Phones,2,0.1,950.65,95.06
ORD-103452,2024-08-25,Dubai,SMB,Office Supplies,Pens,5,0.0,225.66,94.78
ORD-101517,2024-08-25,Sharjah,Corporate,Furniture,Tables,4,0.0,2404.43,673.24
ORD-101831,2024-08-25,Abu Dhabi,SMB,Furniture,Chairs,1,0.2,522.72,83.64
ORD-101706,2024-08-25,Abu Dhabi,Corporate,Technology,Laptops,8,0.0,5027.9,804.46
ORD-101226,2024-08-25,Abu Dhabi,Consumer,Furniture,Chairs,1,0.0,511.83,143.31
ORD-103248,2024-08-25,Abu Dhabi,Consumer,Furniture,Tables,6,0.0,2840.57,795.36
ORD-102756,2024-08-25,Dubai,Consumer,Technology,Accessories,8,0.2,5774.04,230.96
ORD-105294,2024-08-26,Dubai,SMB,Office Supplies,Paper,4,0.3,211.77,50.82
ORD-102623,2024-08-26,Abu Dhabi,Corporate,Furniture,Tables,8,0.0,973.38,272.55
ORD-102854,2024-08-26,Dubai,Corporate,Furniture,Chairs,6,0.2,2632.47,421.2
ORD-102538,2024-08-26,Dubai,Consumer,Furniture,Bookcases,3,0.15,1195.05,227.06
ORD-103269,2024-08-26,Abu Dhabi,Consumer,Office Supplies,Pens,5,0.15,178.73,58.98
ORD-105606,2024-08-26,Dubai,Consumer,Furniture,Storage,1,0.0,292.91,82.01
ORD-105253,2024-08-26,Dubai,Consumer,Office Supplies,Pens,5,0.1,219.28,78.94
ORD-105390,2024-08-26,Dubai,Corporate,Technology,Accessories,5,0.0,2677.34,428.37
ORD-104310,2024-08-26,Abu Dhabi,Corporate,Technology,Laptops,6,0.2,1002.31,40.09
ORD-104218,2024-08-26,Abu Dhabi,Consumer,Furniture,Chairs,6,0.0,3192.11,893.79
ORD-104377,2024-08-27,Dubai,Corporate,Technology,Laptops,5,0.0,3299.81,527.97
ORD-100024,2024-08-27,Dubai,Corporate,Furniture,Chairs,5,0.0,1414.6,396.09
ORD-101285,2024-08-27,Dubai,Consumer,Furniture,Bookcases,7,0.1,2020.58,444.53
ORD-103190,2024-08-27,Dubai,Corporate,Furniture,Storage,5,0.15,773.81,147.02
ORD-102497,2024-08-27,Sharjah,SMB,Office Supplies,Pens,1,0.3,55.53,13.33
ORD-101835,2024-08-27,Abu Dhabi,Consumer,Office Supplies,Binders,8,0.1,380.82,137.1
ORD-100387,2024-08-27,Sharjah,SMB,Furniture,Chairs,5,0.0,1911.0,535.08
ORD-100441,2024-08-27,Abu Dhabi,Consumer,Furniture,Storage,7,0.1,2022.85,445.03
ORD-104172,2024-08-28,Dubai,SMB,Office Supplies,Paper,3,0.1,75.05,27.02
ORD-104187,2024-08-28,Sharjah,Consumer,Furniture,Bookcases,8,0.0,3199.67,895.91
ORD-102733,2024-08-28,Dubai,Consumer,Furniture,Chairs,4,0.1,1539.4,338.67
ORD-102739,2024-08-28,Dubai,Consumer,Technology,Laptops,6,0.15,4465.83,312.61
ORD-102785,2024-08-28,Abu Dhabi,Consumer,Technology,Monitors,4,0.0,3782.56,605.21
ORD-101616,2024-08-28,Dubai,Corporate,Furniture,Storage,6,0.0,4069.81,1139.55
ORD-103080,2024-08-28,Dubai,SMB,Office Supplies,Pens,1,0.0,49.65,20.85
ORD-101506,2024-08-28,Northern Emirates,Consumer,Furniture,Bookcases,8,0.0,1582.99,443.24
ORD-101741,2024-08-28,Sharjah,SMB,Technology,Accessories,7,0.2,5577.04,223.08
ORD-102107,2024-08-29,Dubai,Corporate,Office Supplies,Storage,3,0.1,126.07,45.39
ORD-105819,2024-08-29,Sharjah,SMB,Office Supplies,Binders,6,0.0,208.25,87.46
ORD-101874,2024-08-29,Sharjah,Corporate,Technology,Accessories,6,0.0,3563.96,570.23
ORD-101259,2024-08-29,Dubai,Corporate,Furniture,Chairs,7,0.0,2564.77,718.14
ORD-104190,2024-08-29,Dubai,SMB,Technology,Accessories,3,0.0,1831.08,292.97
ORD-101309,2024-08-29,Dubai,Consumer,Furniture,Chairs,4,0.0,1454.54,407.27
ORD-105055,2024-08-30,Sharjah,Consumer,Technology,Monitors,5,0.15,4914.71,344.03
ORD-105187,2024-08-30,Dubai,Consumer,Technology,Monitors,2,0.2,2529.36,101.17
ORD-104276,2024-08-30,Sharjah,Corporate,Technology,Laptops,3,0.1,2454.96,245.5
ORD-101546,2024-08-30,Sharjah,Corporate,Office Supplies,Storage,8,0.1,488.61,175.9
ORD-101872,2024-08-30,Abu Dhabi,Corporate,Technology,Accessories,1,0.15,563.5,39.44
ORD-102077,2024-08-30,Abu Dhabi,Consumer,Furniture,Chairs,3,0.2,1614.78,258.36
ORD-105315,2024-08-30,Dubai,Corporate,Technology,Laptops,8,0.2,5414.28,216.57
ORD-102572,2024-08-30,Dubai,Consumer,Technology,Accessories,8,0.1,3689.53,368.95
ORD-100821,2024-08-30,Sharjah,Consumer,Office Supplies,Storage,8,0.0,418.3,175.69
ORD-103568,2024-08-31,Abu Dhabi,Corporate,Technology,Laptops,4,0.0,2550.84,408.13
ORD-101115,2024-08-31,Dubai,SMB,Office Supplies,Pens,8,0.15,421.52,139.1
ORD-100087,2024-08-31,Dubai,Consumer,Technology,Accessories,6,0.3,3824.88,-76.5
ORD-102022,2024-08-31,Abu Dhabi,Corporate,Office Supplies,Binders,5,0.3,222.14,53.31
ORD-100673,2024-08-31,Dubai,Consumer,Technology,Phones,2,0.1,1284.67,128.47
ORD-104151,2024-08-31,Dubai,SMB,Technology,Monitors,1,0.2,427.83,17.11
ORD-105773,2024-08-31,Dubai,Consumer,Technology,Phones,7,0.2,4977.1,199.08
ORD-102078,2024-09-01,Dubai,Corporate,Furniture,Storage,5,0.1,3285.26,722.76
ORD-100864,2024-09-01,Dubai,Consumer,Furniture,Bookcases,2,0.15,537.89,102.2
ORD-101185,2024-09-01,Abu Dhabi,Consumer,Technology,Phones,6,0.2,4267.56,170.7
ORD-105283,2024-09-01,Dubai,Consumer,Furniture,Bookcases,8,0.0,1193.7,334.24
ORD-101830,2024-09-01,Sharjah,Corporate,Technology,Laptops,4,0.0,832.28,133.16
ORD-104436,2024-09-01,Dubai,Corporate,Furniture,Bookcases,3,0.3,2106.75,210.68
ORD-105153,2024-09-01,Dubai,SMB,Furniture,Tables,5,0.0,1594.88,446.57
ORD-104332,2024-09-01,Sharjah,Corporate,Office Supplies,Binders,2,0.1,75.09,27.03
ORD-103906,2024-09-01,Dubai,Corporate,Furniture,Bookcases,2,0.2,742.44,118.79
ORD-103180,2024-09-01,Dubai,Corporate,Office Supplies,Paper,3,0.0,123.0,51.66
ORD-103625,2024-09-01,Sharjah,Consumer,Furniture,Tables,7,0.0,3675.16,1029.04
ORD-101368,2024-09-01,Dubai,Corporate,Office Supplies,Paper,4,0.15,190.94,63.01
ORD-101021,2024-09-02,Abu Dhabi,Corporate,Furniture,Bookcases,5,0.0,1476.24,413.35
ORD-105325,2024-09-02,Dubai,Consumer,Office Supplies,Storage,5,0.0,293.04,123.08
ORD-105056,2024-09-02,Abu Dhabi,Consumer,Technology,Laptops,2,0.0,1875.45,300.07
ORD-100250,2024-09-02,Dubai,Consumer,Technology,Phones,1,0.0,502.73,80.44
ORD-101404,2024-09-02,Northern Emirates,Corporate,Furniture,Bookcases,4,0.1,1056.53,232.44
ORD-105655,2024-09-02,Sharjah,Consumer,Office Supplies,Binders,8,0.3,608.7,146.09
ORD-100398,2024-09-02,Abu Dhabi,SMB,Technology,Accessories,2,0.0,585.96,93.75
ORD-103127,2024-09-02,Northern Emirates,Consumer,Technology,Accessories,6,0.2,4159.3,166.37
ORD-102079,2024-09-03,Dubai,SMB,Furniture,Tables,1,0.0,352.33,98.65
ORD-102713,2024-09-03,Dubai,Corporate,Technology,Phones,2,0.15,2009.17,140.64
ORD-101814,2024-09-03,Northern Emirates,Corporate,Technology,Phones,3,0.2,1858.34,74.33
ORD-101046,2024-09-03,Northern Emirates,Consumer,Technology,Phones,8,0.0,3042.12,486.74
ORD-102050,2024-09-04,Abu Dhabi,SMB,Furniture,Tables,1,0.0,384.87,107.76
ORD-100802,2024-09-04,Abu Dhabi,Consumer,Technology,Laptops,7,0.0,5900.8,944.13
ORD-105322,2024-09-04,Northern Emirates,Consumer,Office Supplies,Pens,8,0.0,458.25,192.46
ORD-103163,2024-09-04,Dubai,Corporate,Technology,Accessories,2,0.15,719.6,50.37
ORD-104929,2024-09-04,Sharjah,Consumer,Technology,Phones,6,0.0,3389.54,542.33
ORD-101096,2024-09-04,Northern Emirates,Corporate,Office Supplies,Paper,8,0.15,601.5,198.49
ORD-100918,2024-09-04,Northern Emirates,Consumer,Technology,Phones,8,0.2,7724.35,308.97
ORD-103807,2024-09-04,Dubai,Consumer,Office Supplies,Binders,6,0.1,202.09,72.75
ORD-102712,2024-09-05,Dubai,Consumer,Technology,Laptops,7,0.0,5075.63,812.1
ORD-103729,2024-09-05,Sharjah,Corporate,Technology,Laptops,7,0.0,3536.36,565.82
ORD-100901,2024-09-05,Abu Dhabi,Consumer,Technology,Laptops,1,0.2,908.19,36.33
ORD-105647,2024-09-05,Northern Emirates,Corporate,Furniture,Bookcases,1,0.0,240.19,67.25
ORD-103535,2024-09-05,Abu Dhabi,SMB,Furniture,Tables,5,0.0,2180.65,610.58
ORD-102247,2024-09-06,Northern Emirates,Consumer,Technology,Laptops,1,0.1,847.84,84.78
ORD-101449,2024-09-06,Abu Dhabi,Consumer,Technology,Accessories,2,0.1,560.92,56.09
ORD-102284,2024-09-06,Northern Emirates,Consumer,Office Supplies,Storage,7,0.0,330.71,138.9
ORD-104110,2024-09-06,Dubai,SMB,Furniture,Chairs,2,0.0,699.26,195.79
ORD-104571,2024-09-06,Abu Dhabi,SMB,Office Supplies,Pens,1,0.1,32.42,11.67
ORD-105345,2024-09-06,Sharjah,Consumer,Technology,Laptops,8,0.0,3728.3,596.53
ORD-102681,2024-09-06,Dubai,Consumer,Technology,Accessories,8,0.2,3269.07,130.76
ORD-100290,2024-09-06,Dubai,Corporate,Office Supplies,Binders,1,0.15,20.84,6.88
ORD-103348,2024-09-06,Abu Dhabi,Consumer,Technology,Monitors,2,0.0,1855.25,296.84
ORD-105915,2024-09-06,Dubai,Consumer,Technology,Laptops,7,0.1,5364.65,536.46
ORD-103214,2024-09-06,Abu Dhabi,Consumer,Furniture,Storage,4,0.15,1891.87,359.46
ORD-103256,2024-09-06,Abu Dhabi,Corporate,Office Supplies,Pens,6,0.0,141.09,59.26
ORD-101768,2024-09-07,Dubai,Corporate,Furniture,Chairs,1,0.0,532.76,149.17
ORD-100873,2024-09-07,Dubai,SMB,Office Supplies,Binders,3,0.1,179.66,64.68
ORD-103747,2024-09-07,Abu Dhabi,SMB,Technology,Accessories,5,0.0,737.98,118.08
ORD-100079,2024-09-07,Dubai,Consumer,Technology,Accessories,7,0.1,5169.81,516.98
ORD-103801,2024-09-07,Dubai,Corporate,Furniture,Bookcases,5,0.3,1717.06,171.71
ORD-100998,2024-09-07,Sharjah,SMB,Technology,Phones,2,0.0,876.02,140.16
ORD-100164,2024-09-07,Dubai,SMB,Office Supplies,Storage,7,0.0,331.47,139.22
ORD-101703,2024-09-07,Dubai,Consumer,Office Supplies,Pens,3,0.2,88.52,26.56
ORD-100833,2024-09-07,Abu Dhabi,Consumer,Furniture,Chairs,4,0.15,1716.18,326.07
ORD-101730,2024-09-07,Sharjah,Consumer,Office Supplies,Paper,4,0.15,287.71,94.94
ORD-105273,2024-09-08,Dubai,Consumer,Furniture,Chairs,1,0.0,410.83,115.03
ORD-101726,2024-09-08,Dubai,Consumer,Furniture,Chairs,2,0.1,844.12,185.71
ORD-102159,2024-09-08,Sharjah,SMB,Technology,Laptops,1,0.2,948.58,37.94
ORD-103485,2024-09-08,Dubai,Consumer,Technology,Monitors,3,0.0,1545.33,247.25
ORD-101297,2024-09-08,Dubai,Consumer,Furniture,Tables,5,0.0,2521.51,706.02
ORD-103319,2024-09-08,Sharjah,Corporate,Technology,Laptops,5,0.2,3202.06,128.08
ORD-101203,2024-09-09,Abu Dhabi,SMB,Furniture,Chairs,2,0.0,774.66,216.9
ORD-100956,2024-09-09,Abu Dhabi,Corporate,Furniture,Tables,2,0.1,192.67,42.39
ORD-103540,2024-09-09,Dubai,Consumer,Technology,Monitors,2,0.2,1054.61,42.18
ORD-105635,2024-09-09,Dubai,Consumer,Office Supplies,Paper,5,0.15,101.17,33.39
ORD-100463,2024-09-09,Sharjah,SMB,Office Supplies,Paper,7,0.15,349.17,115.23
ORD-104307,2024-09-09,Northern Emirates,Corporate,Furniture,Bookcases,5,0.2,2276.89,364.3
ORD-100952,2024-09-09,Abu Dhabi,SMB,Furniture,Tables,3,0.0,719.23,201.38
ORD-101002,2024-09-09,Sharjah,Corporate,Office Supplies,Binders,7,0.2,430.24,129.07
ORD-104629,2024-09-09,Dubai,Consumer,Office Supplies,Pens,4,0.0,110.15,46.26
ORD-104353,2024-09-09,Northern Emirates,SMB,Furniture,Tables,3,0.15,1391.95,264.47
ORD-104623,2024-09-09,Dubai,Consumer,Technology,Laptops,2,0.0,1419.36,227.1
ORD-102868,2024-09-09,Dubai,Corporate,Office Supplies,Storage,1,0.15,32.93,10.87
ORD-101212,2024-09-09,Sharjah,SMB,Office Supplies,Storage,3,0.15,139.54,46.05
ORD-100931,2024-09-09,Dubai,Corporate,Technology,Monitors,6,0.0,3291.32,526.61
ORD-104969,2024-09-09,Abu Dhabi,SMB,Furniture,Bookcases,8,0.3,2723.71,272.37
ORD-105780,2024-09-09,Dubai,Corporate,Technology,Laptops,8,0.3,3173.45,-63.47
ORD-101688,2024-09-10,Abu Dhabi,Corporate,Office Supplies,Pens,1,0.1,76.3,27.47
ORD-100831,2024-09-10,Dubai,Consumer,Technology,Monitors,7,0.2,5146.34,205.85
ORD-105304,2024-09-10,Abu Dhabi,Consumer,Furniture,Chairs,7,0.0,4705.48,1317.53
ORD-102585,2024-09-10,Abu Dhabi,SMB,Technology,Phones,4,0.0,1152.65,184.42
ORD-102668,2024-09-10,Dubai,SMB,Furniture,Tables,8,0.0,2062.11,577.39
ORD-102496,2024-09-10,Dubai,Consumer,Technology,Laptops,1,0.0,510.31,81.65
ORD-102365,2024-09-10,Sharjah,Consumer,Office Supplies,Storage,3,0.1,125.38,45.14
ORD-103340,2024-09-10,Abu Dhabi,SMB,Technology,Laptops,2,0.15,1473.24,103.13
ORD-102577,2024-09-10,Sharjah,SMB,Technology,Accessories,2,0.1,933.13,93.31
ORD-101547,2024-09-10,Northern Emirates,Corporate,Furniture,Storage,6,0.0,2033.47,569.37
ORD-101330,2024-09-10,Dubai,Consumer,Technology,Monitors,7,0.0,3596.58,575.45
ORD-101564,2024-09-11,Dubai,Corporate,Furniture,Chairs,3,0.3,1588.25,158.83
ORD-100497,2024-09-11,Sharjah,Consumer,Office Supplies,Storage,1,0.1,49.62,17.86
ORD-103339,2024-09-11,Dubai,Corporate,Technology,Monitors,8,0.15,5167.43,361.72
ORD-104579,2024-09-11,Abu Dhabi,Corporate,Furniture,Storage,8,0.2,1460.68,233.71
ORD-102235,2024-09-11,Abu Dhabi,SMB,Technology,Phones,5,0.0,5561.73,889.88
ORD-103705,2024-09-11,Abu Dhabi,Consumer,Technology,Monitors,1,0.1,1031.68,103.17
ORD-102237,2024-09-11,Abu Dhabi,Consumer,Office Supplies,Binders,8,0.2,109.4,32.82
ORD-105669,2024-09-11,Sharjah,Corporate,Technology,Monitors,7,0.0,3372.07,539.53
ORD-103055,2024-09-12,Sharjah,Consumer,Furniture,Tables,1,0.0,412.17,115.41
ORD-100200,2024-09-12,Dubai,Consumer,Furniture,Storage,6,0.15,2231.17,423.92
ORD-103987,2024-09-12,Dubai,SMB,Furniture,Chairs,1,0.15,451.45,85.78
ORD-102792,2024-09-12,Dubai,Consumer,Office Supplies,Storage,7,0.0,277.27,116.45
ORD-102324,2024-09-12,Abu Dhabi,Consumer,Office Supplies,Binders,4,0.0,231.3,97.15
ORD-101761,2024-09-12,Abu Dhabi,SMB,Furniture,Storage,6,0.0,2917.31,816.85
ORD-101604,2024-09-12,Dubai,Corporate,Technology,Phones,5,0.1,4968.84,496.88
ORD-103364,2024-09-12,Dubai,SMB,Technology,Laptops,6,0.2,3620.97,144.84
ORD-100166,2024-09-13,Dubai,SMB,Office Supplies,Binders,7,0.0,378.41,158.93
ORD-101776,2024-09-13,Dubai,SMB,Office Supplies,Storage,5,0.0,184.88,77.65
ORD-100179,2024-09-13,Dubai,SMB,Technology,Laptops,8,0.0,5088.45,814.15
ORD-104179,2024-09-13,Abu Dhabi,SMB,Technology,Accessories,4,0.3,4179.01,-83.58
ORD-101088,2024-09-13,Dubai,Corporate,Technology,Monitors,1,0.0,715.58,114.49
ORD-105701,2024-09-13,Northern Emirates,Consumer,Technology,Monitors,2,0.1,1657.85,165.78
ORD-103525,2024-09-13,Abu Dhabi,Consumer,Office Supplies,Binders,5,0.15,220.45,72.75
ORD-105520,2024-09-13,Sharjah,Consumer,Furniture,Storage,7,0.1,2950.41,649.09
ORD-103049,2024-09-13,Dubai,SMB,Furniture,Storage,5,0.15,2040.33,387.66
ORD-105801,2024-09-13,Dubai,Consumer,Office Supplies,Pens,8,0.0,335.18,140.78
ORD-100620,2024-09-14,Sharjah,SMB,Office Supplies,Pens,4,0.3,140.53,33.73
ORD-105493,2024-09-14,Dubai,SMB,Technology,Accessories,3,0.2,1375.76,55.03
ORD-101141,2024-09-14,Abu Dhabi,Consumer,Technology,Monitors,3,0.2,2015.92,80.64
ORD-101360,2024-09-14,Dubai,Consumer,Furniture,Chairs,6,0.2,3007.11,481.14
ORD-102020,2024-09-14,Dubai,SMB,Office Supplies,Paper,1,0.3,46.41,11.14
ORD-101161,2024-09-14,Northern Emirates,Consumer,Technology,Monitors,6,0.0,3577.96,572.47
ORD-102494,2024-09-14,Sharjah,SMB,Office Supplies,Pens,2,0.0,143.93,60.45
ORD-103454,2024-09-15,Northern Emirates,Consumer,Office Supplies,Storage,4,0.0,121.13,50.87
ORD-102381,2024-09-15,Dubai,Consumer,Furniture,Chairs,2,0.0,1206.11,337.71
ORD-104040,2024-09-15,Dubai,SMB,Technology,Accessories,5,0.2,3697.1,147.88
ORD-104159,2024-09-15,Abu Dhabi,Corporate,Technology,Accessories,7,0.3,4608.97,-92.18
ORD-104919,2024-09-15,Sharjah,Consumer,Furniture,Tables,4,0.2,2276.21,364.19
ORD-103707,2024-09-15,Dubai,Consumer,Technology,Accessories,7,0.15,4202.75,294.19
ORD-105809,2024-09-15,Dubai,SMB,Furniture,Chairs,7,0.0,2919.27,817.4
ORD-102528,2024-09-16,Dubai,Corporate,Office Supplies,Storage,8,0.1,331.78,119.44
ORD-103457,2024-09-16,Northern Emirates,Consumer,Office Supplies,Pens,3,0.0,201.84,84.77
ORD-102665,2024-09-16,Dubai,Corporate,Office Supplies,Paper,6,0.15,119.44,39.42
ORD-103873,2024-09-16,Dubai,Consumer,Technology,Laptops,6,0.1,4180.35,418.04
ORD-103597,2024-09-16,Dubai,Consumer,Technology,Laptops,6,0.2,4633.32,185.33
ORD-104204,2024-09-16,Dubai,Consumer,Office Supplies,Storage,7,0.0,305.7,128.39
ORD-100464,2024-09-16,Dubai,SMB,Furniture,Bookcases,6,0.15,2381.47,452.48
ORD-105910,2024-09-16,Dubai,Corporate,Office Supplies,Binders,7,0.0,86.85,36.48
ORD-103931,2024-09-17,Dubai,Consumer,Furniture,Bookcases,8,0.2,1164.69,186.35
ORD-104326,2024-09-17,Dubai,SMB,Technology,Accessories,2,0.0,1507.27,241.16
ORD-103077,2024-09-17,Sharjah,Consumer,Furniture,Tables,8,0.0,4560.96,1277.07
ORD-104975,2024-09-17,Sharjah,Corporate,Technology,Monitors,7,0.15,3097.83,216.85
ORD-104148,2024-09-17,Dubai,SMB,Technology,Phones,2,0.15,1399.99,98.0
ORD-102199,2024-09-17,Dubai,Consumer,Office Supplies,Paper,6,0.15,254.1,83.85
ORD-104698,2024-09-18,Dubai,Consumer,Technology,Monitors,5,0.1,2831.9,283.19
ORD-102419,2024-09-18,Abu Dhabi,Consumer,Furniture,Tables,3,0.0,1705.44,477.52
ORD-104872,2024-09-18,Dubai,Corporate,Furniture,Tables,7,0.0,3084.53,863.67
ORD-100959,2024-09-18,Sharjah,Corporate,Office Supplies,Paper,3,0.15,79.57,26.26
ORD-103458,2024-09-18,Abu Dhabi,Corporate,Furniture,Tables,8,0.1,831.15,182.85
ORD-103001,2024-09-19,Dubai,Consumer,Office Supplies,Paper,3,0.0,78.98,33.17
ORD-103253,2024-09-19,Abu Dhabi,Consumer,Technology,Laptops,8,0.0,2371.21,379.39
ORD-100547,2024-09-19,Dubai,Corporate,Furniture,Tables,2,0.3,649.93,64.99
ORD-104473,2024-09-19,Dubai,Consumer,Technology,Laptops,7,0.1,2635.6,263.56
ORD-102042,2024-09-20,Dubai,Corporate,Technology,Monitors,2,0.0,1224.3,195.89
ORD-104431,2024-09-20,Dubai,SMB,Technology,Accessories,6,0.0,3782.2,605.15
ORD-102919,2024-09-20,Dubai,Consumer,Furniture,Tables,1,0.2,297.16,47.55
ORD-101987,2024-09-20,Abu Dhabi,Corporate,Furniture,Tables,1,0.0,571.93,160.14
ORD-100064,2024-09-20,Abu Dhabi,SMB,Furniture,Chairs,2,0.1,1764.82,388.26
ORD-101582,2024-09-20,Dubai,Consumer,Technology,Laptops,1,0.0,525.3,84.05
ORD-100903,2024-09-20,Dubai,Corporate,Office Supplies,Pens,3,0.0,76.65,32.19
ORD-100814,2024-09-20,Dubai,Corporate,Office Supplies,Storage,4,0.15,216.72,71.52
ORD-102462,2024-09-20,Dubai,SMB,Furniture,Bookcases,2,0.0,678.57,190.0
ORD-101094,2024-09-20,Sharjah,Consumer,Furniture,Chairs,6,0.0,2207.48,618.09
ORD-100977,2024-09-21,Dubai,Corporate,Office Supplies,Paper,3,0.0,214.08,89.91
ORD-100535,2024-09-21,Dubai,Consumer,Furniture,Chairs,6,0.1,3638.61,800.49
ORD-100192,2024-09-21,Dubai,Corporate,Furniture,Storage,2,0.3,730.12,73.01
ORD-102089,2024-09-21,Abu Dhabi,SMB,Furniture,Tables,1,0.0,664.47,186.05
ORD-105918,2024-09-21,Abu Dhabi,Consumer,Furniture,Chairs,8,0.15,3428.75,651.46
ORD-101139,2024-09-21,Northern Emirates,SMB,Furniture,Tables,8,0.0,709.93,198.78
ORD-104154,2024-09-21,Dubai,Corporate,Technology,Accessories,8,0.15,4256.91,297.98
ORD-105161,2024-09-21,Sharjah,Consumer,Office Supplies,Pens,7,0.2,346.43,103.93
ORD-102822,2024-09-21,Dubai,SMB,Furniture,Bookcases,1,0.15,313.27,59.52
ORD-101995,2024-09-21,Abu Dhabi,Consumer,Office Supplies,Paper,1,0.0,63.71,26.76
ORD-102821,2024-09-21,Dubai,Consumer,Furniture,Tables,5,0.15,2002.69,380.51
ORD-103777,2024-09-21,Dubai,Corporate,Technology,Monitors,3,0.15,1086.76,76.07
ORD-102670,2024-09-22,Sharjah,Corporate,Furniture,Chairs,7,0.0,3114.23,871.98
ORD-101059,2024-09-22,Dubai,Corporate,Technology,Laptops,6,0.1,3324.52,332.45
ORD-103580,2024-09-22,Dubai,Corporate,Furniture,Storage,2,0.0,633.39,177.35
ORD-102486,2024-09-22,Dubai,Corporate,Office Supplies,Paper,6,0.0,414.64,174.15
ORD-102887,2024-09-22,Sharjah,Corporate,Office Supplies,Pens,5,0.0,215.18,90.38
ORD-105789,2024-09-22,Northern Emirates,Consumer,Office Supplies,Pens,5,0.0,280.47,117.8
ORD-103015,2024-09-22,Sharjah,Corporate,Technology,Monitors,5,0.1,4697.99,469.8
ORD-103318,2024-09-23,Dubai,SMB,Technology,Laptops,8,0.1,5239.58,523.96
ORD-101420,2024-09-23,Abu Dhabi,Corporate,Technology,Phones,5,0.0,2248.71,359.79
ORD-101899,2024-09-23,Abu Dhabi,Consumer,Office Supplies,Storage,7,0.3,171.08,41.06
ORD-105368,2024-09-23,Dubai,Corporate,Furniture,Chairs,8,0.15,4225.45,802.84
ORD-101490,2024-09-23,Sharjah,Corporate,Office Supplies,Paper,4,0.3,232.26,55.74
ORD-102736,2024-09-23,Northern Emirates,Consumer,Office Supplies,Binders,4,0.2,221.03,66.31
ORD-105614,2024-09-23,Sharjah,SMB,Furniture,Tables,6,0.0,2194.39,614.43
ORD-100622,2024-09-23,Dubai,SMB,Office Supplies,Paper,3,0.1,157.04,56.53
ORD-103915,2024-09-23,Abu Dhabi,SMB,Technology,Laptops,4,0.1,3027.48,302.75
ORD-103196,2024-09-23,Abu Dhabi,Consumer,Technology,Monitors,5,0.1,3546.91,354.69
ORD-103434,2024-09-24,Sharjah,SMB,Technology,Phones,3,0.1,1302.59,130.26
ORD-101844,2024-09-24,Dubai,Consumer,Technology,Phones,7,0.0,3219.78,515.16
ORD-101907,2024-09-24,Abu Dhabi,Corporate,Furniture,Chairs,5,0.0,2238.2,626.7
ORD-102880,2024-09-24,Abu Dhabi,Corporate,Office Supplies,Pens,7,0.3,273.05,65.53
ORD-102516,2024-09-24,Abu Dhabi,Consumer,Office Supplies,Storage,3,0.0,147.25,61.84
ORD-101682,2024-09-24,Dubai,Consumer,Technology,Laptops,1,0.1,535.93,53.59
ORD-105738,2024-09-24,Abu Dhabi,Consumer,Furniture,Chairs,1,0.0,270.88,75.85
ORD-103652,2024-09-24,Sharjah,SMB,Technology,Laptops,6,0.0,1342.25,214.76
ORD-104160,2024-09-24,Dubai,Consumer,Office Supplies,Pens,2,0.15,61.59,20.32
ORD-103473,2024-09-25,Dubai,SMB,Technology,Accessories,7,0.0,2950.37,472.06
ORD-102989,2024-09-25,Northern Emirates,Consumer,Technology,Phones,2,0.15,574.25,40.2
ORD-105843,2024-09-25,Sharjah,Consumer,Office Supplies,Binders,4,0.15,155.23,51.23
ORD-105689,2024-09-25,Abu Dhabi,Consumer,Office Supplies,Pens,2,0.0,68.82,28.9
ORD-104196,2024-09-25,Northern Emirates,Consumer,Furniture,Bookcases,7,0.1,2079.05,457.39
ORD-100679,2024-09-25,Northern Emirates,SMB,Technology,Laptops,1,0.15,485.22,33.97
ORD-103132,2024-09-25,Sharjah,SMB,Office Supplies,Pens,7,0.1,259.98,93.59
ORD-102276,2024-09-26,Abu Dhabi,Corporate,Office Supplies,Pens,4,0.15,145.77,48.1
ORD-105496,2024-09-26,Dubai,Consumer,Technology,Laptops,1,0.3,479.51,-9.59
ORD-104056,2024-09-26,Northern Emirates,Consumer,Furniture,Storage,8,0.1,2602.5,572.55
ORD-102198,2024-09-26,Dubai,Corporate,Technology,Monitors,7,0.0,5009.07,801.45
ORD-100115,2024-09-26,Dubai,Corporate,Technology,Phones,3,0.3,1696.18,-33.92
ORD-102549,2024-09-27,Dubai,SMB,Office Supplies,Binders,3,0.15,201.5,66.49
ORD-104049,2024-09-27,Northern Emirates,Corporate,Furniture,Bookcases,8,0.2,3586.18,573.79
ORD-105559,2024-09-27,Dubai,Consumer,Technology,Phones,2,0.0,481.43,77.03
ORD-100331,2024-09-27,Sharjah,Consumer,Furniture,Tables,8,0.1,5144.53,1131.8
ORD-104664,2024-09-27,Dubai,Consumer,Furniture,Chairs,6,0.3,1291.61,129.16
ORD-105654,2024-09-27,Abu Dhabi,Corporate,Office Supplies,Binders,2,0.15,95.05,31.37
ORD-103191,2024-09-27,Dubai,Consumer,Technology,Accessories,5,0.0,3253.34,520.53
ORD-103440,2024-09-27,Abu Dhabi,Consumer,Furniture,Chairs,8,0.2,2994.6,479.14
ORD-101118,2024-09-27,Abu Dhabi,Corporate,Office Supplies,Pens,6,0.1,152.22,54.8
ORD-105807,2024-09-27,Dubai,Consumer,Technology,Phones,1,0.3,893.42,-17.87
ORD-105359,2024-09-27,Northern Emirates,Corporate,Office Supplies,Binders,2,0.1,92.77,33.4
ORD-105249,2024-09-27,Dubai,Corporate,Office Supplies,Binders,7,0.0,329.94,138.57
ORD-104367,2024-09-28,Dubai,Consumer,Office Supplies,Storage,2,0.0,94.18,39.56
ORD-101891,2024-09-28,Abu Dhabi,Consumer,Furniture,Tables,8,0.15,2636.6,500.95
ORD-105840,2024-09-28,Abu Dhabi,Consumer,Technology,Accessories,4,0.3,3610.91,-72.22
ORD-105077,2024-09-28,Northern Emirates,SMB,Furniture,Storage,4,0.2,1476.2,236.19
ORD-104267,2024-09-28,Abu Dhabi,SMB,Office Supplies,Binders,7,0.0,56.0,23.52
ORD-100624,2024-09-28,Dubai,Consumer,Technology,Accessories,3,0.0,2324.48,371.92
ORD-105261,2024-09-28,Abu Dhabi,Consumer,Furniture,Storage,8,0.0,3736.94,1046.34
ORD-100519,2024-09-28,Northern Emirates,Consumer,Office Supplies,Pens,2,0.0,91.69,38.51
ORD-103763,2024-09-28,Abu Dhabi,SMB,Furniture,Chairs,8,0.0,4781.73,1338.88
ORD-101722,2024-09-29,Dubai,Consumer,Technology,Monitors,4,0.0,2937.65,470.02
ORD-101559,2024-09-29,Sharjah,SMB,Furniture,Storage,7,0.2,2525.63,404.1
ORD-104027,2024-09-29,Abu Dhabi,Corporate,Office Supplies,Storage,5,0.2,246.49,73.95
ORD-104616,2024-09-29,Sharjah,Consumer,Furniture,Chairs,4,0.1,1936.48,426.03
ORD-103425,2024-09-29,Dubai,SMB,Technology,Monitors,1,0.2,865.83,34.63
ORD-103615,2024-09-29,Dubai,Consumer,Office Supplies,Storage,8,0.1,548.17,197.34
ORD-102254,2024-09-29,Dubai,Consumer,Furniture,Chairs,6,0.3,3577.67,357.77
ORD-101120,2024-09-29,Northern Emirates,Corporate,Technology,Phones,8,0.3,6663.75,-133.27
ORD-101518,2024-09-30,Dubai,Corporate,Technology,Laptops,1,0.2,861.51,34.46
ORD-101459,2024-09-30,Dubai,SMB,Office Supplies,Pens,2,0.0,104.77,44.0
ORD-100425,2024-09-30,Abu Dhabi,Consumer,Furniture,Chairs,1,0.0,492.36,137.86
ORD-100512,2024-10-01,Northern Emirates,Corporate,Furniture,Tables,4,0.0,1858.93,520.5
ORD-102593,2024-10-01,Abu Dhabi,Consumer,Office Supplies,Binders,6,0.15,251.41,82.97
ORD-101852,2024-10-01,Abu Dhabi,Consumer,Furniture,Chairs,7,0.3,3198.59,319.86
ORD-100202,2024-10-01,Northern Emirates,Consumer,Technology,Laptops,7,0.2,5103.59,204.14
ORD-103689,2024-10-01,Northern Emirates,Corporate,Office Supplies,Binders,5,0.1,148.99,53.64
ORD-104965,2024-10-02,Northern Emirates,SMB,Office Supplies,Binders,7,0.1,358.45,129.04
ORD-102451,2024-10-02,Abu Dhabi,Consumer,Technology,Monitors,5,0.0,3196.82,511.49
ORD-104083,2024-10-02,Abu Dhabi,Consumer,Technology,Laptops,3,0.1,1667.19,166.72
ORD-102426,2024-10-02,Abu Dhabi,Consumer,Technology,Accessories,3,0.0,1481.37,237.02
ORD-102701,2024-10-02,Sharjah,Corporate,Technology,Laptops,7,0.3,4061.81,-81.24
ORD-105951,2024-10-03,Abu Dhabi,Consumer,Technology,Monitors,7,0.0,3880.13,620.82
ORD-101531,2024-10-03,Abu Dhabi,SMB,Furniture,Tables,3,0.0,876.33,245.37
ORD-101119,2024-10-03,Abu Dhabi,Consumer,Technology,Accessories,7,0.1,5354.75,535.48
ORD-103977,2024-10-03,Northern Emirates,SMB,Furniture,Storage,3,0.0,1150.67,322.19
ORD-100917,2024-10-03,Dubai,Corporate,Furniture,Bookcases,4,0.3,1475.54,147.55
ORD-102800,2024-10-04,Abu Dhabi,Consumer,Technology,Laptops,5,0.15,3438.12,240.67
ORD-100155,2024-10-04,Northern Emirates,Consumer,Furniture,Storage,2,0.15,1141.12,216.81
ORD-104363,2024-10-04,Abu Dhabi,Corporate,Technology,Accessories,2,0.0,1631.46,261.03
ORD-100730,2024-10-04,Abu Dhabi,Consumer,Office Supplies,Pens,7,0.0,307.24,129.04
ORD-105462,2024-10-04,Dubai,SMB,Furniture,Chairs,2,0.1,790.89,174.0
ORD-104940,2024-10-04,Abu Dhabi,Corporate,Office Supplies,Pens,3,0.3,128.1,30.74
ORD-104336,2024-10-04,Dubai,Consumer,Technology,Accessories,4,0.0,1652.17,264.35
ORD-105677,2024-10-04,Dubai,Consumer,Technology,Phones,6,0.3,1899.76,-38.0
ORD-104533,2024-10-04,Sharjah,Consumer,Furniture,Tables,5,0.3,840.81,84.08
ORD-101601,2024-10-04,Abu Dhabi,Corporate,Technology,Phones,8,0.0,5369.28,859.08
ORD-101209,2024-10-05,Sharjah,Consumer,Technology,Laptops,8,0.0,5509.1,881.46
ORD-102691,2024-10-05,Dubai,Corporate,Technology,Accessories,1,0.1,831.89,83.19
ORD-104961,2024-10-05,Abu Dhabi,Consumer,Office Supplies,Storage,7,0.0,268.15,112.62
ORD-102629,2024-10-05,Northern Emirates,Consumer,Technology,Monitors,1,0.2,613.71,24.55
ORD-100374,2024-10-05,Northern Emirates,Consumer,Technology,Laptops,4,0.3,636.42,-12.73
ORD-100536,2024-10-05,Abu Dhabi,Consumer,Office Supplies,Binders,2,0.1,52.5,18.9
ORD-101794,2024-10-05,Dubai,Corporate,Furniture,Chairs,6,0.0,2472.83,692.39
ORD-103565,2024-10-05,Northern Emirates,Consumer,Technology,Accessories,3,0.1,2572.07,257.21
ORD-103542,2024-10-06,Northern Emirates,Consumer,Office Supplies,Pens,5,0.0,212.29,89.16
ORD-105388,2024-10-06,Dubai,Corporate,Office Supplies,Binders,1,0.3,23.91,5.74
ORD-101321,2024-10-06,Dubai,Consumer,Technology,Phones,1,0.0,953.59,152.57
ORD-102663,2024-10-06,Sharjah,Corporate,Furniture,Bookcases,5,0.0,1033.07,289.26
ORD-103309,2024-10-06,Abu Dhabi,Consumer,Technology,Phones,1,0.1,1008.81,100.88
ORD-103267,2024-10-06,Abu Dhabi,Consumer,Furniture,Chairs,6,0.1,2067.89,454.94
ORD-105372,2024-10-06,Sharjah,Corporate,Furniture,Bookcases,3,0.0,1719.88,481.57
ORD-104979,2024-10-06,Abu Dhabi,Consumer,Technology,Accessories,1,0.1,526.47,52.65
ORD-103752,2024-10-07,Dubai,Corporate,Technology,Laptops,8,0.1,5078.79,507.88
ORD-105200,2024-10-07,Sharjah,Consumer,Technology,Accessories,1,0.0,403.76,64.6
ORD-105061,2024-10-07,Northern Emirates,Consumer,Furniture,Chairs,2,0.3,824.36,82.44
ORD-101263,2024-10-07,Dubai,Corporate,Office Supplies,Pens,4,0.0,125.14,52.56
ORD-103405,2024-10-07,Northern Emirates,SMB,Office Supplies,Pens,1,0.0,27.4,11.51
ORD-102949,2024-10-07,Dubai,Consumer,Office Supplies,Binders,3,0.1,150.76,54.27
ORD-101903,2024-10-07,Dubai,Corporate,Furniture,Tables,2,0.0,740.72,207.4
ORD-100189,2024-10-07,Northern Emirates,SMB,Technology,Monitors,5,0.1,3835.69,383.57
ORD-105905,2024-10-07,Sharjah,Corporate,Technology,Laptops,1,0.1,700.19,70.02
ORD-105307,2024-10-07,Sharjah,Corporate,Furniture,Bookcases,5,0.3,2547.02,254.7
ORD-100736,2024-10-07,Abu Dhabi,SMB,Technology,Monitors,2,0.1,1014.17,101.42
ORD-101613,2024-10-07,Abu Dhabi,Consumer,Office Supplies,Pens,1,0.0,41.88,17.59
ORD-100151,2024-10-08,Abu Dhabi,SMB,Furniture,Chairs,5,0.0,2762.81,773.59
ORD-101136,2024-10-08,Abu Dhabi,SMB,Office Supplies,Storage,1,0.0,59.99,25.2
ORD-103501,2024-10-08,Abu Dhabi,SMB,Office Supplies,Storage,5,0.15,237.1,78.24
ORD-101657,2024-10-08,Abu Dhabi,Corporate,Furniture,Tables,2,0.3,764.06,76.41
ORD-100477,2024-10-08,Sharjah,Corporate,Office Supplies,Binders,7,0.0,194.61,81.74
ORD-105612,2024-10-08,Northern Emirates,Consumer,Technology,Laptops,5,0.3,4923.92,-98.48
ORD-105947,2024-10-08,Sharjah,SMB,Technology,Laptops,1,0.3,568.33,-11.37
ORD-100243,2024-10-08,Dubai,SMB,Office Supplies,Binders,5,0.0,256.0,107.52
ORD-103414,2024-10-09,Northern Emirates,Corporate,Office Supplies,Paper,7,0.1,326.87,117.67
ORD-100432,2024-10-09,Dubai,Corporate,Technology,Accessories,4,0.0,4509.04,721.45
ORD-101480,2024-10-09,Dubai,Corporate,Technology,Accessories,4,0.0,3271.22,523.4
ORD-102782,2024-10-09,Dubai,SMB,Office Supplies,Pens,3,0.0,55.18,23.18
ORD-102002,2024-10-09,Abu Dhabi,Consumer,Furniture,Tables,8,0.1,3672.0,807.84
ORD-100327,2024-10-09,Dubai,Consumer,Furniture,Tables,3,0.2,925.02,148.0
ORD-101832,2024-10-09,Sharjah,Consumer,Technology,Laptops,7,0.1,4471.27,447.13
ORD-102379,2024-10-09,Sharjah,Consumer,Furniture,Storage,4,0.15,2701.85,513.35
ORD-105401,2024-10-09,Dubai,Consumer,Technology,Accessories,4,0.1,3043.96,304.4
ORD-100592,2024-10-09,Sharjah,Corporate,Furniture,Chairs,4,0.0,2497.86,699.4
ORD-105957,2024-10-10,Northern Emirates,Consumer,Furniture,Bookcases,6,0.0,1986.5,556.22
ORD-102646,2024-10-10,Abu Dhabi,SMB,Furniture,Bookcases,4,0.15,1672.36,317.75
ORD-105902,2024-10-10,Dubai,Corporate,Technology,Laptops,6,0.3,5027.72,-100.55
ORD-101828,2024-10-11,Dubai,Corporate,Technology,Phones,8,0.15,6169.35,431.85
ORD-100490,2024-10-11,Abu Dhabi,Corporate,Technology,Monitors,5,0.2,3102.96,124.12
ORD-105998,2024-10-11,Dubai,Corporate,Furniture,Storage,7,0.1,97.03,21.35
ORD-103251,2024-10-11,Northern Emirates,Consumer,Office Supplies,Paper,8,0.15,487.68,160.93
ORD-103451,2024-10-11,Northern Emirates,Consumer,Office Supplies,Paper,3,0.0,181.09,76.06
ORD-103678,2024-10-11,Abu Dhabi,Consumer,Office Supplies,Storage,5,0.2,203.01,60.9
ORD-101593,2024-10-12,Abu Dhabi,SMB,Office Supplies,Paper,2,0.1,107.1,38.56
ORD-105570,2024-10-12,Dubai,SMB,Technology,Laptops,8,0.0,3571.2,571.39
ORD-104306,2024-10-12,Abu Dhabi,Corporate,Furniture,Tables,3,0.0,1692.22,473.82
ORD-105796,2024-10-12,Dubai,Corporate,Office Supplies,Storage,6,0.1,168.05,60.5
ORD-104578,2024-10-12,Abu Dhabi,Consumer,Furniture,Storage,3,0.15,1067.64,202.85
ORD-105146,2024-10-12,Northern Emirates,Consumer,Technology,Monitors,5,0.0,2344.59,375.13
ORD-103157,2024-10-13,Abu Dhabi,Consumer,Furniture,Bookcases,8,0.2,2476.32,396.21
ORD-104886,2024-10-13,Sharjah,Corporate,Furniture,Bookcases,3,0.1,874.07,192.3
ORD-103131,2024-10-13,Dubai,SMB,Technology,Phones,8,0.1,6806.46,680.65
ORD-101747,2024-10-13,Sharjah,Consumer,Technology,Accessories,4,0.15,1236.01,86.52
ORD-103236,2024-10-13,Dubai,Consumer,Furniture,Chairs,5,0.2,1910.33,305.65
ORD-100478,2024-10-13,Dubai,Consumer,Technology,Accessories,6,0.2,3771.43,150.86
ORD-105513,2024-10-13,Dubai,Consumer,Furniture,Tables,7,0.1,1528.22,336.21
ORD-101214,2024-10-13,Abu Dhabi,Consumer,Furniture,Storage,6,0.15,1492.13,283.5
ORD-103264,2024-10-13,Abu Dhabi,Consumer,Technology,Laptops,1,0.3,800.09,-16.0
ORD-105123,2024-10-13,Northern Emirates,SMB,Technology,Monitors,8,0.2,5063.6,202.54
ORD-100443,2024-10-13,Dubai,SMB,Office Supplies,Storage,4,0.3,320.07,76.82
ORD-105360,2024-10-13,Abu Dhabi,Consumer,Furniture,Storage,1,0.15,432.46,82.17
ORD-103445,2024-10-13,Dubai,Corporate,Furniture,Chairs,3,0.1,1149.73,252.94
ORD-103202,2024-10-14,Dubai,Consumer,Furniture,Bookcases,2,0.1,39.07,8.6
ORD-105510,2024-10-14,Sharjah,Corporate,Technology,Monitors,8,0.1,3450.42,345.04
ORD-100182,2024-10-14,Sharjah,SMB,Office Supplies,Binders,4,0.1,225.11,81.04
ORD-105408,2024-10-14,Abu Dhabi,Consumer,Technology,Laptops,8,0.0,7811.46,1249.83
ORD-102619,2024-10-14,Sharjah,SMB,Office Supplies,Pens,6,0.15,98.6,32.54
ORD-104472,2024-10-14,Dubai,Consumer,Office Supplies,Pens,1,0.3,62.41,14.98
ORD-103085,2024-10-14,Dubai,SMB,Furniture,Chairs,2,0.0,394.79,110.54
ORD-104779,2024-10-15,Abu Dhabi,Corporate,Office Supplies,Binders,3,0.15,214.55,70.8
ORD-102722,2024-10-15,Sharjah,Consumer,Office Supplies,Binders,6,0.1,302.9,109.04
ORD-103913,2024-10-15,Abu Dhabi,Corporate,Technology,Monitors,1,0.0,875.83,140.13
ORD-104200,2024-10-15,Abu Dhabi,Consumer,Furniture,Tables,1,0.15,400.57,76.11
ORD-102166,2024-10-15,Abu Dhabi,Corporate,Office Supplies,Storage,8,0.2,600.29,180.09
ORD-100668,2024-10-16,Abu Dhabi,Corporate,Furniture,Storage,7,0.1,1983.78,436.43
ORD-105623,2024-10-16,Dubai,Consumer,Technology,Laptops,5,0.1,4149.68,414.97
ORD-102083,2024-10-16,Abu Dhabi,Consumer,Furniture,Storage,2,0.1,669.28,147.24
ORD-102196,2024-10-16,Dubai,Consumer,Technology,Monitors,4,0.1,3366.76,336.68
ORD-104789,2024-10-16,Dubai,Corporate,Technology,Monitors,8,0.1,8167.83,816.78
ORD-104957,2024-10-16,Dubai,Consumer,Furniture,Bookcases,4,0.15,1610.52,306.0
ORD-104887,2024-10-16,Dubai,Corporate,Office Supplies,Pens,3,0.1,96.75,34.83
ORD-104556,2024-10-16,Abu Dhabi,Consumer,Office Supplies,Storage,8,0.1,436.02,156.97
ORD-102762,2024-10-16,Dubai,Corporate,Technology,Laptops,7,0.0,6979.79,1116.77
ORD-105096,2024-10-17,Dubai,Consumer,Technology,Phones,3,0.1,2432.82,243.28
ORD-103465,2024-10-17,Sharjah,SMB,Office Supplies,Paper,1,0.0,51.78,21.75
ORD-105645,2024-10-17,Dubai,SMB,Furniture,Chairs,6,0.2,3342.05,534.73
ORD-101513,2024-10-17,Abu Dhabi,Corporate,Office Supplies,Pens,7,0.15,56.0,18.48
ORD-103362,2024-10-17,Dubai,Consumer,Technology,Monitors,5,0.0,3106.76,497.08
ORD-100643,2024-10-17,Dubai,Consumer,Technology,Laptops,4,0.1,3642.35,364.24
ORD-100587,2024-10-17,Northern Emirates,Corporate,Furniture,Bookcases,8,0.0,3282.0,918.96
ORD-103574,2024-10-17,Dubai,Corporate,Office Supplies,Storage,3,0.0,160.29,67.32
ORD-103791,2024-10-17,Sharjah,SMB,Technology,Monitors,8,0.15,6896.83,482.78
ORD-102483,2024-10-17,Sharjah,Consumer,Furniture,Tables,3,0.15,1251.22,237.73
ORD-101051,2024-10-17,Northern Emirates,Corporate,Technology,Accessories,6,0.15,5209.27,364.65
ORD-101344,2024-10-17,Dubai,Corporate,Office Supplies,Binders,4,0.0,32.0,13.44
ORD-105045,2024-10-17,Dubai,Corporate,Technology,Phones,2,0.15,595.79,41.71
ORD-102474,2024-10-17,Dubai,Consumer,Office Supplies,Binders,1,0.15,37.83,12.48
ORD-105257,2024-10-17,Sharjah,SMB,Furniture,Chairs,7,0.0,2476.65,693.46
ORD-101345,2024-10-19,Abu Dhabi,Corporate,Office Supplies,Binders,2,0.0,98.34,41.3
ORD-102000,2024-10-19,Dubai,Consumer,Furniture,Storage,4,0.2,2339.53,374.32
ORD-104741,2024-10-19,Northern Emirates,SMB,Technology,Laptops,4,0.2,2791.38,111.66
ORD-103910,2024-10-19,Sharjah,Consumer,Furniture,Chairs,3,0.0,1060.93,297.06
ORD-101317,2024-10-19,Abu Dhabi,Consumer,Furniture,Chairs,6,0.0,2956.79,827.9
ORD-101813,2024-10-19,Sharjah,Corporate,Office Supplies,Storage,6,0.0,426.19,179.0
ORD-105015,2024-10-20,Dubai,Consumer,Furniture,Bookcases,7,0.0,2748.44,769.56
ORD-104730,2024-10-20,Abu Dhabi,SMB,Office Supplies,Binders,7,0.1,347.17,124.98
ORD-104091,2024-10-20,Dubai,Consumer,Furniture,Tables,4,0.15,1378.82,261.98
ORD-103517,2024-10-20,Abu Dhabi,Consumer,Technology,Monitors,5,0.15,4943.76,346.06
ORD-101302,2024-10-20,Sharjah,Corporate,Technology,Accessories,2,0.1,1777.29,177.73
ORD-103733,2024-10-20,Abu Dhabi,Corporate,Furniture,Storage,1,0.0,535.53,149.95
ORD-100757,2024-10-21,Dubai,Consumer,Office Supplies,Storage,6,0.0,256.35,107.67
ORD-103262,2024-10-21,Sharjah,Consumer,Furniture,Chairs,5,0.1,1581.23,347.87
ORD-102769,2024-10-21,Dubai,Corporate,Furniture,Chairs,3,0.0,1149.44,321.84
ORD-105194,2024-10-21,Sharjah,Consumer,Office Supplies,Pens,4,0.3,227.88,54.69
ORD-103086,2024-10-21,Dubai,Consumer,Office Supplies,Binders,8,0.3,316.07,75.86
ORD-102281,2024-10-21,Abu Dhabi,Corporate,Furniture,Storage,1,0.3,8.0,0.8
ORD-102842,2024-10-21,Sharjah,Consumer,Office Supplies,Storage,4,0.1,159.89,57.56
ORD-104121,2024-10-21,Abu Dhabi,Consumer,Technology,Monitors,3,0.2,2927.73,117.11
ORD-105610,2024-10-21,Northern Emirates,Corporate,Technology,Laptops,4,0.0,2189.67,350.35
ORD-103722,2024-10-22,Dubai,Consumer,Furniture,Tables,6,0.15,3647.1,692.95
ORD-101542,2024-10-22,Abu Dhabi,Consumer,Office Supplies,Pens,3,0.1,101.11,36.4
ORD-105152,2024-10-22,Dubai,Corporate,Technology,Accessories,2,0.15,867.31,60.71
ORD-104884,2024-10-22,Abu Dhabi,SMB,Office Supplies,Paper,5,0.15,199.47,65.83
ORD-101660,2024-10-22,Dubai,Consumer,Office Supplies,Binders,4,0.3,273.07,65.54
ORD-101809,2024-10-22,Dubai,Corporate,Office Supplies,Storage,8,0.0,333.9,140.24
ORD-100361,2024-10-22,Sharjah,Consumer,Technology,Monitors,2,0.0,2288.61,366.18
ORD-103000,2024-10-22,Dubai,Consumer,Technology,Accessories,8,0.0,6198.49,991.76
ORD-103284,2024-10-22,Dubai,Consumer,Office Supplies,Binders,2,0.2,171.57,51.47
ORD-102707,2024-10-23,Sharjah,Corporate,Furniture,Storage,1,0.0,330.5,92.54
ORD-103071,2024-10-23,Dubai,Consumer,Technology,Accessories,8,0.2,4219.62,168.78
ORD-101833,2024-10-23,Abu Dhabi,Consumer,Office Supplies,Paper,4,0.0,113.11,47.51
ORD-102129,2024-10-23,Abu Dhabi,Consumer,Technology,Phones,7,0.0,4900.8,784.13
ORD-102453,2024-10-23,Sharjah,Consumer,Office Supplies,Pens,1,0.0,51.82,21.76
ORD-100796,2024-10-23,Dubai,Consumer,Office Supplies,Storage,3,0.0,168.54,70.79
ORD-101053,2024-10-23,Dubai,Corporate,Office Supplies,Binders,3,0.0,181.27,76.13
ORD-103453,2024-10-24,Abu Dhabi,Corporate,Technology,Laptops,1,0.0,8.0,1.28
ORD-104859,2024-10-24,Dubai,Consumer,Furniture,Bookcases,1,0.0,396.38,110.99
ORD-100486,2024-10-24,Abu Dhabi,Corporate,Office Supplies,Paper,6,0.15,327.14,107.96
ORD-100703,2024-10-24,Abu Dhabi,SMB,Office Supplies,Storage,8,0.1,399.66,143.88
ORD-102300,2024-10-24,Abu Dhabi,Corporate,Office Supplies,Pens,4,0.1,153.76,55.35
ORD-103406,2024-10-24,Abu Dhabi,SMB,Technology,Accessories,7,0.2,4487.01,179.48
ORD-101957,2024-10-24,Abu Dhabi,Consumer,Office Supplies,Storage,1,0.0,52.09,21.88
ORD-102036,2024-10-24,Dubai,Corporate,Technology,Laptops,2,0.2,1174.01,46.96
ORD-100009,2024-10-24,Abu Dhabi,Consumer,Furniture,Bookcases,2,0.15,444.5,84.46
ORD-102794,2024-10-24,Dubai,Consumer,Technology,Accessories,6,0.0,4943.33,790.93
ORD-104756,2024-10-24,Northern Emirates,Corporate,Technology,Accessories,2,0.0,1782.01,285.12
ORD-102607,2024-10-24,Abu Dhabi,Corporate,Technology,Accessories,1,0.0,853.67,136.59
ORD-103516,2024-10-25,Abu Dhabi,SMB,Office Supplies,Binders,3,0.1,99.27,35.74
ORD-103291,2024-10-25,Dubai,SMB,Office Supplies,Binders,5,0.15,267.43,88.25
ORD-105444,2024-10-25,Dubai,Consumer,Office Supplies,Binders,5,0.0,357.34,150.08
ORD-105400,2024-10-25,Abu Dhabi,Corporate,Technology,Monitors,1,0.3,857.4,-17.15
ORD-101838,2024-10-25,Abu Dhabi,Corporate,Furniture,Chairs,5,0.0,2825.25,791.07
ORD-104862,2024-10-25,Dubai,Corporate,Furniture,Storage,8,0.15,2812.74,534.42
ORD-101016,2024-10-25,Dubai,Consumer,Office Supplies,Binders,3,0.0,141.19,59.3
ORD-103892,2024-10-25,Dubai,Consumer,Office Supplies,Storage,2,0.0,56.44,23.7
ORD-102992,2024-10-26,Dubai,Corporate,Furniture,Chairs,7,0.0,3730.3,1044.48
ORD-100391,2024-10-26,Dubai,Corporate,Furniture,Chairs,5,0.2,1499.41,239.91
ORD-101422,2024-10-26,Dubai,Consumer,Furniture,Tables,5,0.0,1641.77,459.7
ORD-102980,2024-10-27,Sharjah,Consumer,Office Supplies,Paper,5,0.0,199.76,83.9
ORD-103526,2024-10-27,Abu Dhabi,SMB,Furniture,Storage,4,0.15,2043.59,388.28
ORD-101169,2024-10-27,Northern Emirates,Corporate,Office Supplies,Paper,5,0.15,226.6,74.78
ORD-102615,2024-10-27,Northern Emirates,SMB,Technology,Accessories,3,0.0,2328.45,372.55
ORD-105280,2024-10-27,Abu Dhabi,SMB,Furniture,Chairs,7,0.3,3418.33,341.83
ORD-105464,2024-10-27,Dubai,Corporate,Technology,Phones,4,0.1,1369.36,136.94
ORD-104818,2024-10-28,Sharjah,Consumer,Furniture,Storage,7,0.15,1783.18,338.8
ORD-102624,2024-10-28,Dubai,Corporate,Office Supplies,Binders,8,0.0,346.83,145.67
ORD-104191,2024-10-28,Dubai,Consumer,Furniture,Bookcases,8,0.0,3365.24,942.27
ORD-105894,2024-10-28,Dubai,Consumer,Technology,Phones,5,0.2,2952.16,118.09
ORD-100948,2024-10-28,Northern Emirates,SMB,Furniture,Bookcases,1,0.1,157.99,34.76
ORD-104048,2024-10-28,Abu Dhabi,Corporate,Furniture,Bookcases,5,0.2,896.95,143.51
ORD-105785,2024-10-28,Sharjah,Consumer,Technology,Laptops,5,0.2,3442.28,137.69
ORD-103464,2024-10-28,Northern Emirates,Corporate,Office Supplies,Binders,4,0.1,93.24,33.57
ORD-105013,2024-10-28,Sharjah,Consumer,Technology,Phones,8,0.3,4980.43,-99.61
ORD-103900,2024-10-28,Dubai,Corporate,Office Supplies,Paper,2,0.0,71.5,30.03
ORD-100461,2024-10-28,Abu Dhabi,Consumer,Furniture,Tables,1,0.0,437.01,122.36
ORD-101970,2024-10-28,Dubai,Consumer,Office Supplies,Storage,2,0.0,95.8,40.24
ORD-105923,2024-10-29,Abu Dhabi,Corporate,Furniture,Bookcases,1,0.0,506.05,141.69
ORD-104594,2024-10-29,Abu Dhabi,Consumer,Technology,Accessories,2,0.15,1053.1,73.72
ORD-104696,2024-10-29,Sharjah,Corporate,Furniture,Bookcases,7,0.3,3268.95,326.9
ORD-104023,2024-10-29,Dubai,Consumer,Furniture,Storage,2,0.15,1221.86,232.15
ORD-103606,2024-10-29,Dubai,SMB,Office Supplies,Paper,1,0.0,55.01,23.1
ORD-101333,2024-10-29,Dubai,SMB,Furniture,Storage,4,0.0,1533.92,429.5
ORD-105071,2024-10-29,Abu Dhabi,SMB,Office Supplies,Paper,3,0.1,132.83,47.82
ORD-104320,2024-10-30,Abu Dhabi,Consumer,Furniture,Tables,2,0.2,1091.05,174.57
ORD-104069,2024-10-30,Dubai,Corporate,Furniture,Tables,1,0.0,455.04,127.41
ORD-103179,2024-10-30,Dubai,Consumer,Technology,Accessories,7,0.0,4766.0,762.56
ORD-102954,2024-10-30,Sharjah,Corporate,Furniture,Tables,1,0.1,480.15,105.63
ORD-102154,2024-10-30,Dubai,Consumer,Technology,Accessories,4,0.0,3629.63,580.74
ORD-102567,2024-10-30,Abu Dhabi,SMB,Technology,Laptops,6,0.3,3372.25,-67.44
ORD-102734,2024-10-30,Dubai,SMB,Furniture,Tables,5,0.3,2630.52,263.05
ORD-102938,2024-10-30,Northern Emirates,Corporate,Office Supplies,Paper,5,0.3,246.75,59.22
ORD-100260,2024-10-30,Abu Dhabi,Corporate,Technology,Accessories,4,0.0,2929.09,468.65
ORD-100732,2024-10-30,Dubai,Consumer,Furniture,Storage,3,0.1,51.61,11.35
ORD-102222,2024-10-30,Abu Dhabi,SMB,Office Supplies,Binders,1,0.0,29.11,12.23
ORD-104422,2024-10-31,Abu Dhabi,Consumer,Office Supplies,Binders,2,0.0,59.26,24.89
ORD-101057,2024-10-31,Dubai,Corporate,Office Supplies,Binders,5,0.15,40.0,13.2
ORD-104386,2024-10-31,Northern Emirates,Consumer,Office Supplies,Binders,1,0.0,45.5,19.11
ORD-101140,2024-10-31,Abu Dhabi,Corporate,Furniture,Tables,7,0.0,4128.01,1155.84
ORD-102738,2024-10-31,Sharjah,Consumer,Office Supplies,Storage,8,0.1,380.01,136.8
ORD-101963,2024-10-31,Sharjah,Corporate,Furniture,Chairs,7,0.15,4424.27,840.61
ORD-103130,2024-10-31,Sharjah,Corporate,Technology,Accessories,8,0.0,5361.32,857.81
ORD-101951,2024-11-01,Sharjah,Consumer,Furniture,Bookcases,3,0.0,1873.93,524.7
ORD-101587,2024-11-01,Sharjah,Corporate,Technology,Phones,3,0.15,1419.56,99.37
ORD-102533,2024-11-01,Dubai,Consumer,Technology,Laptops,5,0.0,3613.02,578.08
ORD-101476,2024-11-01,Sharjah,Consumer,Office Supplies,Pens,2,0.0,56.28,23.64
ORD-101883,2024-11-01,Dubai,Corporate,Furniture,Storage,3,0.1,1989.08,437.6
ORD-103847,2024-11-01,Northern Emirates,Consumer,Technology,Phones,2,0.0,1679.83,268.77
ORD-102495,2024-11-02,Sharjah,Consumer,Furniture,Storage,5,0.0,1247.48,349.29
ORD-100657,2024-11-02,Dubai,SMB,Office Supplies,Pens,5,0.0,209.49,87.99
ORD-102499,2024-11-02,Dubai,Corporate,Office Supplies,Storage,6,0.0,406.4,170.69
ORD-100515,2024-11-02,Sharjah,SMB,Furniture,Tables,2,0.0,901.58,252.44
ORD-104268,2024-11-02,Dubai,Corporate,Office Supplies,Binders,5,0.2,174.27,52.28
ORD-102498,2024-11-02,Dubai,Consumer,Furniture,Storage,8,0.15,3361.4,638.67
ORD-103134,2024-11-02,Northern Emirates,Corporate,Technology,Laptops,8,0.3,5700.66,-114.01
ORD-102291,2024-11-02,Dubai,Consumer,Furniture,Chairs,1,0.2,202.04,32.33
ORD-100171,2024-11-02,Sharjah,Consumer,Furniture,Tables,8,0.0,3415.69,956.39
ORD-105321,2024-11-02,Dubai,Corporate,Furniture,Tables,3,0.3,1338.76,133.88
ORD-102907,2024-11-02,Sharjah,SMB,Furniture,Storage,1,0.1,656.61,144.45
ORD-103654,2024-11-02,Abu Dhabi,SMB,Furniture,Bookcases,1,0.0,178.12,49.87
ORD-101493,2024-11-02,Dubai,Corporate,Technology,Monitors,2,0.1,892.02,89.2
ORD-103298,2024-11-03,Abu Dhabi,SMB,Office Supplies,Pens,1,0.0,57.8,24.28
ORD-104417,2024-11-03,Abu Dhabi,Corporate,Technology,Monitors,6,0.2,6877.26,275.09
ORD-103466,2024-11-03,Northern Emirates,Consumer,Office Supplies,Pens,4,0.1,74.21,26.72
ORD-100641,2024-11-03,Sharjah,Corporate,Office Supplies,Pens,8,0.15,247.24,81.59
ORD-100471,2024-11-03,Dubai,Consumer,Furniture,Bookcases,1,0.0,286.02,80.09
ORD-102012,2024-11-04,Dubai,Corporate,Furniture,Tables,1,0.0,401.41,112.39
ORD-100472,2024-11-04,Dubai,Consumer,Furniture,Chairs,5,0.15,2047.16,388.96
ORD-103142,2024-11-04,Abu Dhabi,Corporate,Technology,Laptops,5,0.15,3443.5,241.04
ORD-100242,2024-11-04,Dubai,Corporate,Technology,Laptops,4,0.3,2040.62,-40.81
ORD-102745,2024-11-04,Sharjah,Consumer,Technology,Laptops,5,0.0,3538.22,566.12
ORD-101248,2024-11-04,Abu Dhabi,Consumer,Furniture,Bookcases,6,0.3,2648.23,264.82
ORD-100939,2024-11-05,Dubai,Consumer,Office Supplies,Pens,6,0.1,309.99,111.6
ORD-100102,2024-11-05,Northern Emirates,Corporate,Furniture,Chairs,7,0.3,3516.62,351.66
ORD-105794,2024-11-05,Northern Emirates,Consumer,Technology,Laptops,5,0.2,3959.67,158.39
ORD-101746,2024-11-05,Dubai,Consumer,Office Supplies,Storage,1,0.15,51.74,17.07
ORD-103123,2024-11-05,Dubai,SMB,Office Supplies,Binders,1,0.0,28.22,11.85
ORD-102625,2024-11-05,Northern Emirates,Corporate,Office Supplies,Binders,1,0.0,28.66,12.04
ORD-105758,2024-11-05,Abu Dhabi,Consumer,Technology,Accessories,4,0.1,2428.72,242.87
ORD-101676,2024-11-05,Dubai,Consumer,Office Supplies,Pens,1,0.2,14.27,4.28
ORD-101681,2024-11-05,Abu Dhabi,Consumer,Furniture,Chairs,2,0.2,674.52,107.92
ORD-103069,2024-11-06,Abu Dhabi,Corporate,Technology,Laptops,3,0.1,2020.64,202.06
ORD-104898,2024-11-06,Sharjah,Consumer,Technology,Phones,6,0.0,4438.8,710.21
ORD-103272,2024-11-06,Dubai,Corporate,Office Supplies,Pens,8,0.1,195.21,70.28
ORD-102711,2024-11-06,Dubai,Corporate,Office Supplies,Binders,7,0.1,357.67,128.76
ORD-102331,2024-11-06,Dubai,SMB,Furniture,Chairs,5,0.1,3179.91,699.58
ORD-105911,2024-11-06,Dubai,Consumer,Office Supplies,Storage,4,0.0,198.71,83.46
ORD-102148,2024-11-07,Sharjah,SMB,Technology,Phones,4,0.0,3483.93,557.43
ORD-105591,2024-11-07,Dubai,Consumer,Furniture,Tables,2,0.15,645.19,122.59
ORD-105589,2024-11-07,Dubai,Consumer,Office Supplies,Binders,8,0.15,447.32,147.62
ORD-105791,2024-11-07,Sharjah,Corporate,Office Supplies,Storage,5,0.0,246.09,103.36
ORD-102881,2024-11-07,Sharjah,Consumer,Furniture,Bookcases,3,0.1,1399.93,307.98
ORD-100823,2024-11-07,Abu Dhabi,Consumer,Office Supplies,Pens,8,0.15,472.2,155.83
ORD-104452,2024-11-07,Dubai,SMB,Technology,Accessories,8,0.0,5997.29,959.57
ORD-100267,2024-11-07,Dubai,Consumer,Technology,Phones,7,0.0,5676.45,908.23
ORD-101767,2024-11-07,Dubai,Consumer,Office Supplies,Storage,3,0.3,133.8,32.11
ORD-105083,2024-11-08,Dubai,Consumer,Technology,Laptops,7,0.0,1716.71,274.67
ORD-101216,2024-11-08,Dubai,Consumer,Furniture,Chairs,4,0.0,1449.29,405.8
ORD-105483,2024-11-08,Dubai,Consumer,Technology,Monitors,5,0.2,4342.4,173.7
ORD-103002,2024-11-08,Dubai,Corporate,Technology,Phones,5,0.0,3784.26,605.48
ORD-100551,2024-11-08,Abu Dhabi,Corporate,Office Supplies,Paper,3,0.0,180.05,75.62
ORD-101186,2024-11-08,Abu Dhabi,Consumer,Technology,Laptops,2,0.2,1671.66,66.87
ORD-101020,2024-11-08,Dubai,Consumer,Furniture,Chairs,3,0.1,1270.12,279.43
ORD-103639,2024-11-08,Abu Dhabi,SMB,Technology,Monitors,7,0.0,5699.3,911.89
ORD-104722,2024-11-08,Sharjah,Consumer,Office Supplies,Storage,4,0.0,136.84,57.47
ORD-103350,2024-11-09,Abu Dhabi,Consumer,Office Supplies,Paper,8,0.2,279.35,83.8
ORD-104809,2024-11-09,Northern Emirates,Consumer,Technology,Accessories,2,0.0,1077.54,172.41
ORD-103200,2024-11-09,Northern Emirates,Corporate,Technology,Accessories,4,0.1,3121.68,312.17
ORD-104928,2024-11-09,Dubai,Consumer,Office Supplies,Pens,8,0.0,193.55,81.29
ORD-102481,2024-11-09,Dubai,SMB,Furniture,Bookcases,2,0.15,1145.04,217.56
ORD-104777,2024-11-09,Dubai,Consumer,Furniture,Storage,7,0.0,3274.85,916.96
ORD-104765,2024-11-10,Northern Emirates,Consumer,Office Supplies,Pens,7,0.1,132.65,47.75
ORD-103610,2024-11-10,Abu Dhabi,Corporate,Technology,Accessories,4,0.2,1733.36,69.33
ORD-103660,2024-11-10,Abu Dhabi,Corporate,Technology,Phones,1,0.0,674.93,107.99
ORD-103798,2024-11-10,Abu Dhabi,SMB,Technology,Phones,4,0.0,2672.95,427.67
ORD-102371,2024-11-10,Northern Emirates,Corporate,Office Supplies,Pens,6,0.1,371.67,133.8
ORD-104178,2024-11-10,Sharjah,Corporate,Furniture,Bookcases,7,0.1,2965.53,652.42
ORD-105790,2024-11-10,Abu Dhabi,SMB,Furniture,Chairs,7,0.1,1718.3,378.03
ORD-100147,2024-11-10,Sharjah,Consumer,Furniture,Chairs,4,0.1,2388.74,525.52
ORD-102135,2024-11-10,Northern Emirates,SMB,Furniture,Chairs,3,0.15,1116.78,212.19
ORD-102074,2024-11-11,Dubai,Corporate,Technology,Accessories,2,0.2,1210.02,48.4
ORD-101605,2024-11-11,Northern Emirates,Corporate,Technology,Phones,6,0.0,4972.29,795.57
ORD-104707,2024-11-11,Abu Dhabi,SMB,Furniture,Chairs,2,0.0,1397.46,391.29
ORD-105075,2024-11-11,Abu Dhabi,SMB,Furniture,Chairs,2,0.15,449.27,85.36
ORD-102493,2024-11-11,Dubai,Corporate,Technology,Monitors,6,0.3,5401.03,-108.02
ORD-101444,2024-11-11,Dubai,Consumer,Technology,Laptops,1,0.15,1345.81,94.21
ORD-103836,2024-11-11,Sharjah,Corporate,Office Supplies,Pens,4,0.0,74.92,31.47
ORD-103400,2024-11-11,Dubai,Consumer,Furniture,Bookcases,3,0.0,1685.84,472.04
ORD-105000,2024-11-12,Dubai,SMB,Furniture,Chairs,6,0.1,2490.38,547.88
ORD-105142,2024-11-12,Sharjah,Corporate,Technology,Laptops,3,0.0,1327.34,212.37
ORD-101466,2024-11-12,Northern Emirates,Consumer,Technology,Phones,3,0.0,1543.92,247.03
ORD-104502,2024-11-12,Northern Emirates,Consumer,Technology,Laptops,3,0.1,2204.59,220.46
ORD-102631,2024-11-12,Dubai,Consumer,Technology,Monitors,8,0.1,8252.91,825.29
ORD-105775,2024-11-12,Dubai,Consumer,Office Supplies,Binders,8,0.1,441.88,159.08
ORD-103631,2024-11-13,Abu Dhabi,SMB,Furniture,Storage,7,0.2,4340.66,694.51
ORD-105497,2024-11-13,Dubai,Consumer,Furniture,Bookcases,6,0.0,4265.94,1194.46
ORD-101523,2024-11-13,Dubai,Corporate,Office Supplies,Pens,5,0.15,240.1,79.23
ORD-103114,2024-11-13,Northern Emirates,Corporate,Office Supplies,Pens,2,0.0,117.64,49.41
ORD-102903,2024-11-13,Dubai,Consumer,Furniture,Chairs,6,0.0,1902.75,532.77
ORD-102429,2024-11-13,Sharjah,Consumer,Technology,Monitors,7,0.1,4545.4,454.54
ORD-105599,2024-11-13,Abu Dhabi,Corporate,Technology,Laptops,1,0.3,563.6,-11.27
ORD-103243,2024-11-13,Dubai,Corporate,Technology,Monitors,7,0.1,4048.3,404.83
ORD-105182,2024-11-13,Dubai,SMB,Office Supplies,Paper,7,0.0,184.25,77.38
ORD-104637,2024-11-13,Sharjah,Corporate,Technology,Phones,4,0.3,2420.55,-48.41
ORD-103206,2024-11-13,Abu Dhabi,Consumer,Technology,Laptops,5,0.3,3723.77,-74.48
ORD-101105,2024-11-13,Dubai,Consumer,Technology,Monitors,6,0.2,3611.61,144.46
ORD-101992,2024-11-13,Dubai,Consumer,Office Supplies,Storage,8,0.0,482.01,202.44
ORD-105199,2024-11-13,Dubai,Consumer,Furniture,Tables,3,0.0,731.91,204.93
ORD-104395,2024-11-13,Dubai,Consumer,Technology,Accessories,3,0.0,2233.98,357.44
ORD-103460,2024-11-14,Dubai,Consumer,Technology,Accessories,1,0.1,334.93,33.49
ORD-100995,2024-11-14,Sharjah,Corporate,Furniture,Chairs,5,0.1,2190.78,481.97
ORD-101986,2024-11-14,Abu Dhabi,Corporate,Office Supplies,Paper,3,0.15,163.24,53.87
ORD-101516,2024-11-14,Northern Emirates,Corporate,Furniture,Chairs,3,0.2,760.25,121.64
ORD-103181,2024-11-14,Abu Dhabi,Consumer,Office Supplies,Storage,1,0.15,37.24,12.29
ORD-103694,2024-11-14,Abu Dhabi,Consumer,Technology,Laptops,6,0.0,6010.04,961.61
ORD-102261,2024-11-14,Dubai,Corporate,Office Supplies,Storage,6,0.3,244.91,58.78
ORD-104836,2024-11-15,Abu Dhabi,SMB,Office Supplies,Paper,3,0.0,169.22,71.07
ORD-100715,2024-11-15,Sharjah,Consumer,Furniture,Chairs,5,0.0,1999.95,559.99
ORD-104252,2024-11-15,Sharjah,Corporate,Technology,Laptops,7,0.0,3799.53,607.92
ORD-100042,2024-11-15,Abu Dhabi,Corporate,Office Supplies,Binders,3,0.1,121.39,43.7
ORD-102833,2024-11-15,Dubai,Consumer,Office Supplies,Paper,1,0.0,53.84,22.61
ORD-101897,2024-11-15,Sharjah,Corporate,Office Supplies,Pens,4,0.15,133.55,44.07
ORD-102967,2024-11-15,Dubai,Consumer,Office Supplies,Storage,7,0.1,139.92,50.37
ORD-102758,2024-11-15,Abu Dhabi,Corporate,Technology,Laptops,3,0.0,1547.42,247.59
ORD-102389,2024-11-16,Northern Emirates,Corporate,Office Supplies,Storage,6,0.0,260.81,109.54
ORD-104718,2024-11-16,Northern Emirates,Consumer,Technology,Accessories,1,0.1,882.07,88.21
ORD-101854,2024-11-16,Abu Dhabi,Corporate,Furniture,Tables,2,0.15,1355.88,257.62
ORD-104163,2024-11-16,Abu Dhabi,Consumer,Office Supplies,Pens,4,0.15,32.0,10.56
ORD-105714,2024-11-16,Abu Dhabi,Consumer,Furniture,Bookcases,7,0.15,3628.63,689.44
ORD-101475,2024-11-16,Sharjah,Corporate,Office Supplies,Storage,1,0.3,57.82,13.88
ORD-102345,2024-11-17,Northern Emirates,Consumer,Office Supplies,Paper,7,0.1,350.18,126.06
ORD-100561,2024-11-17,Sharjah,SMB,Technology,Monitors,3,0.1,511.01,51.1
ORD-101712,2024-11-17,Abu Dhabi,Consumer,Furniture,Tables,2,0.1,755.94,166.31
ORD-103703,2024-11-17,Northern Emirates,Consumer,Technology,Phones,6,0.0,5400.64,864.1
ORD-104099,2024-11-17,Dubai,Consumer,Office Supplies,Binders,8,0.1,355.49,127.98
ORD-101147,2024-11-18,Northern Emirates,Corporate,Technology,Monitors,7,0.0,5202.13,832.34
ORD-104555,2024-11-18,Dubai,Consumer,Furniture,Tables,4,0.3,767.72,76.77
ORD-100829,2024-11-18,Dubai,Consumer,Furniture,Chairs,7,0.2,1617.13,258.74
ORD-101326,2024-11-18,Sharjah,Corporate,Technology,Phones,3,0.0,1001.15,160.18
ORD-100313,2024-11-18,Abu Dhabi,Consumer,Furniture,Bookcases,6,0.0,3559.39,996.63
ORD-105777,2024-11-18,Sharjah,SMB,Technology,Phones,3,0.0,1835.99,293.76
ORD-101049,2024-11-18,Abu Dhabi,Consumer,Furniture,Storage,7,0.0,2813.73,787.84
ORD-105269,2024-11-19,Sharjah,Consumer,Technology,Laptops,5,0.0,4071.91,651.51
ORD-103494,2024-11-19,Dubai,Consumer,Office Supplies,Storage,7,0.0,171.64,72.09
ORD-101736,2024-11-19,Northern Emirates,Consumer,Furniture,Tables,1,0.15,412.48,78.37
ORD-100306,2024-11-19,Northern Emirates,Corporate,Furniture,Storage,5,0.1,1660.76,365.37
ORD-104349,2024-11-20,Dubai,Corporate,Technology,Phones,8,0.0,6335.42,1013.67
ORD-103635,2024-11-20,Sharjah,Consumer,Technology,Accessories,8,0.15,5494.14,384.59
ORD-104381,2024-11-20,Dubai,Consumer,Office Supplies,Binders,7,0.15,252.13,83.2
ORD-103611,2024-11-20,Dubai,Consumer,Office Supplies,Storage,6,0.0,319.88,134.35
ORD-105124,2024-11-20,Dubai,Consumer,Office Supplies,Binders,7,0.1,590.89,212.72
ORD-103031,2024-11-20,Dubai,Corporate,Technology,Phones,1,0.15,756.74,52.97
ORD-105343,2024-11-20,Dubai,Corporate,Office Supplies,Pens,3,0.0,224.06,94.11
ORD-102251,2024-11-21,Dubai,Corporate,Furniture,Chairs,2,0.15,35.73,6.79
ORD-105825,2024-11-21,Dubai,Consumer,Furniture,Bookcases,8,0.15,1518.89,288.59
ORD-101612,2024-11-21,Sharjah,Consumer,Furniture,Chairs,1,0.0,654.47,183.25
ORD-104984,2024-11-21,Dubai,Corporate,Office Supplies,Paper,1,0.1,30.7,11.05
ORD-104281,2024-11-21,Sharjah,Consumer,Technology,Phones,7,0.0,7150.46,1144.07
ORD-100665,2024-11-21,Northern Emirates,Corporate,Office Supplies,Paper,6,0.0,234.24,98.38
ORD-104959,2024-11-21,Northern Emirates,Consumer,Office Supplies,Pens,1,0.0,41.8,17.56
ORD-103804,2024-11-21,Sharjah,Corporate,Office Supplies,Pens,2,0.2,72.97,21.89
ORD-101940,2024-11-21,Sharjah,Consumer,Office Supplies,Storage,7,0.1,402.02,144.73
ORD-104291,2024-11-21,Dubai,Consumer,Office Supplies,Binders,8,0.15,257.31,84.91
ORD-100141,2024-11-22,Sharjah,Consumer,Furniture,Storage,5,0.1,1906.19,419.36
ORD-100804,2024-11-22,Dubai,Consumer,Furniture,Tables,4,0.0,1663.82,465.87
ORD-102455,2024-11-22,Northern Emirates,Consumer,Office Supplies,Storage,3,0.1,173.86,62.59
ORD-101802,2024-11-22,Dubai,Consumer,Technology,Accessories,5,0.0,3333.89,533.42
ORD-103146,2024-11-22,Dubai,Consumer,Furniture,Storage,6,0.15,3525.79,669.9
ORD-105877,2024-11-22,Sharjah,Consumer,Office Supplies,Storage,1,0.0,46.08,19.35
ORD-104184,2024-11-22,Abu Dhabi,Consumer,Technology,Monitors,6,0.0,5574.0,891.84
ORD-100520,2024-11-22,Sharjah,Corporate,Furniture,Storage,6,0.0,2604.41,729.23
ORD-102970,2024-11-22,Sharjah,SMB,Office Supplies,Pens,5,0.2,246.36,73.91
ORD-104429,2024-11-22,Sharjah,Consumer,Furniture,Storage,2,0.0,874.3,244.8
ORD-104880,2024-11-22,Dubai,Corporate,Office Supplies,Pens,4,0.2,188.99,56.7
ORD-103330,2024-11-22,Dubai,Consumer,Technology,Monitors,3,0.0,1494.69,239.15
ORD-100223,2024-11-23,Abu Dhabi,Consumer,Technology,Laptops,5,0.0,2134.06,341.45
ORD-101189,2024-11-23,Sharjah,Consumer,Technology,Laptops,8,0.2,6244.55,249.78
ORD-103814,2024-11-23,Dubai,Consumer,Technology,Laptops,3,0.1,1753.95,175.4
ORD-101193,2024-11-23,Abu Dhabi,SMB,Technology,Monitors,7,0.1,5450.16,545.02
ORD-104058,2024-11-23,Abu Dhabi,Consumer,Technology,Accessories,1,0.2,987.5,39.5
ORD-103831,2024-11-23,Northern Emirates,Consumer,Office Supplies,Binders,7,0.0,357.08,149.97
ORD-100217,2024-11-23,Dubai,Consumer,Office Supplies,Binders,7,0.0,537.72,225.84
ORD-102297,2024-11-24,Abu Dhabi,Corporate,Furniture,Chairs,3,0.2,1270.69,203.31
ORD-100262,2024-11-24,Dubai,Consumer,Furniture,Storage,7,0.15,3395.72,645.19
ORD-104498,2024-11-24,Abu Dhabi,Consumer,Furniture,Storage,6,0.1,3448.68,758.71
ORD-103976,2024-11-25,Northern Emirates,Consumer,Furniture,Storage,5,0.0,2342.35,655.86
ORD-103470,2024-11-25,Dubai,SMB,Technology,Accessories,3,0.0,2363.86,378.22
ORD-100985,2024-11-25,Dubai,Consumer,Furniture,Bookcases,2,0.15,659.02,125.21
ORD-105729,2024-11-25,Dubai,SMB,Furniture,Chairs,2,0.0,1110.5,310.94
ORD-104201,2024-11-25,Abu Dhabi,Consumer,Technology,Accessories,6,0.1,3577.31,357.73
ORD-102428,2024-11-26,Sharjah,SMB,Furniture,Chairs,6,0.1,3486.94,767.13
ORD-100253,2024-11-26,Dubai,Corporate,Technology,Phones,2,0.2,1595.46,63.82
ORD-105584,2024-11-26,Northern Emirates,Corporate,Furniture,Tables,2,0.0,839.02,234.93
ORD-105942,2024-11-26,Dubai,SMB,Office Supplies,Binders,2,0.0,33.72,14.16
ORD-103004,2024-11-26,Dubai,Corporate,Technology,Accessories,6,0.0,1545.34,247.25
ORD-101167,2024-11-26,Dubai,Consumer,Office Supplies,Binders,8,0.0,425.91,178.88
ORD-104657,2024-11-27,Dubai,SMB,Technology,Laptops,7,0.3,4818.68,-96.37
ORD-100893,2024-11-27,Abu Dhabi,SMB,Technology,Accessories,7,0.1,3516.48,351.65
ORD-104443,2024-11-27,Abu Dhabi,SMB,Furniture,Bookcases,4,0.0,1073.47,300.57
ORD-101390,2024-11-27,Dubai,Corporate,Technology,Laptops,7,0.0,1104.7,176.75
ORD-103047,2024-11-27,Sharjah,Corporate,Technology,Laptops,6,0.0,2779.44,444.71
ORD-100919,2024-11-27,Dubai,Corporate,Furniture,Storage,7,0.2,3267.65,522.82
ORD-100142,2024-11-27,Abu Dhabi,Consumer,Furniture,Tables,8,0.2,3476.7,556.27
ORD-102807,2024-11-28,Dubai,Consumer,Furniture,Storage,4,0.0,1302.06,364.58
ORD-102480,2024-11-28,Dubai,Consumer,Technology,Monitors,7,0.1,2025.3,202.53
ORD-100550,2024-11-28,Dubai,SMB,Technology,Accessories,1,0.0,494.19,79.07
ORD-102302,2024-11-28,Sharjah,Consumer,Office Supplies,Binders,6,0.1,54.49,19.62
ORD-105264,2024-11-28,Dubai,Consumer,Furniture,Storage,4,0.15,491.46,93.38
ORD-101383,2024-11-28,Abu Dhabi,Consumer,Office Supplies,Storage,1,0.0,48.42,20.34
ORD-100969,2024-11-28,Sharjah,Consumer,Technology,Monitors,7,0.15,3380.12,236.61
ORD-105271,2024-11-28,Sharjah,Consumer,Technology,Phones,3,0.0,1643.83,263.01
ORD-103078,2024-11-29,Northern Emirates,Corporate,Office Supplies,Pens,2,0.1,83.67,30.12
ORD-104557,2024-11-29,Dubai,Consumer,Office Supplies,Binders,8,0.0,242.63,101.9
ORD-103276,2024-11-29,Abu Dhabi,Consumer,Office Supplies,Paper,1,0.15,28.51,9.41
ORD-100078,2024-11-29,Sharjah,SMB,Technology,Laptops,4,0.0,1786.73,285.88
ORD-102622,2024-11-29,Abu Dhabi,Consumer,Furniture,Chairs,6,0.0,2880.57,806.56
ORD-101717,2024-11-29,Sharjah,SMB,Office Supplies,Storage,3,0.1,152.08,54.75
ORD-100002,2024-11-29,Dubai,Corporate,Technology,Monitors,4,0.1,2559.64,255.96
ORD-104059,2024-11-29,Abu Dhabi,Consumer,Technology,Monitors,3,0.0,2268.18,362.91
ORD-102243,2024-11-29,Dubai,Consumer,Office Supplies,Binders,5,0.15,197.07,65.03
ORD-103322,2024-11-29,Dubai,Consumer,Furniture,Chairs,3,0.0,759.46,212.65
ORD-105805,2024-11-29,Abu Dhabi,Consumer,Office Supplies,Pens,1,0.0,73.1,30.7
ORD-105765,2024-11-29,Dubai,Consumer,Furniture,Tables,5,0.15,3082.84,585.74
ORD-101463,2024-11-30,Sharjah,Corporate,Office Supplies,Binders,8,0.3,573.41,137.62
ORD-102767,2024-11-30,Dubai,Consumer,Technology,Laptops,4,0.0,2685.06,429.61
ORD-103417,2024-11-30,Northern Emirates,SMB,Office Supplies,Binders,3,0.15,75.04,24.76
ORD-104860,2024-11-30,Northern Emirates,Consumer,Office Supplies,Paper,5,0.0,296.98,124.73
ORD-100439,2024-11-30,Northern Emirates,Corporate,Office Supplies,Binders,3,0.1,146.5,52.74
ORD-104071,2024-11-30,Dubai,Consumer,Technology,Phones,4,0.3,701.49,-14.03
ORD-103769,2024-11-30,Dubai,Corporate,Technology,Monitors,5,0.2,1437.87,57.51
ORD-100076,2024-11-30,Abu Dhabi,Corporate,Office Supplies,Storage,5,0.1,370.97,133.55
ORD-103848,2024-11-30,Northern Emirates,Consumer,Office Supplies,Binders,8,0.3,162.47,38.99
ORD-101030,2024-12-01,Dubai,SMB,Technology,Monitors,6,0.0,2656.92,425.11
ORD-100954,2024-12-01,Sharjah,Consumer,Office Supplies,Binders,2,0.0,61.97,26.03
ORD-102275,2024-12-01,Abu Dhabi,Consumer,Office Supplies,Storage,6,0.0,365.72,153.6
ORD-102525,2024-12-01,Abu Dhabi,Consumer,Furniture,Bookcases,5,0.0,1902.38,532.67
ORD-104105,2024-12-01,Abu Dhabi,Corporate,Technology,Laptops,4,0.0,2209.38,353.5
ORD-103370,2024-12-01,Sharjah,Corporate,Office Supplies,Paper,7,0.0,383.45,161.05
ORD-104439,2024-12-01,Sharjah,Consumer,Office Supplies,Binders,2,0.0,116.69,49.01
ORD-101991,2024-12-01,Sharjah,Corporate,Furniture,Bookcases,2,0.15,207.12,39.35
ORD-100623,2024-12-01,Dubai,Corporate,Technology,Monitors,5,0.1,4188.28,418.83
ORD-104826,2024-12-01,Sharjah,Consumer,Office Supplies,Binders,5,0.0,348.54,146.39
ORD-102424,2024-12-02,Northern Emirates,Consumer,Office Supplies,Paper,4,0.1,183.36,66.01
ORD-101979,2024-12-02,Dubai,Consumer,Technology,Phones,6,0.1,5813.59,581.36
ORD-105082,2024-12-02,Dubai,SMB,Office Supplies,Pens,4,0.0,153.59,64.51
ORD-104068,2024-12-02,Sharjah,Consumer,Technology,Phones,8,0.2,6195.28,247.81
ORD-102005,2024-12-02,Sharjah,Consumer,Technology,Monitors,2,0.0,1919.57,307.13
ORD-101658,2024-12-02,Dubai,Consumer,Office Supplies,Pens,5,0.0,258.47,108.56
ORD-101176,2024-12-02,Dubai,Consumer,Technology,Monitors,8,0.0,6048.0,967.68
ORD-104124,2024-12-02,Dubai,Consumer,Technology,Phones,7,0.2,5551.82,222.07
ORD-103820,2024-12-02,Dubai,Consumer,Office Supplies,Pens,7,0.3,324.93,77.98
ORD-101727,2024-12-02,Northern Emirates,SMB,Office Supplies,Pens,5,0.0,252.55,106.07
ORD-102266,2024-12-02,Sharjah,Consumer,Office Supplies,Paper,6,0.0,428.42,179.94
ORD-100966,2024-12-03,Dubai,Consumer,Furniture,Bookcases,8,0.15,2624.59,498.67
ORD-101172,2024-12-03,Sharjah,Consumer,Office Supplies,Storage,7,0.0,256.2,107.6
ORD-102308,2024-12-03,Abu Dhabi,Corporate,Technology,Accessories,5,0.0,1996.29,319.41
ORD-105979,2024-12-03,Northern Emirates,Consumer,Technology,Phones,5,0.0,3538.79,566.21
ORD-101467,2024-12-03,Northern Emirates,Corporate,Furniture,Bookcases,7,0.1,3601.29,792.28
ORD-103775,2024-12-03,Abu Dhabi,Corporate,Technology,Phones,1,0.1,693.09,69.31
ORD-104219,2024-12-03,Abu Dhabi,Consumer,Furniture,Tables,8,0.0,3784.37,1059.62
ORD-105137,2024-12-03,Sharjah,Consumer,Technology,Laptops,5,0.1,1763.37,176.34
ORD-105984,2024-12-03,Dubai,Corporate,Furniture,Tables,4,0.2,1243.35,198.94
ORD-103121,2024-12-03,Abu Dhabi,Consumer,Technology,Laptops,3,0.0,898.86,143.82
ORD-104038,2024-12-04,Dubai,Corporate,Furniture,Chairs,3,0.1,1001.13,220.25
ORD-103905,2024-12-04,Dubai,Corporate,Office Supplies,Pens,1,0.1,47.29,17.02
ORD-104077,2024-12-04,Abu Dhabi,Consumer,Office Supplies,Binders,2,0.2,56.08,16.82
ORD-105131,2024-12-04,Abu Dhabi,SMB,Furniture,Bookcases,7,0.0,2864.67,802.11
ORD-102086,2024-12-04,Dubai,Consumer,Office Supplies,Pens,3,0.1,169.28,60.94
ORD-104796,2024-12-04,Northern Emirates,Consumer,Technology,Accessories,7,0.3,3645.81,-72.92
ORD-102617,2024-12-04,Sharjah,Consumer,Furniture,Chairs,8,0.0,4996.9,1399.13
ORD-104057,2024-12-04,Sharjah,Corporate,Furniture,Tables,2,0.0,721.51,202.02
ORD-100152,2024-12-04,Dubai,Consumer,Technology,Phones,1,0.0,443.43,70.95
ORD-103841,2024-12-05,Northern Emirates,SMB,Technology,Phones,4,0.15,2764.37,193.51
ORD-100955,2024-12-05,Abu Dhabi,Corporate,Furniture,Tables,2,0.0,1220.6,341.77
ORD-102030,2024-12-05,Abu Dhabi,SMB,Technology,Accessories,5,0.0,2883.97,461.44
ORD-102114,2024-12-05,Dubai,Consumer,Furniture,Tables,1,0.0,467.2,130.82
ORD-104704,2024-12-05,Sharjah,SMB,Furniture,Chairs,3,0.0,955.54,267.55
ORD-103837,2024-12-05,Abu Dhabi,Consumer,Technology,Monitors,5,0.1,3433.48,343.35
ORD-100786,2024-12-05,Dubai,Consumer,Office Supplies,Binders,3,0.15,115.45,38.1
ORD-101494,2024-12-06,Dubai,Consumer,Office Supplies,Binders,1,0.1,44.25,15.93
ORD-103794,2024-12-06,Sharjah,Consumer,Technology,Phones,1,0.1,818.33,81.83
ORD-104001,2024-12-06,Dubai,Consumer,Furniture,Bookcases,6,0.1,3572.74,786.0
ORD-100337,2024-12-06,Sharjah,Corporate,Furniture,Storage,2,0.0,921.97,258.15
ORD-102150,2024-12-06,Northern Emirates,SMB,Technology,Phones,2,0.0,1267.55,202.81
ORD-105508,2024-12-06,Northern Emirates,Consumer,Technology,Accessories,8,0.0,2377.79,380.45
ORD-101137,2024-12-06,Dubai,Consumer,Furniture,Storage,5,0.1,1329.78,292.55
ORD-104658,2024-12-06,Dubai,SMB,Furniture,Storage,6,0.1,2545.69,560.05
ORD-105564,2024-12-06,Dubai,Consumer,Technology,Monitors,2,0.0,1187.66,190.03
ORD-101254,2024-12-06,Dubai,Consumer,Furniture,Chairs,7,0.0,3354.06,939.14
ORD-101205,2024-12-06,Dubai,Consumer,Technology,Accessories,4,0.1,1714.82,171.48
ORD-104551,2024-12-07,Abu Dhabi,Consumer,Furniture,Bookcases,2,0.2,482.13,77.14
ORD-102019,2024-12-07,Dubai,Consumer,Technology,Monitors,1,0.0,520.14,83.22
ORD-101805,2024-12-07,Abu Dhabi,Consumer,Office Supplies,Pens,2,0.2,56.74,17.02
ORD-105824,2024-12-07,Dubai,Corporate,Furniture,Tables,2,0.0,732.2,205.02
ORD-101365,2024-12-07,Dubai,SMB,Office Supplies,Binders,6,0.15,474.28,156.51
ORD-104130,2024-12-07,Sharjah,Corporate,Office Supplies,Pens,1,0.0,28.04,11.78
ORD-102915,2024-12-07,Dubai,Consumer,Technology,Laptops,2,0.3,1547.46,-30.95
ORD-104315,2024-12-07,Dubai,Corporate,Office Supplies,Paper,5,0.0,283.97,119.27
ORD-100951,2024-12-07,Abu Dhabi,Consumer,Office Supplies,Pens,8,0.15,473.53,156.26
ORD-101525,2024-12-07,Abu Dhabi,Corporate,Office Supplies,Binders,2,0.2,122.76,36.83
ORD-100259,2024-12-08,Abu Dhabi,Corporate,Technology,Monitors,8,0.0,5016.89,802.7
ORD-105782,2024-12-08,Abu Dhabi,Consumer,Furniture,Tables,6,0.0,2394.32,670.41
ORD-105724,2024-12-08,Sharjah,Consumer,Furniture,Tables,5,0.0,2296.3,642.96
ORD-101091,2024-12-08,Sharjah,Consumer,Technology,Accessories,5,0.3,2544.89,-50.9
ORD-102698,2024-12-08,Northern Emirates,Consumer,Office Supplies,Binders,6,0.1,389.29,140.14
ORD-105178,2024-12-08,Dubai,SMB,Technology,Accessories,8,0.1,5278.53,527.85
ORD-104660,2024-12-08,Sharjah,Corporate,Office Supplies,Binders,7,0.2,502.96,150.89
ORD-101821,2024-12-08,Abu Dhabi,Consumer,Furniture,Storage,5,0.1,2365.33,520.37
ORD-103139,2024-12-08,Dubai,Consumer,Office Supplies,Pens,1,0.1,32.69,11.77
ORD-101843,2024-12-09,Abu Dhabi,Corporate,Technology,Monitors,5,0.0,3559.75,569.56
ORD-101780,2024-12-09,Sharjah,Corporate,Technology,Laptops,6,0.15,8416.39,589.15
ORD-104570,2024-12-09,Dubai,Consumer,Furniture,Bookcases,5,0.0,2090.24,585.27
ORD-105823,2024-12-09,Dubai,Corporate,Technology,Phones,8,0.2,5329.96,213.2
ORD-100007,2024-12-09,Abu Dhabi,Consumer,Furniture,Chairs,1,0.2,341.94,54.71
ORD-102165,2024-12-09,Abu Dhabi,SMB,Technology,Accessories,2,0.15,1037.59,72.63
ORD-101260,2024-12-09,Sharjah,Consumer,Furniture,Bookcases,7,0.3,1332.34,133.23
ORD-105966,2024-12-09,Dubai,Corporate,Office Supplies,Binders,3,0.0,169.91,71.36
ORD-100373,2024-12-10,Abu Dhabi,SMB,Furniture,Bookcases,1,0.3,608.17,60.82
ORD-102257,2024-12-10,Dubai,Corporate,Technology,Accessories,5,0.0,3596.04,575.37
ORD-104580,2024-12-10,Northern Emirates,Consumer,Technology,Laptops,2,0.0,1118.32,178.93
ORD-103074,2024-12-10,Dubai,Consumer,Furniture,Chairs,5,0.0,1442.99,404.04
ORD-100621,2024-12-10,Dubai,Consumer,Office Supplies,Pens,7,0.15,324.17,106.98
ORD-101352,2024-12-10,Sharjah,Consumer,Furniture,Tables,1,0.0,445.3,124.68
ORD-101680,2024-12-10,Dubai,Consumer,Furniture,Tables,4,0.0,2275.28,637.08
ORD-102446,2024-12-10,Dubai,Corporate,Office Supplies,Storage,8,0.0,481.3,202.15
ORD-103056,2024-12-11,Dubai,SMB,Technology,Phones,3,0.1,1135.0,113.5
ORD-102432,2024-12-11,Abu Dhabi,Corporate,Furniture,Bookcases,3,0.15,1453.78,276.22
ORD-105329,2024-12-11,Abu Dhabi,Consumer,Furniture,Bookcases,5,0.1,2983.8,656.44
ORD-105567,2024-12-11,Abu Dhabi,Consumer,Furniture,Tables,7,0.15,5206.48,989.23
ORD-103505,2024-12-11,Northern Emirates,Consumer,Office Supplies,Binders,2,0.1,136.7,49.21
ORD-102472,2024-12-11,Sharjah,Consumer,Technology,Monitors,8,0.0,4827.0,772.32
ORD-103955,2024-12-11,Sharjah,Corporate,Office Supplies,Paper,1,0.0,23.57,9.9
ORD-105136,2024-12-12,Dubai,Consumer,Technology,Laptops,2,0.0,918.02,146.88
ORD-102856,2024-12-12,Abu Dhabi,Consumer,Technology,Monitors,4,0.1,3028.44,302.84
ORD-102744,2024-12-12,Dubai,Consumer,Technology,Accessories,4,0.2,2669.56,106.78
ORD-101570,2024-12-12,Sharjah,Corporate,Technology,Accessories,6,0.1,1421.33,142.13
ORD-104811,2024-12-12,Sharjah,Corporate,Office Supplies,Storage,3,0.1,135.51,48.78
ORD-104324,2024-12-12,Dubai,Consumer,Office Supplies,Pens,4,0.0,217.05,91.16
ORD-104466,2024-12-12,Sharjah,Consumer,Furniture,Bookcases,7,0.1,2167.85,476.93
ORD-103907,2024-12-12,Dubai,SMB,Furniture,Tables,4,0.0,757.54,212.11
ORD-103144,2024-12-12,Abu Dhabi,Consumer,Office Supplies,Binders,8,0.15,455.6,150.35
ORD-101133,2024-12-12,Dubai,Corporate,Office Supplies,Storage,1,0.15,47.72,15.75
ORD-104641,2024-12-12,Dubai,SMB,Technology,Accessories,6,0.0,2564.05,410.25
ORD-104308,2024-12-13,Dubai,SMB,Office Supplies,Pens,2,0.0,32.18,13.52
ORD-104927,2024-12-13,Northern Emirates,Corporate,Office Supplies,Binders,7,0.0,242.01,101.64
ORD-103607,2024-12-13,Abu Dhabi,Corporate,Office Supplies,Pens,2,0.0,113.43,47.64
ORD-104335,2024-12-13,Dubai,Consumer,Office Supplies,Storage,6,0.1,290.04,104.41
ORD-104988,2024-12-13,Abu Dhabi,Consumer,Furniture,Chairs,1,0.0,296.43,83.0
ORD-104080,2024-12-13,Dubai,SMB,Office Supplies,Storage,6,0.0,48.0,20.16
ORD-101418,2024-12-13,Dubai,Corporate,Furniture,Tables,1,0.0,483.93,135.5
ORD-102294,2024-12-13,Sharjah,SMB,Technology,Phones,2,0.1,1436.95,143.7
ORD-100460,2024-12-13,Dubai,Corporate,Technology,Laptops,3,0.0,2897.6,463.62
ORD-101150,2024-12-13,Abu Dhabi,Consumer,Technology,Monitors,7,0.15,3422.5,239.58
ORD-104411,2024-12-14,Abu Dhabi,Consumer,Furniture,Tables,8,0.15,1866.73,354.68
ORD-102239,2024-12-14,Abu Dhabi,Corporate,Technology,Monitors,1,0.0,806.1,128.98
ORD-100628,2024-12-14,Dubai,Corporate,Office Supplies,Pens,5,0.3,324.48,77.88
ORD-100538,2024-12-14,Northern Emirates,SMB,Furniture,Bookcases,5,0.0,1767.99,495.04
ORD-103219,2024-12-14,Dubai,Consumer,Furniture,Bookcases,8,0.2,1985.45,317.67
ORD-101479,2024-12-14,Sharjah,Consumer,Office Supplies,Paper,4,0.0,238.34,100.1
ORD-100003,2024-12-14,Abu Dhabi,Consumer,Office Supplies,Paper,1,0.3,47.9,11.5
ORD-100073,2024-12-14,Abu Dhabi,Consumer,Office Supplies,Storage,1,0.0,71.41,29.99
ORD-101313,2024-12-14,Northern Emirates,Consumer,Office Supplies,Pens,5,0.15,280.3,92.5
ORD-105542,2024-12-14,Dubai,Consumer,Office Supplies,Storage,1,0.0,65.88,27.67
ORD-101362,2024-12-15,Sharjah,Corporate,Technology,Monitors,5,0.0,7493.17,1198.91
ORD-102696,2024-12-15,Sharjah,SMB,Technology,Laptops,8,0.0,5188.65,830.18
ORD-104496,2024-12-15,Sharjah,Consumer,Furniture,Storage,5,0.0,1425.95,399.27
ORD-101581,2024-12-15,Dubai,Consumer,Furniture,Storage,6,0.0,2347.45,657.29
ORD-100689,2024-12-15,Abu Dhabi,Corporate,Furniture,Storage,2,0.15,1086.42,206.42
ORD-100254,2024-12-16,Dubai,SMB,Office Supplies,Paper,8,0.15,354.98,117.14
ORD-100205,2024-12-16,Northern Emirates,Consumer,Furniture,Chairs,4,0.0,1826.82,511.51
ORD-100466,2024-12-16,Sharjah,Corporate,Furniture,Bookcases,8,0.15,5142.71,977.11
ORD-102044,2024-12-16,Dubai,Consumer,Office Supplies,Paper,1,0.15,34.22,11.29
ORD-103145,2024-12-16,Sharjah,Consumer,Office Supplies,Paper,8,0.0,383.35,161.01
ORD-103825,2024-12-16,Sharjah,Corporate,Furniture,Bookcases,5,0.1,1407.57,309.67
ORD-105165,2024-12-17,Dubai,Consumer,Furniture,Bookcases,5,0.0,3004.07,841.14
ORD-104193,2024-12-17,Northern Emirates,Corporate,Office Supplies,Pens,1,0.0,61.03,25.63
ORD-101213,2024-12-17,Dubai,Consumer,Technology,Phones,7,0.2,5923.06,236.92
ORD-105362,2024-12-17,Abu Dhabi,SMB,Office Supplies,Storage,7,0.0,511.14,214.68
ORD-105558,2024-12-18,Abu Dhabi,SMB,Technology,Laptops,3,0.0,990.57,158.49
ORD-102693,2024-12-18,Sharjah,Corporate,Furniture,Storage,3,0.15,1164.67,221.29
ORD-104849,2024-12-18,Sharjah,SMB,Office Supplies,Pens,1,0.0,15.9,6.68
ORD-101204,2024-12-18,Dubai,Consumer,Furniture,Bookcases,6,0.15,2192.8,416.63
ORD-104343,2024-12-18,Sharjah,Corporate,Technology,Phones,8,0.1,3315.53,331.55
ORD-104714,2024-12-18,Dubai,SMB,Office Supplies,Paper,2,0.2,16.0,4.8
ORD-105532,2024-12-18,Dubai,Consumer,Technology,Monitors,4,0.0,4039.86,646.38
ORD-103499,2024-12-18,Dubai,SMB,Furniture,Chairs,1,0.1,343.03,75.47
ORD-104652,2024-12-18,Dubai,Consumer,Technology,Accessories,4,0.0,2829.28,452.68
ORD-101182,2024-12-18,Dubai,Consumer,Technology,Phones,3,0.1,2025.23,202.52
ORD-105908,2024-12-19,Sharjah,SMB,Technology,Monitors,7,0.1,4407.26,440.73
ORD-102479,2024-12-19,Dubai,Corporate,Office Supplies,Storage,6,0.15,82.03,27.07
ORD-104835,2024-12-19,Northern Emirates,Corporate,Furniture,Storage,8,0.15,3803.5,722.67
ORD-100162,2024-12-19,Sharjah,Corporate,Furniture,Chairs,8,0.2,4153.98,664.64
ORD-102731,2024-12-19,Abu Dhabi,Corporate,Technology,Phones,1,0.0,326.17,52.19
ORD-100729,2024-12-19,Sharjah,Corporate,Technology,Phones,4,0.15,1679.39,117.56
ORD-105148,2024-12-19,Sharjah,Consumer,Office Supplies,Pens,8,0.0,359.54,151.01
ORD-103849,2024-12-19,Abu Dhabi,SMB,Technology,Phones,2,0.0,1223.23,195.72
ORD-103949,2024-12-19,Dubai,Consumer,Office Supplies,Binders,6,0.15,186.35,61.5
ORD-103656,2024-12-20,Sharjah,Corporate,Technology,Phones,1,0.0,855.08,136.81
ORD-100378,2024-12-20,Abu Dhabi,Corporate,Furniture,Storage,8,0.0,2794.75,782.53
ORD-105048,2024-12-20,Sharjah,SMB,Technology,Laptops,2,0.1,1295.52,129.55
ORD-103715,2024-12-20,Abu Dhabi,SMB,Furniture,Storage,6,0.0,1738.52,486.79
ORD-105065,2024-12-20,Dubai,Consumer,Office Supplies,Paper,7,0.2,455.33,136.6
ORD-101866,2024-12-20,Sharjah,Consumer,Furniture,Tables,8,0.1,5149.26,1132.84
ORD-103472,2024-12-20,Dubai,Corporate,Office Supplies,Binders,7,0.1,413.43,148.83
ORD-104537,2024-12-20,Dubai,SMB,Office Supplies,Binders,4,0.0,297.01,124.74
ORD-104638,2024-12-20,Abu Dhabi,Consumer,Office Supplies,Paper,4,0.0,192.86,81.0
ORD-105383,2024-12-21,Dubai,Corporate,Furniture,Tables,5,0.15,2770.79,526.45
ORD-105060,2024-12-21,Dubai,Corporate,Office Supplies,Binders,5,0.0,380.56,159.84
ORD-105581,2024-12-21,Sharjah,SMB,Office Supplies,Pens,6,0.15,145.97,48.17
ORD-104427,2024-12-21,Abu Dhabi,Consumer,Office Supplies,Pens,5,0.1,168.74,60.75
ORD-103827,2024-12-21,Northern Emirates,Corporate,Technology,Laptops,6,0.0,1996.15,319.38
ORD-105363,2024-12-21,Abu Dhabi,Consumer,Office Supplies,Pens,5,0.1,213.11,76.72
ORD-101977,2024-12-22,Abu Dhabi,Consumer,Furniture,Tables,3,0.0,798.66,223.62
ORD-104685,2024-12-22,Dubai,Consumer,Technology,Phones,2,0.15,1180.95,82.67
ORD-100362,2024-12-22,Northern Emirates,SMB,Technology,Monitors,3,0.2,2168.39,86.74
ORD-101177,2024-12-22,Abu Dhabi,Consumer,Office Supplies,Storage,6,0.1,419.25,150.93
ORD-101824,2024-12-22,Abu Dhabi,Consumer,Office Supplies,Paper,2,0.15,95.16,31.4
ORD-102370,2024-12-22,Abu Dhabi,SMB,Furniture,Bookcases,6,0.0,2754.52,771.27
ORD-100457,2024-12-22,Dubai,Consumer,Furniture,Bookcases,4,0.0,1254.85,351.36
ORD-104341,2024-12-23,Northern Emirates,Consumer,Technology,Monitors,4,0.0,2724.3,435.89
ORD-104065,2024-12-23,Dubai,Corporate,Technology,Phones,1,0.0,600.55,96.09
ORD-104400,2024-12-23,Dubai,Consumer,Office Supplies,Paper,2,0.0,59.52,25.0
ORD-105813,2024-12-23,Abu Dhabi,Consumer,Office Supplies,Pens,1,0.1,56.92,20.49
ORD-104114,2024-12-23,Abu Dhabi,Corporate,Technology,Phones,2,0.0,2261.95,361.91
ORD-104889,2024-12-23,Sharjah,Consumer,Furniture,Storage,6,0.0,3017.41,844.87
ORD-104545,2024-12-23,Abu Dhabi,Corporate,Office Supplies,Pens,3,0.0,129.07,54.21
ORD-102321,2024-12-23,Dubai,SMB,Technology,Accessories,2,0.0,954.96,152.79
ORD-101788,2024-12-23,Abu Dhabi,Consumer,Furniture,Storage,1,0.1,378.1,83.18
ORD-100766,2024-12-23,Abu Dhabi,Consumer,Office Supplies,Storage,6,0.15,331.23,109.31
ORD-105190,2024-12-24,Dubai,Consumer,Office Supplies,Paper,4,0.0,193.02,81.07
ORD-105219,2024-12-24,Northern Emirates,Corporate,Furniture,Storage,2,0.0,877.3,245.64
ORD-105842,2024-12-24,Abu Dhabi,Consumer,Furniture,Chairs,4,0.0,952.98,266.83
ORD-104076,2024-12-24,Dubai,Consumer,Technology,Accessories,4,0.0,2936.27,469.8
ORD-101407,2024-12-24,Sharjah,Consumer,Technology,Laptops,5,0.0,2862.78,458.04
ORD-105087,2024-12-24,Abu Dhabi,Corporate,Office Supplies,Storage,6,0.0,146.03,61.33
ORD-105748,2024-12-25,Abu Dhabi,Consumer,Furniture,Tables,3,0.1,1315.88,289.49
ORD-103975,2024-12-25,Dubai,Corporate,Office Supplies,Pens,1,0.2,71.66,21.5
ORD-103126,2024-12-25,Sharjah,Consumer,Office Supplies,Binders,6,0.0,355.5,149.31
ORD-102236,2024-12-25,Abu Dhabi,Consumer,Furniture,Bookcases,2,0.15,1137.27,216.08
ORD-103281,2024-12-25,Sharjah,Consumer,Furniture,Chairs,8,0.15,2951.77,560.84
ORD-100283,2024-12-25,Abu Dhabi,Corporate,Technology,Monitors,4,0.1,2410.46,241.05
ORD-105050,2024-12-25,Sharjah,Consumer,Technology,Accessories,3,0.0,2055.92,328.95
ORD-100286,2024-12-25,Dubai,Consumer,Furniture,Bookcases,1,0.2,548.75,87.8
ORD-100828,2024-12-26,Northern Emirates,Corporate,Furniture,Bookcases,7,0.1,3428.17,754.2
ORD-100183,2024-12-26,Abu Dhabi,SMB,Furniture,Storage,6,0.0,3471.1,971.91
ORD-105486,2024-12-26,Northern Emirates,Consumer,Technology,Monitors,8,0.15,6240.65,436.85
ORD-103908,2024-12-26,Northern Emirates,Corporate,Technology,Accessories,4,0.2,3756.89,150.28
ORD-104073,2024-12-26,Sharjah,Consumer,Technology,Accessories,6,0.15,3013.13,210.92
ORD-103778,2024-12-26,Dubai,Corporate,Technology,Monitors,4,0.15,2431.79,170.23
ORD-100062,2024-12-27,Dubai,Corporate,Technology,Accessories,4,0.0,2671.77,427.48
ORD-101885,2024-12-27,Dubai,Corporate,Technology,Accessories,5,0.1,2361.8,236.18
ORD-103007,2024-12-27,Sharjah,SMB,Furniture,Storage,7,0.1,1371.59,301.75
ORD-100598,2024-12-27,Dubai,Corporate,Office Supplies,Storage,5,0.1,111.33,40.08
ORD-100396,2024-12-27,Sharjah,Consumer,Office Supplies,Pens,8,0.0,326.44,137.1
ORD-102679,2024-12-27,Dubai,SMB,Furniture,Chairs,5,0.15,1643.18,312.2
ORD-105072,2024-12-27,Abu Dhabi,Corporate,Technology,Phones,7,0.15,6139.59,429.77
ORD-101773,2024-12-27,Dubai,Corporate,Furniture,Tables,4,0.0,1863.09,521.67
ORD-101514,2024-12-28,Sharjah,Corporate,Furniture,Tables,1,0.2,447.75,71.64
ORD-102263,2024-12-28,Sharjah,Consumer,Office Supplies,Binders,8,0.0,277.42,116.52
ORD-103986,2024-12-28,Dubai,Consumer,Technology,Monitors,3,0.2,1975.79,79.03
ORD-103335,2024-12-28,Abu Dhabi,Corporate,Furniture,Bookcases,4,0.15,2359.19,448.25
ORD-102013,2024-12-28,Northern Emirates,Corporate,Technology,Phones,5,0.0,4316.26,690.6
ORD-102051,2024-12-28,Dubai,Consumer,Furniture,Tables,4,0.0,2189.97,613.19
ORD-101247,2024-12-28,Abu Dhabi,Corporate,Furniture,Chairs,3,0.1,1639.5,360.69
ORD-101551,2024-12-29,Sharjah,Consumer,Technology,Monitors,8,0.1,6955.64,695.56
ORD-101842,2024-12-29,Dubai,Consumer,Furniture,Tables,3,0.1,1715.98,377.52
ORD-101500,2024-12-29,Sharjah,Corporate,Furniture,Chairs,8,0.0,5151.67,1442.47
ORD-102568,2024-12-29,Northern Emirates,Consumer,Furniture,Tables,6,0.15,3238.9,615.39
ORD-103962,2024-12-29,Dubai,Corporate,Furniture,Bookcases,5,0.1,1707.33,375.61
ORD-104157,2024-12-29,Abu Dhabi,Consumer,Technology,Phones,8,0.15,4664.47,326.51
ORD-102779,2024-12-29,Abu Dhabi,Corporate,Technology,Phones,7,0.0,4739.48,758.32
ORD-100299,2024-12-29,Sharjah,SMB,Office Supplies,Paper,5,0.1,150.73,54.26
ORD-104572,2024-12-29,Dubai,Consumer,Furniture,Storage,1,0.3,334.88,33.49
ORD-102341,2024-12-29,Dubai,Consumer,Office Supplies,Paper,3,0.0,88.32,37.09
ORD-102893,2024-12-30,Sharjah,SMB,Furniture,Tables,2,0.0,784.51,219.66
ORD-101453,2024-12-30,Dubai,Consumer,Office Supplies,Storage,7,0.0,465.7,195.59
ORD-102993,2024-12-30,Sharjah,Consumer,Furniture,Chairs,7,0.0,2018.31,565.13
ORD-105806,2024-12-30,Abu Dhabi,SMB,Office Supplies,Paper,4,0.0,168.8,70.9
ORD-105881,2024-12-30,Sharjah,Consumer,Furniture,Bookcases,8,0.15,2417.29,459.29
ORD-102169,2024-12-30,Dubai,Consumer,Technology,Laptops,2,0.3,346.68,-6.93
ORD-100713,2024-12-30,Dubai,Corporate,Technology,Laptops,7,0.2,2160.04,86.4
ORD-100611,2024-12-30,Abu Dhabi,Consumer,Technology,Accessories,3,0.0,2862.15,457.94
ORD-102721,2024-12-31,Northern Emirates,SMB,Technology,Laptops,8,0.15,6437.36,450.62
ORD-101340,2024-12-31,Abu Dhabi,Consumer,Technology,Monitors,1,0.0,355.66,56.91
ORD-105597,2024-12-31,Dubai,Consumer,Office Supplies,Binders,4,0.1,159.34,57.36
ORD-105736,2024-12-31,Sharjah,Consumer,Technology,Monitors,3,0.1,699.96,70.0
ORD-102082,2024-12-31,Sharjah,Consumer,Office Supplies,Paper,1,0.2,40.82,12.25
ORD-100292,2024-12-31,Dubai,Corporate,Furniture,Storage,6,0.0,2993.91,838.29
